3418.575485712539	375	4.0	0.18615649586402633	164106	186.15649586402634	0.0074682836	0.27498900157638806
3419.1667713009147	1750	7.40871441162439	0.0	790390	591.2855883756096	1.574606	-0.7675955360180133
3420.1689312767176	3000	7.926355465842673	0.0	1367292	982.3589457817184	0.20724076	-0.5040014686606792
3433.65197098236	3000	4.0	5.556684239799748	1332478	13483.03970564242	0.014027214	-0.7494667612619166
3434.1280843198288	3000	7.523886662531709	0.0	1333164	476.11333746829143	0.016469765	0.7714687919637282
3436.050129468505	3000	7.532841124758124	0.0	1383420	491.04553777358507	0.014863964	0.7705352258223499
3436.9561408906566	3000	7.5053352191336815	0.0	1368708	527.5059056244431	0.009028528	0.7651700699357363
3440.636826812181	3000	7.814245016634912	0.0	1362929	2691.09020249877	0.011295615	0.5681185025921307
3454.2977200338955	3000	4.0	5.846648205079775	1420497	13660.893221714687	0.013624815	-0.7672521128691432
3455.0025631927233	3000	7.29515684117242	0.0	1423381	704.8431588275804	0.012429698	0.7343001959928438
3456.1890588636593	3000	7.61207505549047	0.0	1373809	683.0817856819497	0.011929046	0.7562837217022851
3458.057308362059	3000	7.639657248917642	0.0	1112193	472.41780657282794	0.011360558	0.7790740067023955
3458.848491152761	3000	7.901981699479839	0.0	1328854	737.6755494378026	0.0074682836	0.7689435105760353
3461.6935558031937	3000	7.71620299489571	0.0	1381679	685.7787045841292	0.015098369	0.7625220260248945
3466.751723713745	3000	6.658035084344386	0.0	1285439	5058.167910551324	0.010525041	0.2591476110187173
3472.2749789859654	3000	5.134779812123987	0.0	1402207	5523.255272220399	0.010945195	0.11743542033803489
3473.6670915786794	3000	7.742667219409672	0.0	1454643	1392.1125927143144	0.013447735	0.6935426512439986
3475.385752927255	3000	7.7467474057879775	0.0	1466920	995.9198136216943	0.008253202	0.7334169408019048
3478.634749414328	3000	7.943619929728062	0.0	1445444	803.1274760599157	0.0124774845	0.7650007073043378
3481.2629893934927	3000	7.5624344456524435	0.0	1544415	881.1854840756183	0.011275639	0.7333708137480415
3487.6595728472416	3000	5.16585099190359	0.0	1230619	6396.583453748853	0.012744105	0.03204455092141478
3489.135566390915	3000	7.689857448230441	0.0	1344752	475.99354367314936	0.012065448	0.7818539454494131
3490.0141193013883	3000	7.6903967392491905	0.0	1424444	499.4607089812513	0.01194231	0.7795409346072749
3490.6117215388063	3000	7.7911417212863485	0.0	1320762	399.2550179628416	0.0089369975	0.7958580650864382
3494.816633817585	3000	7.586229442507312	0.0	1528509	3204.9122787790357	0.009055245	0.5024853215811291
3495.2562573615005	3000	7.706547419663833	0.0	1325340	379.68202284347893	0.010986632	0.7925282207469673
3498.617121605134	3000	7.766086058383171	0.0	1564943	440.4613612806634	0.011176929	0.7901714518232075
3500.2815854453133	3000	7.604055579469896	0.0	1275856	662.0304789132739	0.0087618735	0.7578876351278667
3501.098514250912	3000	7.906807857303335	0.0	1212680	197.24772216656132	0.011782961	0.8232879281671278
3502.9041874213995	3000	7.773811813775963	0.0	1341570	132.99604352737126	0.008303638	0.8214008433105862
3503.55464161567	3000	7.994923280120907	0.0	1236403	278.8885336550546	0.008713204	0.8206310609443768
3508.6119329229123	3000	6.937631972878151	0.0	1289105	5057.291307242756	0.0074682836	0.27671007688293425
3511.5167667757805	3000	7.869643530373094	0.0	1405471	2567.988442505057	0.009415606	0.5838910857001383
3519.953649046381	3000	4.0	0.5672387402275272	1440996	8436.882270600621	0.011887242	-0.24485101775773666
3524.4478322104737	3000	4.0	0.4941831640925484	1300168	4494.183164092548	0.027124489	0.14941889289307075
3533.6032439641313	3000	4.0	5.15541175365796	1437767	9155.41175365796	0.021202419	-0.3167039660634705
3536.573574198468	3000	5.0296697656632805	0.0	1308691	2970.33023433672	0.01092426	0.3661585462226087
3547.5016743930873	3000	4.0	5.898430428955857	1197775	10928.100194619137	0.015333133	-0.49397281015958816
3548.0798076622605	3000	7.421866730827068	0.0	1293979	578.1332691729324	0.012827882	0.7548905530617241
3548.6508293335414	3000	7.926299043609022	0.0	1079502	495.56768721804514	0.010827156	0.7946741308060851
3551.339177376399	3000	7.829852014211883	0.0	1285314	596.4470293971401	0.0076596914	0.7785582572508543
3552.5446513933707	3000	7.733065512456542	0.0	1424204	1096.7865017553402	0.010243066	0.7224751536553254
3553.9202373833928	3000	7.809616275053512	0.0	1394874	423.4492374030307	0.008142037	0.794593302752867
3557.2133123985886	3000	7.599147143765	0.0	1379930	1210.4691312885113	0.009756593	0.702736992658787
3562.2345546485303	3000	6.577904893823481	0.0	1472916	5021.242249941519	0.007735166	0.25783204017214134
3562.954579293667	3000	7.939816638179597	0.0	1170132	138.0882556438847	0.011942128	0.8312669236241619
3564.792289325216	3000	7.77192981715138	0.0	1439880	167.88682102821656	0.007841671	0.8177941407714652
3568.1820115446953	3000	7.621980312672458	0.0	1230048	2649.9495044789214	0.0076949256	0.5602160283964621
3571.9029089384007	3000	7.901082918966693	0.0	1372727	1720.8973937057658	0.008907849	0.6705651523671673
3572.5881561819515	2350	7.958794351544238	0.0	1191789	442.2885674224548	0.01377415	0.07645160418275782
3576.480786819659	3000	7.593958370754299	0.0	1089446	364.8359807899393	0.047268808	0.13697600939547538
3577.019154406831	3000	7.798671905627478	0.0	1258527	295.2864651268213	0.0121228695	0.8067255568913608
3577.705256002191	3000	7.787161668969992	0.0	1175949	511.51023665748534	0.009160946	0.7843837899472016
3578.5418363111694	3000	7.6661671938318685	0.0	1325592	620.9944751381215	0.008723745	0.7658732114030052
3587.8661619681156	3000	4.0	1.6581584631145998	1299792	9324.325656946468	0.010246882	-0.3335953563923213
3593.7658790632545	3000	4.0	1.8997170951389188	1432775	5899.717095138919	0.015371492	0.00886549978843365
3596.026702963527	3000	5.739176099727778	0.0	1569666	2260.823900272222	0.016040063	0.4814533255080895
3597.8270086272914	3000	7.938870435963293	0.0	1350199	1800.305663764485	0.013439564	0.664986045173583
3601.572630602889	3000	7.56693852315476	0.0	1313429	1871.9319128085335	0.013070445	0.6345776757186448
3605.443852362246	3000	7.695716763797864	0.0	1238991	3371.221759356896	0.012538482	0.4926973311040025
3606.6824848991196	3000	7.8538564064339775	0.0	1438759	841.860357363887	0.012855906	0.7555171989680605
3609.981425564177	3000	7.612772163660007	0.0	1259522	741.0842427739698	0.010306981	0.7505270452536791
3616.6528154563266	3000	4.9413822715102915	0.0	1306445	6671.389892149716	0.010632512	-0.00946538794325269
3624.8469337846996	3000	4.0	3.2527360568625854	1471908	8194.118328372877	0.009429293	-0.22057462353496216
3628.6579104727853	3000	4.189023311914412	0.0	1232684	3810.976688085588	0.011240807	0.22955349748841752
3630.349749609481	3000	6.49718417521825	0.0	1440839	1691.8391366961614	0.014106456	0.5857273065838501
3631.350798934843	3000	7.7217497463309135	0.0	1487895	775.4344288873374	0.011110611	0.753903125559274
3634.7093078497123	3000	7.615302737134118	0.0	1157120	2106.447009196796	0.010729514	0.6141489294535284
3639.58104353927	3000	6.743567047576438	0.0	1458289	4871.7356895576795	0.01031022	0.283136580820085
3642.66748259662	3000	7.657127990226143	0.0	1262490	2586.4390573502947	0.011062423	0.56876380295643
3646.627355632838	3000	7.697254954008433	0.0	1379866	3459.8730362177107	0.01142956	0.4839283403060816
3650.454275469692	3000	7.870335117153971	0.0	1233655	2826.9198368544626	0.009824444	0.5580411704390025
3653.9462834651567	3000	7.650345882247962	0.0	1584221	2719.9892349060083	0.00919264	0.5549849034522224
3657.7090955254694	3000	7.887533821935518	0.0	1332640	1262.8120603124441	0.010697372	0.7155268671420512
3660.68079662949	3000	7.589098680360588	0.0	1462198	1298.4351415749302	0.011118267	0.6933123626673694
3667.146109303195	3000	5.123786006655512	0.0	1255023	6465.312673705077	0.011248529	0.022542567347787368
3668.3808156175446	3000	7.8890796923060265	0.0	1420815	734.7063143494853	0.012622009	0.7684340586365037
3670.299999610446	3000	7.729630171102195	0.0	1257496	659.4495212038304	0.010156609	0.7659941428758297
3672.8938038584124	3000	7.5225952829676315	0.0	1391009	207.03488813456386	0.009733699	0.7982959256743462
3678.35854843761	3000	6.057850703770417	0.0	1474415	5464.744579197214	0.009023672	0.1809784203682553
3680.914321609058	3000	7.502077532322077	0.0	1254935	555.77317144834	0.009881536	0.7621397379276214
3682.762640418404	3000	7.839561682884236	0.0	1396226	662.5158494378404	0.009734606	0.7725582295388064
3684.963063770756	3000	7.542251486661973	0.0	1564597	797.310196222263	0.008832175	0.7404969075964727
3686.905140589914	3000	7.982769655148204	0.0	1352493	1059.4818315137688	0.016029589	0.7418121295977115
3691.1236551889497	3000	7.764255056112133	0.0	1296879	2218.514599036071	0.008519838	0.6122516904057268
3692.345134590355	3000	7.624070148749686	0.0	1503627	140.18490736244712	0.015796486	0.8113231028629363
3695.3715623589737	3000	7.8615035114615655	0.0	1539330	262.56663728812055	0.008648688	0.8139245150398614
3696.511089395357	3000	7.63367055893522	0.0	1451338	227.83295252634508	0.0081941355	0.8031583239831424
3699.1200835427153	3000	7.995020527184446	0.0	1377803	2138.650031750775	0.007800149	0.634660989076276
3703.4318567075347	3000	7.68324736236518	0.0	1242461	1811.7731648192653	0.008167053	0.6478628529682229
3704.4002735920417	3000	7.760097560325124	0.0	1168173	423.1498020400548	0.012326533	0.7915283266186404
3718.075587097651	3000	4.0	5.915215945283995	1295928	13675.31350560912	0.0111304745	-0.7686941412585864
3719.1375925566795	3000	6.937994540971345	0.0	1492556	1062.0054590286554	0.03327672	0.6762613222101691
3720.8749268281063	3000	7.825620428809271	0.0	1338861	612.3741121620749	0.008999627	0.7767010748866975
3722.8870134310587	3000	7.842057206965212	0.0	1315797	983.5632218440581	0.012859308	0.7406094625532454
3726.9478831475353	3000	7.535884039281144	0.0	1355553	1806.1731676840673	0.011006306	0.6392126449889903
3728.630022790431	3000	7.53216249222964	0.0	1308409	1503.7215470515027	0.01554096	0.6692252103615278
3731.707756352856	3000	7.542504758939358	0.0	1408605	989.6577332902809	0.011650519	0.7212779834070073
3736.364646872774	3000	6.885614239021392	0.0	1463362	4656.890519917965	0.010170923	0.31349904724936606
3738.2527033872598	3000	7.585569156305131	0.0	1376798	1300.0450827162615	0.0128992535	0.6929307732997702
3741.2364473426396	3000	7.8477028945003715	0.0	1311328	1737.8662618047604	0.00812671	0.6655320140281228
3748.3712544317523	3000	4.71289580538778	0.0	1318190	7134.807089112591	0.012402229	-0.07008751177219719
3756.2786332414976	3000	4.0	3.19448300435698	1378890	7907.3788097447605	0.01426934	-0.19190067167215052
3756.474502737649	3000	7.804130503848777	0.0	1335745	195.86949615122296	0.015406272	0.8170084161777519
3756.963491954731	3000	7.606102439600929	0.0	1360629	198.02806424784845	0.010510655	0.8044158053525988
3766.045270574926	3000	4.0	1.4756761805936058	1453048	9081.778620194535	0.0074893814	-0.30934065271712785
3766.6307197549772	3000	7.414550819948569	0.0	1423784	585.4491800514313	0.014942938	0.753701717543968
3770.200519998599	3000	7.8447505763269945	0.0	1379703	569.8002436215745	0.00940901	0.7821540959606053
3771.2157236821317	3000	7.780143332911766	0.0	1365075	564.6072434152284	0.010283615	0.7786354432677881
3774.6407097686556	3000	7.752948509708459	0.0	1343371	3027.1948232033064	0.010504121	0.5306770088387737
3778.5186273965155	3000	7.875030881848794	0.0	1303612	1877.9176278596665	0.009377997	0.6532348766319085
3779.133900511791	3000	7.875248769801235	0.0	1399913	499.78211204755826	0.008765966	0.7910620462101469
3788.0174482008783	3000	4.0	1.008298919285804	1391373	8883.54768908704	0.009738435	-0.2895175596063785
3791.4930495058134	3000	4.524398695064691	0.0	1382649	3475.601304935309	0.017296635	0.28405199725033786
3792.064943142898	3000	7.952505057980329	0.0	1392142	571.8936370843612	0.009149074	0.7886794117176601
3793.4072867068494	3000	7.869100093170368	0.0	1424721	583.4049648099606	0.012384727	0.7823154686444775
3796.7198981062425	3000	7.80226369304451	0.0	1324912	566.8364001258578	0.010645374	0.7797950501050217
3800.626879184493	3000	7.895282614793578	0.0	1443471	3406.981078250931	0.011611335	0.5015942649018311
3801.811419900756	3000	7.799390295421477	0.0	1405784	595.8923193721	0.010709551	0.7767098708289579
3806.2650074557127	3000	7.345802740464584	0.0	1347214	4453.587554956894	0.010097519	0.3625911250856727
3814.5158604611893	3000	4.0	0.9050502650119815	1434388	8250.853005476565	0.011867199	-0.22624809124533085
3817.918884141033	3000	4.596976320156986	0.0	1496199	3403.0236798430137	0.010915482	0.29584586132783586
3821.201494370796	3000	5.314366090393711	0.0	1548116	3282.610229763275	0.013267394	0.352724066975605
3824.6801066202156	3000	5.835753840973741	0.0	1502696	3478.6122494199694	0.015000922	0.3657105994211874
3826.781569688326	3000	7.734290772863854	0.0	1450785	1101.4630681098865	0.011449538	0.7220840757953277
3827.0095108684495	3000	7.598719275029675	0.0	1480010	135.57149783418123	0.013108954	0.8102000142082622
3827.813493548952	3000	7.952912775923396	0.0	1530857	145.80649910627955	0.008070356	0.83131360788691
3830.0615051436234	3000	7.6179950692856675	0.0	1435867	334.9177066377283	0.007491527	0.791470130468907
3831.358900472768	3000	7.6358443487301395	0.0	1442022	482.1507205555285	0.0074682836	0.7778624090424064
3832.650464141971	3000	7.60768481842312	0.0	1516569	528.1595303070188	0.0074682836	0.7715015574230687
3834.6278443989936	3000	7.710696759359787	0.0	1526659	396.9880590633329	0.009446001	0.791056950855979
3839.1810100074877	3000	7.157531150865858	0.0	1457488	4553.1656084939295	0.010561536	0.34086634538204874
3840.153018523958	3000	7.658305795857246	0.0	1592907	499.225355008611	0.011611939	0.7775587860425424
3841.8379724966408	3000	7.762220390246623	0.0	1196808	396.08540561062375	0.009281218	0.7943674431316772
3852.803335935334	3000	4.0	3.203143048446249	1368911	10965.363438692872	0.011495756	-0.4976991345669617
3853.1877196107753	3000	7.615616324558236	0.0	1401508	384.3836754417638	0.016318519	0.7863748620430389
3853.612426188484	3000	7.7525708763061525	0.0	1303258	363.0454482520843	0.012595154	0.7970683442462517
3855.627569410476	3000	7.985829830038361	0.0	1379183	266.74104626779024	0.012040727	0.8212774690529442
3857.0557815660086	3000	7.855924840134241	0.0	1421281	629.9049899041194	0.008619806	0.7768420128203037
3863.7522305561242	3000	5.159475850018416	0.0	1411013	6696.448990115825	0.011268546	0.0016595509168940703
3865.1252260754513	3000	7.7864803306914325	0.0	1517615	872.9955193269847	0.009710543	0.7481926780378416
3866.3174923094475	3000	7.931223051230681	0.0	1483668	855.2572794607518	0.011117604	0.759012922058168
3867.680629656501	3000	7.628158854971288	0.0	1469160	803.0641962593929	0.016863596	0.7452907181120918
3870.6010322283764	3000	7.907994144430831	0.0	1414724	720.1647105404566	0.007793996	0.7710703722752069
3882.536922850599	3000	4.0	4.0278964777915975	1403620	11935.890622222429	0.012463318	-0.5947518529199174
3883.5980919201456	3000	6.938830930452572	0.0	1516777	1061.1690695474283	0.015290345	0.6763972355008685
3885.65231663292	3000	7.870367350617457	0.0	1475611	1068.463579835115	0.011976795	0.7338888107324051
3899.1726289398957	3000	4.0	5.649944956358382	1361850	13520.312306975839	0.01181151	-0.7531940213952584
3899.690968766599	3000	7.481660173296836	0.0	1475282	518.3398267031632	0.010386284	0.7646069874630615
3901.1688724045803	3000	7.985414987613694	0.0	1400920	496.24518568314096	0.0134794	0.7983011274598674
3903.6808523353698	3000	7.93025424836847	0.0	1453291	555.1607392452245	0.009325493	0.7889620259008325
3906.9993537552145	3000	7.959413134217829	0.0	1360243	2470.84111415064	0.009248634	0.5992164187758758
3920.7791121919695	3000	4.0	5.8203453025368725	1474820	13779.758436754702	0.015109239	-0.7791386343731448
3921.4823855398076	3000	7.296726652161865	0.0	1419805	703.2733478381352	0.008093166	0.7345552902786286
3922.6745724432144	3000	7.598479245603976	0.0	1408356	698.2474065578898	0.011528563	0.753917421496785
3924.7203417072155	3000	7.532564362027666	0.0	1377183	565.91488357631	0.011372114	0.7630309935714237
3925.8074934259025	3000	7.688915692896713	0.0	1542976	843.6486691309526	0.0074682836	0.7450295731952749
3928.3520933891386	3000	7.998367236056691	0.0	1392558	690.5484568400227	0.015115363	0.7796803158718664
3933.674571672588	3000	6.675888952607044	0.0	1374985	5322.478283449646	0.010507432	0.23383244049530127
3939.468306642758	3000	4.882153982437225	0.0	1469212	5793.7349701698195	0.010752075	0.0745983361876702
3940.629308449453	3000	7.721152175741525	0.0	1395588	1161.0018066956993	0.013909236	0.715309039616601
3942.34992492426	3000	7.723477221692207	0.0	1469731	997.6749540493184	0.008160274	0.7317870402531566
3945.5052279518504	3000	7.967296468275796	0.0	1349760	756.1807534164112	0.012333991	0.7711751632279218
3947.948686487617	3000	7.655128337479498	0.0	1403261	812.168130796296	0.011399057	0.7460659173151647
3954.5037448062294	3000	5.100070018866745	0.0	1375674	6555.058318612753	0.012883934	0.012085753620221795
3956.012119810601	3000	7.591695014495658	0.0	1454716	508.3750043710879	0.012008234	0.7724806472711955
3956.9800745914995	3000	7.585079488023428	0.0	1448741	506.61552647222845	0.012013081	0.772243124656567
3957.7291414633787	3000	7.65121567929672	0.0	1463939	433.86380872670804	0.008942151	0.7836518083856998
3961.7986708309854	3000	7.5816863116899365	0.0	1436105	3069.529367606783	0.008924779	0.5157396670222683
3962.2866559080167	3000	7.668559988551657	0.0	1473247	413.12632313827913	0.011178347	0.7868095762729762
3965.5978269963553	3000	7.760403821328346	0.0	1424690	408.1561672233099	0.011274969	0.7930468314130161
3967.3851990231246	3000	7.528225268501577	0.0	1425806	732.1785528267689	0.00870543	0.7461334333009974
3968.2159663153066	3000	7.850438359381664	0.0	1011399	177.78690911991453	0.011968099	0.8217109158516881
3970.0699694409886	3000	7.709926988071955	0.0	1531817	140.51137130970972	0.008364843	0.8166565089258518
3970.7899718272415	3000	7.916671672131673	0.0	1325715	293.2553159402805	0.008647115	0.8143036572165271
3976.1005945828733	3000	6.606048916499714	0.0	1437520	5310.62275563196	0.0074682836	0.23065299102036174
3978.5793442896484	3000	7.905358976084226	0.0	1211748	2200.689940415488	0.009541407	0.6228531512660409
3986.7408866156125	3000	4.0	0.2561833498798478	1359817	8161.542325964074	0.011537576	-0.21731702329408187
3991.4747409772995	3000	4.0	0.7338543616867064	1379357	4733.854361686706	0.029528948	0.1254517731336549
3998.510786342094	3000	4.0	3.0360453647946404	1246619	7036.045364794641	0.021421071	-0.10476732717713855
4003.138594463957	3000	4.0	0.6278081218628204	1240893	4627.80812186282	0.011152694	0.1360563971160435
4014.6009322206432	3000	4.0	7.462337756686265	1424898	11462.337756686265	0.016914364	-0.547396566366301
4015.249773459741	3000	7.351158760902256	0.0	1477654	648.8412390977444	0.013865175	0.7434005079489421
4016.1787189134884	3000	7.70093050225564	0.0	1481257	650.2282586466165	0.010551084	0.7651225398286414
4019.140742671591	3000	7.569277220755295	0.0	1372934	631.653281500344	0.007581302	0.7587517074494972
4020.2806637684157	3000	7.624501910643495	0.0	1315490	944.7753101118002	0.010446933	0.7308910477063639
4020.8145266748193	3000	7.6651433507983695	0.0	1540715	459.35855984512614	0.008241164	0.781972812742711
4024.133141029595	3000	7.503088346689527	0.0	1270583	1162.0550041088425	0.009149611	0.7015747305595367
4029.0799000654974	3000	6.556329310787436	0.0	1445559	4946.759035902091	0.008024993	0.2639318876363313
4029.8301772730083	3000	7.90284990031672	0.0	1480172	153.47941047071623	0.01133209	0.827417387025049
4031.675448004641	3000	7.738613433020477	0.0	1380075	164.2364672962441	0.007633511	0.8160769021364811
4035.599006881325	3000	7.815054556336739	0.0	1324144	3923.558876683737	0.00756633	0.44492223140499815
4039.53787511321	3000	7.876186324452208	0.0	1402479	1938.8682318845315	0.009061513	0.6472120313921355
4040.3225663422145	3000	7.88557139640217	0.0	1350764	490.6149280500363	0.014053077	0.7926239287724576
4043.9032988736117	3000	7.952243281181025	0.0	1351416	433.3281152211461	0.018336333	0.802519602854025
4044.593498190422	3000	7.640845830863919	0.0	1352709	311.39745031710663	0.011499429	0.7952503286996099
4045.665031215938	3000	7.50448025135237	0.0	1516204	636.3655795115485	0.00912037	0.7542306670606939
4046.669917958728	3000	7.679620602959667	0.0	1507611	824.859648392703	0.008585902	0.7463275321480345
4056.1224262867017	3000	4.0	1.772887725013794	1342733	9452.50832797346	0.010029959	-0.3464136234950206
4062.234289420917	3000	4.0	2.111863134215103	1498235	6111.863134215103	0.0148954885	-0.012349104119184773
4064.1916704166065	3000	6.042619004310175	0.0	1483659	1957.3809956898258	0.015549289	0.5307627975027289
4066.6217781785667	3000	7.612511242349945	0.0	1450677	1930.1077619602295	0.012633489	0.6316083857531742
4069.140637763394	3000	7.669525107063009	0.0	1363221	2442.9861352869357	0.012427414	0.5838839149650701
4072.8701928556097	3000	7.9399700148472405	0.0	1286859	3229.5550922157695	0.012701598	0.5221298260087011
4074.4793566409644	3000	7.693102393047977	0.0	1259367	746.8676217992632	0.012438941	0.7549693466878978
4077.7815048655725	3000	7.93317636252139	0.0	1292210	759.9260305265882	0.010164211	0.7686681289072536
4085.199773112884	3000	4.514908115209679	0.0	1469106	7418.26824731171	0.010473553	-0.11080785822824046
4093.1170623940434	3000	4.0	3.4023811659496586	1470802	7917.289281159338	0.009558301	-0.19289171881360834
4097.592978569537	3000	4.0	0.4759161754939532	1460217	4475.916175493953	0.010816304	0.15124559175293018
4098.297030590582	3000	7.295947978955548	0.0	1335171	704.0520210444521	0.014039001	0.7344287558826021
4099.253850824417	3000	7.608411821583708	0.0	1299835	687.536157371839	0.010322776	0.7556093324141234
4102.334424477053	3000	7.912767033496773	0.0	1272350	1195.6447880869353	0.0099368505	0.7238206700871804
4106.744704695272	3000	7.502486815278433	0.0	1304855	4410.2802182183395	0.010493795	0.3767146134353937
4109.299955569633	3000	7.519965919481821	0.0	1259290	2482.520895796613	0.011077579	0.5705829896902782
4112.866487042836	3000	7.95343444627958	0.0	1475829	3566.531473202241	0.01125487	0.48927371487457516
4116.955586420767	3000	7.864335068349119	0.0	1527245	3589.0993779304617	0.009450994	0.48144821328109944
4119.657095393797	3000	7.757760996683024	0.0	1330322	2106.574071666094	0.009722848	0.6230398644284052
4121.403398862311	3000	7.642076713108021	0.0	1240575	1115.6842835750028	0.010090287	0.7148985755140767
4122.856199464202	3000	7.690986004631956	0.0	1268150	951.0907084760652	0.011956442	0.7344147637442162
4128.582510868869	3000	5.964674599965326	0.0	1130096	5726.31140466663	0.01125663	0.14899823133349555
4130.876835471072	3000	7.670349997762143	0.0	1550196	794.3246022031824	0.012670713	0.7488016239421413
4133.544862169104	3000	7.961009598885336	0.0	1365767	709.340398876809	0.010332525	0.7754662693449782
4136.799259532894	3000	7.77315406656743	0.0	1146989	187.85553231790698	0.009779399	0.8158737852309993
4141.501784096495	3000	7.070629502967626	0.0	1241655	4702.5245635998035	0.009306282	0.32049909687782185
4142.605385754623	3000	7.5013618714360675	0.0	1290529	569.2676315315572	0.009248922	0.760745563113924
4146.410240746233	3000	7.696506879825717	0.0	1442209	1804.8549916103505	0.010406765	0.6493833901303978
4149.081928389051	3000	7.950257567520563	0.0	1453223	746.2493123051531	0.0098096095	0.7711033760418454
4151.006874260345	3000	7.910503797129674	0.0	1325252	1039.7537703908895	0.015026806	0.7392683195838412
4152.290295478702	3000	7.671389238402526	0.0	1525000	1239.1145587271471	0.008571219	0.7043875808297687
4152.5044647697305	3000	7.546457922703689	0.0	1394244	124.93131569883724	0.015418661	0.8079976979014224
4153.458051622406	3000	7.824283484030591	0.0	1395786	222.17443867309825	0.008217802	0.8156374831869276
4155.5913840071335	3000	7.583323498667918	0.0	1297592	240.9599853626731	0.008163787	0.7986989294328032
4156.753243538096	3000	7.908579932869106	0.0	398047	674.7435657988121	0.008313877	0.7756490985267634
4157.827927583124	3000	7.574795892937345	0.0	100416	333.7840399317622	0.010420911	0.7888835486177334
4159.207504748771	3000	7.965457312661299	0.0	126276	109.33858027604533	0.020352466	0.8357444333160523
4163.949268101673	3000	7.223693959759674	0.0	122959	4741.763352901625	0.023546524	0.3261417464971427
4165.202587221	3000	7.522535369232512	0.0	81158	701.1585905271631	0.043983728	0.7488798108266412
4170.433242969016	3000	6.291879621216628	0.0	1270389	5230.655748015884	0.01022424	0.21901411082677658
4171.549426483135	3000	7.530696002563914	0.0	1354769	761.1836186527131	0.021891499	0.7433873475972989
4173.4445656078615	3000	7.970626387933684	0.0	1427208	1060.0696146302314	0.012488548	0.7409943970851577
4175.9739148956505	3000	7.583486499087575	0.0	1305445	1387.139888846107	0.011473861	0.6840911266106884
4178.204819828493	3000	7.999138732138221	0.0	1382505	1584.3477669493543	0.012608736	0.6903486033660289
4180.007155094364	3000	7.881249682148493	0.0	1390243	1117.8890499897286	0.012254491	0.7296264094376335
4185.7698453117355	3000	6.118559464776762	0.0	1459050	5762.690217371731	0.013392774	0.15497815411370008
4188.202474786084	3000	7.685929990427941	0.0	1526417	1432.6294743488206	0.0104467515	0.6859448862691899
4190.063112869971	3000	7.926993902286913	0.0	1464726	1758.936088141028	0.014070217	0.6683807193811548
4198.177729567003	3000	4.0	0.18762279474517254	1345911	8114.6166970320855	0.01015822	-0.212624460400883
4206.247559431525	3000	4.0	4.069829864522036	1423430	8069.829864522036	0.015062811	-0.20814577714987814
4206.437776175304	3000	7.809783256220446	0.0	1270580	190.21674377955438	0.015134375	0.817926988438148
4206.939425029167	3000	7.601641479830109	0.0	1477220	208.14177639033616	0.010310587	0.8031256241526739
4216.012630425652	3000	4.0	1.4715639166545789	1435890	9073.205396484687	0.0074816337	-0.30848333034614317
4216.536537512199	3000	7.476092913452216	0.0	1250428	523.9070865477847	0.014528953	0.7637023077383106
4220.105166242238	3000	7.907464183412878	0.0	1376403	568.628730039339	0.008892978	0.7861908477616966
4220.963842181834	3000	7.8867503588869745	0.0	1241433	520.7138245259032	0.009745646	0.7896877242801711
4223.995600649038	3000	7.999852182819693	0.0	1283451	2886.8981760672814	0.0105903065	0.5601381531218284
4228.179177241352	3000	7.816275590506888	0.0	1570460	2183.576592312805	0.009038975	0.6189967744777256
4228.832895874203	3000	7.8236347158065165	0.0	1376098	492.6408747003713	0.008743399	0.7885502915701957
4237.697270769246	3000	4.0	1.0407401792361615	1390072	8864.374895042678	0.009710211	-0.2876002802019423
4241.117468232435	3000	4.579802536811212	0.0	1294113	3420.1974631887883	0.017066091	0.29305512153414753
4242.124262217776	3000	7.573008551470231	0.0	1207899	506.7939853409801	0.009118214	0.771470845235117
4243.391994946279	3000	7.979864238079024	0.0	1452285	593.1443133912068	0.012573582	0.7882642928431438
4246.709410120878	3000	7.8684508583355415	0.0	1443683	611.413379743483	0.010524247	0.7794740499739486
4250.676661110033	3000	7.9011998691800125	0.0	1514428	3467.250989155529	0.011462094	0.49593710221052345
4251.863485396338	3000	7.814414118032632	0.0	1380969	586.7857511473808	0.0108882375	0.7785595165646271
4257.118993686176	3000	6.558905828194438	0.0	1461460	5255.508289838193	0.009908812	0.23321799458065862
4265.00730566605	3000	4.0	1.3294061516799556	1487948	7888.311979874394	0.011979345	-0.18999398868511386
4268.34137384853	3000	4.665931817520128	0.0	1498856	3334.068182479872	0.010778473	0.3070511296493464
4271.074774042246	3000	5.9325316238033174	0.0	1280001	2733.400193716811	0.013220741	0.44628041641835176
4274.174704517667	3000	6.83260114838227	0.0	1334370	3099.930475421047	0.014533321	0.4658817335341127
4277.307076965268	3000	7.70022870078213	0.0	1282494	1632.3724476001396	0.011259163	0.6668642583411948
4278.010793173613	3000	7.569185648650881	0.0	1359406	131.0430521312511	0.013587216	0.8088070071298805
4278.279348515089	3000	7.9312445560201725	0.0	1347884	137.94109263070845	0.008435945	0.8307458847905155
4282.655065533543	3000	7.555527537565976	0.0	1528728	2375.7170184541956	0.0075054727	0.5834859785547796
4283.450203683594	3000	7.581124096189984	0.0	1414242	474.40344137599266	0.00896682	0.7752171211766004
4284.036079955592	3000	7.658553314528357	0.0	1549878	422.57078166162677	0.008353684	0.7852397132941853
4286.331574730436	3000	7.802458672274455	0.0	1277024	356.0946422539018	0.013024829	0.8008814120940889
4290.506071382727	3000	7.627962019984201	0.0	1286477	4174.496652290254	0.010067539	0.4081351703223128
4291.884949358278	3000	7.665471424648782	0.0	1453328	462.49059533541794	0.009459976	0.7816801138093327
4294.158717266985	3000	7.6967811604033285	0.0	1448203	468.69026424545314	0.010653816	0.7830170054029884
4304.643437074921	3000	4.0	2.787938647532357	1419088	10484.719807935686	0.009577243	-0.4496347714912432
4305.019042214557	3000	7.624394860364921	0.0	1361088	375.60513963507833	0.016612522	0.7878013741116254
4305.519525666523	3000	7.736854430396928	0.0	1416043	387.5404299679927	0.011225952	0.7936365682053342
4307.606799635998	3000	7.959688956658558	0.0	1456173	277.16547373837045	0.011935633	0.8186012217196484
4309.081689830986	3000	7.83729810703277	0.0	1401860	622.3908496257875	0.008789928	0.7764292560292949
4315.836105335583	3000	5.082882602435626	0.0	1492384	6754.415504597143	0.0110024335	-0.008924178505161917
4317.1736134021	3000	7.745374535917879	0.0	1449700	837.5080665177463	0.0099196825	0.7491723111454184
4318.490066390036	3000	7.866359500190065	0.0	1529135	879.0150357278155	0.011291252	0.752583174491423
4319.819845748066	3000	7.630188797279181	0.0	1346951	736.1707029108851	0.016679151	0.7521069388411858
4322.6684894437685	3000	7.962671276987318	0.0	1298377	667.5175202918635	0.00786924	0.7797524120848466
4334.6115980564155	3000	4.0	3.9804373356592007	1387771	11943.108612646518	0.012440018	-0.5954736519623263
4335.666193555764	3000	6.945404500650921	0.0	1506615	1054.5954993490795	0.015350893	0.6774654406581002
4337.722692841254	3000	7.866570001608109	0.0	1492074	1078.8344990428118	0.012016597	0.7326143844985512
4351.231879771231	3000	4.0	5.642616928369795	1307533	13509.186929977903	0.01176085	-0.7520814836954648
4351.6964219608035	3000	7.535457810428266	0.0	1294220	464.54218957173475	0.01038602	0.7733491034969187
4353.541031919598	3000	7.569349784028909	0.0	1299490	466.10802639935525	0.013537825	0.7753107681641969
4354.332362748273	3000	7.572935335888058	0.0	1273614	496.4144481408522	0.009438227	0.772504222981244
4357.153796447772	3000	7.76967667640661	0.0	1437301	2803.2586594814475	0.009399035	0.554116135629594
4370.688183692712	3000	4.0	5.764710568533901	1189360	13534.387244940512	0.0155876	-0.7546015151917256
4371.349465913538	3000	7.338717779173994	0.0	1324150	661.2822208260055	0.008103617	0.7413788484180996
4372.437618331758	3000	7.634063822957278	0.0	1422950	704.6539562167161	0.01158903	0.7555008026154838
4374.328853086772	3000	7.5901956764524146	0.0	1314698	543.8681465048637	0.0113464035	0.7688376244301152
4376.058607866708	3000	7.859001590738571	0.0	1315758	731.1940857138438	0.0074682836	0.7669054001521018
4378.7994999488255	3000	7.697835896790968	0.0	1325251	661.1656939476032	0.014981337	0.7638353834570009
4384.632436355535	3000	5.864899490082152	0.0	1488865	5832.936406708816	0.010578625	0.1320997867615784
4390.038338683458	3000	4.458997162159283	0.0	1503514	5405.902327922869	0.011036987	0.08693429914499395
4391.026065344219	3000	7.471270501398238	0.0	1453798	987.7266607610449	0.014606825	0.717018949563611
4392.836872126628	3000	7.516013001973841	0.0	1401796	955.257499424397	0.008203741	0.723062271983251
4396.146551453971	3000	7.748947979793831	0.0	1385680	767.06502218001	0.012212452	0.7564399558214391
4398.172158944929	3000	7.96745138689684	0.0	1354635	781.4965928969903	0.011728147	0.768653261693679
4405.078719571314	3000	5.060890760511878	0.0	1254564	6906.560626384962	0.012617333	-0.025513180804178304
4406.520076283372	3000	7.619534048453381	0.0	1227129	441.3567120584971	0.012202941	0.7809224161248122
4407.4273097953655	3000	7.5919314107088995	0.0	1520011	527.6026377444819	0.012164683	0.7705726586971836
4408.102288278548	3000	7.6542576062425125	0.0	1479701	437.6738044663873	0.009029542	0.7834609292458439
4412.251230029958	3000	7.505315854832859	0.0	1449779	3148.941751409653	0.00897783	0.503025275088414
4412.664222841498	3000	7.63044266412288	0.0	1304073	374.87319070997944	0.0114818765	0.7882525567390077
4415.882153587515	3000	7.750537101529305	0.0	1302040	379.9055625935737	0.011285273	0.7952552218885499
4417.513671596024	3000	7.563790688986006	0.0	1291320	686.7464125433005	0.008779507	0.7528994861096209
4418.330403053296	3000	7.837810758333179	0.0	1509854	225.97993065282785	0.011865318	0.8161023886328665
4420.110271117478	3000	7.703252489552279	0.0	1381117	134.5582687809003	0.008155411	0.8168346630212531
4420.914060619307	3000	7.584012636337579	0.0	243937	119.23985321469864	0.010151098	0.8109140137519544
4425.576147535023	3000	6.921925720621981	0.0	1226943	4662.086915715598	0.007871352	0.3152488752696396
4428.788891495167	3000	7.658872022714624	0.0	1525704	2763.0536979073577	0.010054937	0.5512113409312538
4437.340583998525	3000	4.0	0.892820480643656	1467073	8551.69250335828	0.016869333	-0.2563320410335024
4443.571108585817	3000	4.0	2.2305245872914483	1558489	6230.524587291448	0.028017031	-0.024215249426819296
4451.79731491297	3000	4.0	4.226206327153784	1467713	8226.206327153785	0.017246801	-0.2237834234130529
4455.866246449193	3000	4.0	0.06893153622242972	1376928	4068.9315362224297	0.012469768	0.19194405568008255
4464.8524556969705	3000	4.0	4.986209247777388	1267329	8986.209247777388	0.01798885	-0.29978371547541327
4465.461508376669	3000	7.390947320300752	0.0	1374297	609.0526796992482	0.013587184	0.7498661488511978
4466.603548212141	3000	7.721080974436091	0.0	1532270	669.8663458646616	0.011112481	0.7644181356181151
4469.694566509157	3000	7.621658570731437	0.0	1292719	599.4224037046524	0.0078755785	0.7652486296025751
4470.974925856025	3000	7.687276843953719	0.0	1455093	934.3817267777172	0.009954436	0.7358538393716614
4471.637021810605	3000	7.7392176767086855	0.0	1494824	448.0591672450328	0.007977865	0.7877323973721152
4475.110103606925	3000	7.569695172216287	0.0	1448247	1169.5225044923989	0.008846473	0.7049909071166037
4479.903398796988	3000	6.77639998215433	0.0	1282183	4793.295190061956	0.007963728	0.29303268918077563
4480.144934403503	3000	7.624059419841537	0.0	1457231	152.34056231279357	0.011447638	0.8101068668111422
4485.340427177413	3000	6.428566645930556	0.0	1592744	5195.492773910981	0.008080553	0.23107334728188733
4489.46389057526	3000	6.30510324808372	0.0	1517223	4123.463397846836	0.012521569	0.33055982252287447
4491.930057031035	3000	7.838936792308152	0.0	1270338	466.16645577556625	0.0117486585	0.7921541132440285
4492.953529236681	3000	7.854359525352975	0.0	1385658	484.57726695517596	0.0149614755	0.7912769529413689
4496.792267435919	3000	7.9144378950796455	0.0	1376635	439.9216302733299	0.01995172	0.7994974147174705
4497.70507578534	3000	7.617442004850294	0.0	1268520	296.99589022935174	0.008768681	0.7952277455825338
4498.838835500577	3000	7.5684683768284335	0.0	1278044	548.9736280218608	0.011013333	0.7669691200519166
4500.454004379743	3000	7.51327698085315	0.0	1401881	1055.1913959752837	0.0086588245	0.7128978810081191
4511.377119422095	3000	4.0	3.4098380614978177	1546123	10923.115042350968	0.010500917	-0.4934742949327713
4516.140977037557	3000	4.0	0.7638576154616822	1463925	4763.857615461682	0.012255177	0.1224514477561573
4518.233082221628	3000	5.9078948159278735	0.0	1590129	2092.105184072126	0.015569318	0.5088701168906051
4520.152412233808	3000	7.988564803747828	0.0	1432116	1919.3300121800453	0.01343894	0.6561895083185603
4523.739063995397	3000	7.824931591589795	0.0	1526401	3163.633212158033	0.012016989	0.5215321125608844
4527.814795494778	3000	7.749200092208972	0.0	1526198	3075.7314993808222	0.013276391	0.5255890651273041
4529.035806851453	3000	7.5430694382774055	0.0	1182436	706.1306539315655	0.011640649	0.7496659838015068
4535.146093509633	3000	5.432782780097242	0.0	1473059	6110.286658180163	0.010186968	0.07735746724038695
4540.297655115508	3000	4.28122117422297	0.0	1455773	5151.561605874273	0.011965489	0.1012573721038339
4548.320198996026	3000	4.0	3.741322706295887	1541660	8022.543880518857	0.009345582	-0.2034171787495601
4552.033900173458	3000	4.286298822567398	0.0	1334236	3713.7011774326015	0.01148087	0.24536076796952788
4552.763593942209	3000	7.556605053816832	0.0	1390032	729.6937687505659	0.01339572	0.748155648290821
4554.038706333355	3000	7.762382754993791	0.0	1528092	794.2222988230415	0.009773573	0.7545639016071333
4557.4757729739995	3000	7.744294480832798	0.0	1213301	1018.0882741609933	0.009939238	0.7310467869382762
4562.301864838832	3000	6.9182026160005545	0.0	1451200	4826.091864832243	0.010117707	0.298615686319136
4564.781826747798	3000	7.948256777175746	0.0	1552703	2469.945838824808	0.01190773	0.598608673993329
4568.886637597219	3000	7.843445927754368	0.0	1253180	3104.8108494213775	0.009438351	0.5285714948448359
4572.8458824556255	3000	7.884201069347972	0.0	1513282	3459.244858406397	0.010234911	0.4956752902959342
4575.910141314634	3000	7.769107528828548	0.0	1380691	2115.0935405194236	0.009757843	0.6228970758021675
4577.145017996888	3000	7.586251846945144	0.0	1321035	1182.8556818834038	0.010552651	0.7046923815480568
4579.119842159567	3000	7.584850265791159	0.0	1513667	1001.4015811539838	0.012123644	0.7227501927988748
4584.605555618595	3000	6.099136806763821	0.0	1553200	5485.713459027339	0.010829002	0.18146191382233046
4586.839855510595	3000	7.864836914762956	0.0	1419933	734.299892000864	0.012558874	0.766959527274924
4588.028699169376	3000	7.730633051645953	0.0	1559374	634.2038631170027	0.010184726	0.7685813887184973
4591.9380104135835	3000	7.513297327374236	0.0	1433609	217.33572427171677	0.009516047	0.7966847198360436
4595.880618051804	3000	7.570689689154164	0.0	872864	3942.6076382200717	0.009325914	0.4277445510524537
4596.944030880022	3000	7.954274854119522	0.0	1414888	616.4148350346422	0.009108276	0.7843379041813314
4601.260804407265	3000	7.637501326876787	0.0	1442143	1816.7735272427349	0.010139186	0.6445036895078513
4604.478417613966	3000	7.830580483739333	0.0	1618967	806.9208431374541	0.010024453	0.7575564052222885
4608.419858053513	3000	7.775206445747059	0.0	1390517	3555.374037992275	0.015052079	0.47925020836228927
4609.715569394908	3000	7.530383975827331	0.0	1502123	744.8224699197276	0.008934798	0.7450039607995611
4609.929057542499	3000	7.909084337768885	0.0	1281551	121.29963805844642	0.014908113	0.8310250166070362
4610.375179156903	3000	7.692117785333705	0.0	1344658	216.9665524351806	0.007736466	0.8078979156421642
4612.532313036771	3000	7.938128376384075	0.0	1471535	253.9894089496297	0.00834731	0.8195712919313672
4614.075568822172	3000	7.82807271914303	0.0	354753	610.0556572410444	0.00833953	0.7770861885246605
4615.571401500622	3000	7.756756443997338	0.0	1413549	571.316275145693	0.008721005	0.7765028595375899
4617.782639963595	3000	7.82339541416382	0.0	1520899	433.36102983351606	0.010728966	0.7944633197042128
4630.313829480745	3000	4.0	4.7077941029859645	1421254	12531.189517149785	0.011374127	-0.654281742412653
4631.365303953298	3000	6.948525527446088	0.0	1563279	1051.4744725539122	0.016296513	0.6779726075123148
4633.167484465362	3000	7.842705982834252	0.0	1322377	605.8195446118366	0.010157874	0.7784243787682827
4635.49930743447	3000	7.734974982005915	0.0	1496614	1107.7310008283368	0.013677937	0.7215000455948616
4639.170086072548	3000	7.971631647107349	0.0	1321919	1763.3433348985652	0.011134842	0.6707298537566785
4641.030238373025	3000	7.705273148457312	0.0	1549774	1766.3584986500364	0.015060553	0.653780931215904
4644.079550418315	3000	7.687514026726605	0.0	1452120	1017.7591217307072	0.012314454	0.7275309237996678
4648.721815454785	3000	7.045248990256654	0.0	1396433	4642.265036469951	0.010572933	0.3249387675463714
4650.539866709566	3000	7.7446323428821415	0.0	1377443	1300.6166473745131	0.012714615	0.7028150659950081
4653.807994528037	3000	7.829285737349197	0.0	1471543	1915.3466055329445	0.008306215	0.6466329073333561
4661.175316654606	3000	4.461963610779986	0.0	1446940	7367.322126569212	0.012395851	-0.10902227768084649
4668.762826783947	3000	4.0	3.125546518562147	1466697	7587.510129342132	0.014584704	-0.15991380363188767
4668.9711143790555	3000	7.791712404891997	0.0	1478901	208.28759510800322	0.01512509	0.8149904750972751
4669.501500083149	3000	7.588970084825983	0.0	1414975	202.74232006601312	0.0104972655	0.8028736075973483
4678.578334510392	3000	4.0	1.4878643424165383	1539858	9076.834427242522	0.007482349	-0.30884623342192663
4679.178170942245	3000	7.400163568146368	0.0	1464311	599.8364318536318	0.014844409	0.7513637891261103
4682.7762355485565	3000	7.802098961834839	0.0	1459320	598.0646063115294	0.009204126	0.7766619337858501
4683.829157990386	3000	7.75582716563774	0.0	1331516	546.2717961971	0.010380309	0.7789492275349743
4687.508131272805	3000	7.629665847244105	0.0	1386042	3126.1613183936347	0.01033498	0.5130751929157187
4691.3182002889735	3000	7.819596831075623	0.0	1538540	1810.069016168482	0.009242831	0.6565551096277039
4691.924655186334	3000	7.617809872492326	0.0	406142	201.78695858329726	0.010102043	0.8047716304747662
4700.580639797106	3000	4.0	1.0381747382794928	1357091	8655.984610771819	0.010139204	-0.2667612517748563
4703.956221457038	3000	4.624418340068156	0.0	1258816	3375.5816599318446	0.016858647	0.3003051895634009
4704.977102588243	3000	7.603537208863523	0.0	1247768	520.8811312046323	0.009285942	0.7719701717358326
4705.687390118304	3000	7.541451114173938	0.0	1364385	562.0860946895834	0.012341378	0.7639692944692383
4706.334894176137	3000	7.5017998029436805	0.0	1260226	539.6513112302587	0.010274358	0.7637345658632797
4709.8633354594185	3000	7.973358519661376	0.0	1256524	3028.4412832823036	0.012105968	0.5443279884529313
4710.961766037367	3000	7.912290245629454	0.0	1310890	561.0682740319226	0.010593977	0.7872485222509742
4713.5315590856035	3000	7.8560748734693515	0.0	1309601	2056.2153721601017	0.010152902	0.6342203516781499
4720.969544667384	3000	4.418089291689739	0.0	1288070	7437.985581779612	0.01173206	-0.11883076814502702
4724.766748066403	3000	4.620885892670333	0.0	1270692	3797.203399019407	0.011029335	0.2579222376922807
4727.340539298161	3000	6.047094660912252	0.0	1269747	2573.7912317580817	0.013429601	0.4694015024335332
4730.483739529695	3000	6.903894429378182	0.0	1304612	3143.2002315340687	0.015280499	0.4660105879850552
4733.402782734401	3000	7.984851224672523	0.0	1336807	2919.0432047056593	0.011339426	0.5559860903737924
4734.635797140827	3000	7.799744683893341	0.0	1303254	185.10654077918178	0.013636561	0.8178105979677411
4734.8788574855025	3000	7.662168444379128	0.0	1308718	137.57623951421402	0.00910743	0.8139651131245996
4736.001703720295	3000	7.863487379564158	0.0	1231758	298.6810648149689	0.0075837905	0.8104370640435886
4737.125853273006	3000	7.923495188196881	0.0	1290851	439.99219136727766	0.007854787	0.8000564394279028
4740.501410090753	3000	7.787795459995446	0.0	1296733	635.6997282014346	0.0074682836	0.7720044527318976
4741.39264797785	3000	7.922105061219198	0.0	1301650	365.6903987762488	0.008532619	0.8073997357509006
4746.354137968922	3000	6.9606150701478775	0.0	1306983	4961.48999107132	0.010750101	0.2877266520794358
4749.3233132327405	3000	7.99143980632945	0.0	1355476	969.1752638184277	0.012420242	0.7513846708160734
4750.350994419539	3000	7.58570558453563	0.0	1237674	405.73422179381953	0.009571762	0.7823703861564205
4755.664153237765	3000	6.272546766309386	0.0	1286686	5313.158818226244	0.01214214	0.2095555003740378
4762.3096691747405	3000	4.0	0.37296917066466084	1363447	6645.515936974047	0.015304729	-0.06571438439507915
4762.670069117186	3000	7.639600057553488	0.0	1291077	360.3999424465119	0.015834104	0.7902722186547674
4763.327866644292	3000	7.771212125325436	0.0	1327857	368.38793222805305	0.01419097	0.7976991739123601
4766.033015107194	3000	7.523342691313355	0.0	1239806	247.86943401208103	0.008841834	0.7942591841082022
4767.5484888717165	3000	7.9542453234968455	0.0	1264118	569.097367816509	0.009952202	0.7890678052392275
4774.194636399095	3000	5.308097796118751	0.0	1233970	6646.147527378093	0.008750653	0.015978568821938155
4775.915017321618	3000	7.587716873596512	0.0	1225545	720.3809225222401	0.010454105	0.7510314216498836
4777.405537535759	3000	7.805909189830134	0.0	1343102	781.807683766378	0.011676154	0.7585257652900712
4778.931708336703	3000	7.607180054545894	0.0	1353964	698.7291352842399	0.013220323	0.75441304918302
4782.044937043852	3000	7.924286533801529	0.0	1332357	682.8935207443651	0.008643295	0.7758157655904846
4793.078156329592	3000	4.0	3.1089327519391317	1220518	11033.21928574066	0.012574114	-0.5044847192717405
4794.585270562153	3000	6.492885767440078	0.0	1318988	1507.1142325599221	0.015520119	0.6039311465113383
4796.124546661358	3000	7.5685820701891355	0.0	1272482	924.3036972509423	0.012463739	0.7294432189640524
4809.853191891291	3000	4.0	6.160063159743821	1290271	13728.645229932956	0.012692483	-0.7740273136909701
4810.2916232317975	3000	7.561568659493629	0.0	1206341	438.4313405063715	0.010491492	0.7775921164700403
4811.939813838884	3000	7.608997842146117	0.0	1253929	452.5708173475111	0.013528756	0.7791424927017068
4812.526726653856	3000	7.623351329529742	0.0	1240680	485.6465126163755	0.009186856	0.7767320161362969
4815.563778013087	3000	7.865458801092063	0.0	1209031	2257.8925284376787	0.009579159	0.6146391315268117
4829.356434226308	3000	4.0	5.927197412128326	1399737	13792.656213220389	0.014955323	-0.7804284120197134
4830.037119152928	3000	7.319315073379116	0.0	1368349	680.6849266208842	0.008292463	0.7382259087264318
4831.065246680312	3000	7.664001295006268	0.0	1310554	655.3137783728466	0.011242885	0.7623059124029327
4832.90344694627	3000	7.641308036532224	0.0	1254684	522.6932584740437	0.011416432	0.7741496357381852
4834.641293004438	3000	7.890138511190806	0.0	1356119	751.169525341417	0.0074682836	0.7668539137176091
4837.337538720683	3000	7.745353919481648	0.0	1285495	644.784591709158	0.015324563	0.7684433700990128
4842.25594574041	3000	6.826946899754901	0.0	1258362	4918.4070197267465	0.010599766	0.2836806885643322
4847.288029978522	3000	5.794862661642561	0.0	1274976	5032.084238112339	0.010925522	0.20780770184375175
4849.262836956254	3000	7.820055683910263	0.0	1394325	1974.806977732299	0.013256583	0.6401099917734872
4850.559573690282	3000	7.95706699694855	0.0	1254020	862.9886869617136	0.0082923155	0.7598550279154387
4853.910929830943	3000	7.708262950150642	0.0	1304776	748.804046797907	0.012975384	0.75572323900695
4855.951289357876	3000	7.94935923361636	0.0	1314888	758.9037165342806	0.0110020945	0.7697817897499201
4862.830199555065	3000	5.070449036427247	0.0	1287481	6878.910197189113	0.012396323	-0.02215074563988273
4864.279626896541	3000	7.621021694950501	0.0	1254536	449.42734147674673	0.0119679645	0.7802083310890573
4865.023313016838	3000	7.68407530933405	0.0	1212152	436.9463856164522	0.011578493	0.7853972775740585
4865.524496628592	3000	7.796853370797486	0.0	1270981	387.2219385365648	0.0084421765	0.7974183511235119
4869.75590633183	3000	7.565443667558207	0.0	1280059	3231.4097032392783	0.00893793	0.49853646820078573
4870.137573918842	3000	7.6857955622780905	0.0	1325190	379.6481052801167	0.010077657	0.7912346214166945
4873.309054186016	3000	7.811065169556681	0.0	1279572	374.73039272140966	0.010412268	0.7995557431274771
4874.923252668844	3000	7.612340865368658	0.0	1298151	698.7243041880231	0.008271331	0.7547360829690644
4875.651755003306	3000	7.915826787457631	0.0	1205092	196.51407791102824	0.010567388	0.8239249757273247
4877.362577481803	3000	7.7864096764850546	0.0	1250971	129.41711097257627	0.007746823	0.8225461029853839
4878.428747057842	3000	7.504027572227274	0.0	1258121	282.38210425777913	0.008081393	0.7896007221407524
4883.13603248366	3000	6.796742146409249	0.0	1291362	4707.285425818025	0.0074682836	0.3029050508711012
4885.727185249395	3000	7.916702212341353	0.0	1286010	2380.039934067896	0.008488164	0.6056271041668706
4893.596586522457	3000	4.047300939278586	0.0	1274087	7869.401273062767	0.009846084	-0.18514660929903948
4898.135574822283	3000	4.0	0.4916873605471355	1237463	4538.988299825722	0.018623827	0.1449383793197534
4903.552167586797	3000	4.0	1.416592764513658	1258549	5416.592764513658	0.015171702	0.057177932850959734
4909.829928542337	3000	4.0	2.2777609555406326	1215750	6277.7609555406325	0.008846918	-0.028938886251737683
4921.697278067251	3000	4.0	7.867349524913867	1384950	11867.349524913867	0.012315288	-0.5878977431890611
4922.259535486801	3000	7.437742580451127	0.0	1252739	562.2574195488721	0.0099318735	0.7574703786256339
4922.966326603997	3000	7.546078556390977	0.0	809596	391.66402406015044	0.008575998	0.7813007166707466
4925.324800742099	3000	7.984405033907413	0.0	1198771	561.6735224835636	0.0074682836	0.7916951716731826
4927.343952125282	3000	7.833229650125406	0.0	1384213	1151.175383782006	0.008223476	0.7232965240569629
4928.641669609187	3000	7.82835890787373	0.0	1335241	504.8707422516762	0.0074682836	0.7876225668192661
4931.293120514871	3000	7.609056825858335	0.0	1276397	719.3020820153947	0.0075146016	0.752473052716932
4936.457317164563	3000	6.444860176165575	0.0	1355729	5164.196649692761	0.0074682836	0.23522130534339802
4937.189167945637	3000	7.797107522309565	0.0	1364812	147.75265385601074	0.008155651	0.8213811640610724
4939.013988086636	3000	7.636746515418039	0.0	1316582	160.36100689152664	0.0074682836	0.8100977658268004
4943.426135556052	3000	7.224599046001639	0.0	1377432	4412.1474694164	0.0074682836	0.359159902735788
4946.88262300616	3000	7.7681115958939735	0.0	1323253	1456.4874501076658	0.007470072	0.6886954390349322
4947.666613707954	3000	7.77266327181325	0.0	1366664	495.4483240807238	0.0088130515	0.7850838313825813
4951.232782868636	3000	7.843849880329013	0.0	1334148	428.81339148423694	0.010073087	0.7961964876744652
4951.918950824309	3000	7.529443787091532	0.0	1370297	314.4060932374815	0.007740942	0.7879868366717983
4953.410221162059	3000	7.929689549434117	0.0	1416431	599.7542376574143	0.0074682836	0.7844673823762165
4956.881962459679	3000	7.84957695067074	0.0	1335204	580.1125987633773	0.0074682836	0.7814245088429091
4965.68281465736	3000	4.0	0.9512752470097403	1406143	8800.85219768048	0.0074682836	-0.28124801046572256
4971.768158451855	3000	4.0	2.085343794496147	1344971	6085.343794496147	0.008608649	-0.009697170147289214
4974.186832466228	3000	5.581325985626858	0.0	1356675	2418.6740143731427	0.008370759	0.45580268196668994
4976.0464574596035	3000	7.7217009922509146	0.0	1404206	1859.6249933759434	0.008231901	0.6454810219804135
4978.751826557176	3000	7.897578292864411	0.0	1350387	1824.1226993865032	0.007953359	0.660023582667701
4983.01331017521	3000	7.636094674830335	0.0	1351930	4261.483618034076	0.007638866	0.39994476467581386
4984.531496560138	3000	7.853366490475844	0.0	1327089	782.7281843544912	0.007779014	0.7613997965216168
4987.286454210624	3000	7.553616765520283	0.0	1333764	799.7497249555622	0.0074682836	0.7409632846517871
4994.031460668723	3000	4.808610307419976	0.0	1264516	6745.006458100306	0.0074682836	-0.025125292293956547
5002.000269608766	3000	4.0	3.1601986326225133	1323209	7968.80894004249	0.0074682836	-0.19804368470192335
5005.974568104632	3000	4.0257015041337	0.0	1317701	3974.2984958663005	0.0074682836	0.2030137037240517
5008.1050076514975	3000	5.895261957268182	0.0	1294702	2130.439546865518	0.007819332	0.5042471269450352

