13654.295200470859	375	4.0	0.8102666210635083	164106	810.2666210635083	0.007468284	-3.3969371682475042
13654.878155145174	235	7.417045325684466	0.0	113407	582.9546743155342	0.007988995	-0.08534883720930234
13657.2241925028	235	7.811137294561995	0.0	119080	605.90803112247	0.00853245	0.05465116279069768
13662.937796838247	235	6.097532959113606	0.0	106499	5713.604335448389	0.00872348	0.05465116279069768
13665.091814965135	235	7.907890726644215	0.0	126538	1689.6422324693908	0.0077380883	0.05465116279069768
13667.414742788176	235	7.9386147623325485	0.0	115894	969.2759643116657	0.008685881	0.05465116279069768
13670.653578552057	235	7.7060228097571635	0.0	106264	2732.591952575386	0.009466078	0.05465116279069768
13672.251482591604	235	7.620192695637339	0.0	110228	85.83011411982416	0.009794588	0.05465116279069768
13673.669804285568	235	7.622068811368947	0.0	118138	998.1238842683925	0.014794926	0.05465116279069768
13676.869292992598	235	7.687423362701036	0.0	114569	934.64544866791	0.009588195	0.05465116279069768
13678.208248252924	235	7.599867361717472	0.0	108896	87.55600098356518	0.0095779095	0.05465116279069768
13681.096949387647	235	7.991216424028422	0.0	100936	108.65093768905021	0.020933446	0.05465116279069768
13682.064257361228	235	7.857587535754225	0.0	106633	133.6288882741972	0.012814004	0.05465116279069768
13683.06099869443	235	7.736056411807018	0.0	120657	121.53112394720708	0.008256672	0.05465116279069768
13684.165401413578	235	7.581460156859885	0.0	94713	154.59625494713214	0.010586328	0.05465116279069768
13685.446253414142	235	7.621437388678236	0.0	115286	460.0227681816491	0.0076920446	0.05465116279069768
13688.582510401142	235	7.533723511370719	0.0	115138	587.7138773075169	0.007468284	0.05465116279069768
13689.117251501513	235	7.741124516031985	0.0	117445	292.59899533873374	0.007468284	0.05465116279069768
13689.729877742637	235	7.5158824479862085	0.0	117076	225.24206804577742	0.007468284	0.05465116279069768
13691.965160472184	235	7.801933169751598	0.0	116165	213.94927823461163	0.007528333	0.05465116279069768
13692.490841486242	235	7.509759388378962	0.0	105091	292.17378137263563	0.008200796	0.05465116279069768
13699.405107671002	235	4.595493203618581	0.0	117977	6914.26618476038	0.007877831	0.05465116279069768
13700.051473079715	235	7.949127794906134	0.0	115526	146.36540871244898	0.007468284	0.05465116279069768
13700.88403859542	235	7.809914450131411	0.0	103076	139.21334477472075	0.009061526	0.05465116279069768
13702.86721870257	235	7.62500048202339	0.0	126940	184.91396810802155	0.009582164	0.05465116279069768
13705.899563754903	235	7.7179610253763276	0.0	108388	2407.039456647062	0.009177801	0.05465116279069768
13709.94219397712	235	7.675330803160552	0.0	128949	1542.6302222157753	0.007468284	0.05465116279069768
13710.790514587106	235	7.505138407118285	0.0	100613	170.19239604226664	0.008079012	0.05465116279069768
13711.22596366155	235	7.836477976868514	0.0	105558	168.66043024977165	0.008891392	0.05465116279069768
13711.679086911976	235	7.703310673752681	0.0	120085	133.16730311583376	0.0104527045	0.05465116279069768
13713.145221613127	235	7.845221296832004	0.0	109443	858.0893769206773	0.010010698	0.05465116279069768
13713.717239729987	235	7.581234900517362	0.0	110127	263.98639631464135	0.008067587	0.05465116279069768
13715.961800618452	235	7.819470316558164	0.0	112103	261.7645839591993	0.008243484	0.05465116279069768
13716.190395536527	235	7.650571009772297	0.0	122311	168.89930678586677	0.00832562	0.05465116279069768
13716.359350477245	235	7.555941345058411	0.0	111486	94.62966471388607	0.008807968	0.05465116279069768
13718.144395052628	235	7.910581695368539	0.0	120062	145.35964968987213	0.008527856	0.05465116279069768
13722.500462627951	235	7.554514120045806	0.0	104388	4356.067575322732	0.008342907	0.05465116279069768
13726.280331234624	235	7.582456067217863	0.0	109423	1972.058052827944	0.007468284	0.05465116279069768
13727.292808998733	235	7.630622462086444	0.0	100326	451.8336051314201	0.007468284	0.05465116279069768
13730.517379397716	235	7.9036593420823555	0.0	107145	726.9631200040865	0.0078610545	0.05465116279069768
13732.422354609156	235	7.816475375852218	0.0	106534	1587.1839662301368	0.008151136	0.05465116279069768
13733.186848476753	235	7.517624064657295	0.0	120130	298.8513111949232	0.008635586	0.05465116279069768
13735.62043783733	235	7.739150662569438	0.0	105525	278.47340208785664	0.010802144	0.05465116279069768
13736.25321772397	235	7.691318698494479	0.0	110596	547.8319640749598	0.0103567075	0.05465116279069768
13736.497605640603	235	7.558598701460763	0.0	115525	132.7199970337158	0.009929426	0.05465116279069768
13738.232802043245	235	7.956834459939693	0.0	102871	101.76424152107022	0.012101448	0.05465116279069768
13739.66178015388	235	7.769061485183053	0.0	115116	687.7729747566408	0.010299707	0.05465116279069768
13741.513694190437	235	7.673707034844167	0.0	108572	1095.3544503388862	0.007907053	0.05465116279069768
13743.569586108915	235	7.7340408687136515	0.0	112028	439.66616613051536	0.0074875434	0.05465116279069768
13746.406683148645	235	7.578605225022751	0.0	117145	2155.4356436908997	0.0077123977	0.05465116279069768
13750.23618709758	235	7.749101276089019	0.0	94860	1829.5039489337335	0.0076581817	0.05465116279069768
13750.469987749899	235	7.56778362241471	0.0	103603	181.31765367430887	0.007962091	0.05465116279069768
13751.315991907079	235	7.881023043147754	0.0	106481	186.76057926695535	0.011179281	0.05465116279069768
13752.306085709297	235	7.6755979309954965	0.0	110262	205.4251121522569	0.01028497	0.05465116279069768
13755.412789793954	235	7.72458023369842	0.0	113118	2451.017697297076	0.01001492	0.05465116279069768
13759.181381798404	235	7.95598822925011	0.0	105689	2768.5920044483096	0.0079696365	0.05465116279069768
13759.89690933102	235	7.891863658843573	0.0	129207	564.1245704065375	0.007995934	0.05465116279069768
13760.478021205568	235	7.861509202672578	0.0	111335	530.3544561709948	0.008559426	0.05465116279069768
13764.66024941611	235	7.679280992129465	0.0	107266	3182.2282105431123	0.009399385	0.05465116279069768
13764.814238862076	235	7.528779083606027	0.0	113015	150.50190852343837	0.008671307	0.05465116279069768
13767.547261157626	235	7.874011704552333	0.0	109873	154.76737905369487	0.010912535	0.05465116279069768
13768.699559206165	235	7.503990138530392	0.0	105556	370.0215660219413	0.011040096	0.05465116279069768
13769.913694613275	235	7.7030606762326865	0.0	105136	800.9294622977073	0.009466606	0.05465116279069768
13772.783228795392	235	7.915396557578824	0.0	121483	787.6641186538617	0.008160096	0.05465116279069768
13774.06375316404	235	7.5155694049884	0.0	112055	899.8271525904249	0.008541532	0.05465116279069768
13775.728705567268	235	7.833441811402196	0.0	121340	682.1275935862049	0.007896436	0.05465116279069768
13777.862587703823	235	7.967913147946245	0.0	118366	365.52866345595015	0.008650517	0.05465116279069768
13778.843536974831	235	7.821615248991313	0.0	113952	146.2978989549319	0.010078374	0.05465116279069768
13781.357307058566	235	7.942055893150249	0.0	115477	1879.559355841064	0.00994301	0.05465116279069768
13783.905964744323	235	7.944832414218388	0.0	106817	997.2234789318602	0.0083647035	0.05465116279069768
13784.715724060266	235	7.775669859658781	0.0	109544	169.16255455960606	0.008286996	0.05465116279069768
13785.593981681192	235	7.616839429888571	0.0	107269	158.83042977021051	0.009716261	0.05465116279069768
13787.711435529322	235	7.622326101402377	0.0	133059	494.51332848619427	0.009277962	0.05465116279069768
13788.415695134947	235	7.536666558412109	0.0	104673	85.65954299026795	0.00792817	0.05465116279069768
13790.646809727406	235	7.940409293499269	0.0	115333	96.25726491283866	0.010602622	0.05465116279069768
13791.172590506641	235	7.704947567655909	0.0	105302	235.46172584336017	0.00952946	0.05465116279069768
13792.671091378215	235	7.810856658565	0.0	109858	1394.0909090909092	0.007831607	0.05465116279069768
13795.946279524105	235	7.935467566861349	0.0	115448	1375.3890917036506	0.007468284	0.05465116279069768
13796.360991661546	235	7.638011025232805	0.0	112898	297.4565416285453	0.007468284	0.05465116279069768
13797.839957518217	235	7.9171558948041785	0.0	113163	720.855130428627	0.007468284	0.05465116279069768
13800.449711517655	235	7.951334258206738	0.0	103266	965.8216365974412	0.00814373	0.05465116279069768
13801.228182389461	235	7.844065003723761	0.0	118587	107.26925448297568	0.009089576	0.05465116279069768
13804.071048778535	235	7.718232617848298	0.0	121691	125.83238587546285	0.011870177	0.05465116279069768
13805.048862957019	235	7.94284253020548	0.0	119251	775.3900876428183	0.011126214	0.05465116279069768
13805.379084714696	235	7.823943696788809	0.0	105993	118.89883341667164	0.008246027	0.05465116279069768
13807.756794884634	235	7.700750073950641	0.0	124220	123.19362283816736	0.009062919	0.05465116279069768
13811.728407784158	235	7.729137174425569	0.0	119832	3971.612899525073	0.008791331	0.05465116279069768
13812.78807175045	235	7.98236991459033	0.0	121713	246.76725983523733	0.007468284	0.05465116279069768
13814.94871114697	235	7.76849856956109	0.0	108737	213.8713450292398	0.007777064	0.05465116279069768
13816.13929333816	235	7.856591499709512	0.0	109935	411.9070698515785	0.008673339	0.05465116279069768
13817.805329337983	235	7.87241106046419	0.0	114968	984.1804392453208	0.008192459	0.05465116279069768
13821.016038268686	235	7.8884843754049685	0.0	112742	983.9266850592218	0.007906878	0.05465116279069768
13822.227084583716	235	7.798852340709564	0.0	123373	89.63203469540514	0.0090389475	0.05465116279069768
13822.442947617512	235	7.711627963978263	0.0	108558	87.22437673130194	0.012563679	0.05465116279069768
13823.810851207872	235	7.772995497330798	0.0	116596	438.632466647464	0.014070114	0.05465116279069768
13824.910305168489	235	7.6344040788787275	0.0	119833	138.59141845206992	0.008267118	0.05465116279069768
13825.058205505964	235	7.500885181223311	0.0	114903	133.51889765541694	0.008324854	0.05465116279069768
13828.645018619525	235	7.914072067662509	0.0	118053	3086.8131135608014	0.008138693	0.05465116279069768
13829.28809850664	235	7.8131294007938665	0.0	116650	100.94266686864268	0.007468284	0.05465116279069768
13830.95447535278	235	7.711009587848495	0.0	112311	102.11981294537183	0.0089154	0.05465116279069768
13831.920417509848	235	7.9701670259122	0.0	108531	740.8425619362941	0.009191799	0.05465116279069768
13835.913782012773	235	7.5460345720153095	0.0	108841	2424.13245389689	0.007538114	0.05465116279069768
13840.668137420182	235	6.791679164605262	0.0	117754	4754.355407410047	0.007468284	0.05465116279069768
13843.586441688978	235	7.873374895808451	0.0	111768	418.3042687968119	0.0076546287	0.05465116279069768
13844.497625574551	235	7.94772881563921	0.0	113444	425.6460801692423	0.00810598	0.05465116279069768
13847.525544355332	235	7.517038327952101	0.0	121707	2430.6904876871076	0.010852953	0.05465116279069768
13851.513850204494	235	7.528732478791219	0.0	119754	1488.3058491608829	0.011561502	0.05465116279069768
13851.617194932325	235	7.939827186003244	0.0	120971	88.90529278797423	0.009110697	0.05465116279069768
13853.737866209376	235	7.8467112649989685	0.0	110188	93.11592100427474	0.021867327	0.05465116279069768
13854.043965145764	235	7.667439474829644	0.0	117732	179.27179016932539	0.013770778	0.05465116279069768
13854.85376660871	235	7.535952316464194	0.0	117160	631.4871583654495	0.00962356	0.05465116279069768
13855.66342389679	235	7.930280824715432	0.0	115553	105.67149174876249	0.0078184055	0.05465116279069768
13857.870063809522	235	7.638953766515777	0.0	114213	1291.3270581996553	0.0094387345	0.05465116279069768
13861.568885319315	235	7.940132256721543	0.0	112726	1698.8215097942327	0.007468284	0.05465116279069768
13862.96162666544	235	7.955828765820766	0.0	118739	984.3034909007778	0.007596	0.05465116279069768
13863.858660857317	235	7.665530597492456	0.0	113377	290.29816832830977	0.008012183	0.05465116279069768
13866.984324399118	235	7.6160668383654775	0.0	110306	549.4637591269786	0.009034641	0.05465116279069768
13869.722474320124	235	7.9705917691999835	0.0	117813	2645.4750691654936	0.008283626	0.05465116279069768
13870.992097037266	235	7.553117836548397	0.0	116589	917.4739326515872	0.009654938	0.05465116279069768
13874.019376974335	235	7.665552260259003	0.0	108484	887.5655762893939	0.008761954	0.05465116279069768
13876.010462255657	235	7.934866799989755	0.0	119066	230.6854602692484	0.009687537	0.05465116279069768
13879.081367263032	235	7.739614206828019	0.0	120001	195.25259316173646	0.010174295	0.05465116279069768
13881.481169436986	235	7.676039326957635	0.0	125816	1563.574879870384	0.009650637	0.05465116279069768
13882.208851572805	235	7.909811906089788	0.0	112449	266.22742086784723	0.008436292	0.05465116279069768
13883.755648939956	235	7.827140579988438	0.0	117845	82.67132610134894	0.008904526	0.05465116279069768
13884.361955920902	235	7.71605011004064	0.0	114725	111.09046994779864	0.016475141	0.05465116279069768
13885.176117997253	235	7.516577327364525	0.0	124239	199.47278267611478	0.009732589	0.05465116279069768
13887.678202176208	235	7.7828798847248875	0.0	113251	233.69744263963696	0.007649069	0.05465116279069768
13891.79489785744	235	7.666184203491329	0.0	120709	4116.695681233558	0.0075422325	0.05465116279069768
13892.57633791308	235	7.519005384444706	0.0	128262	147.1788190466214	0.007468284	0.05465116279069768
13893.578037616384	235	7.545286151090156	0.0	113529	473.71923335454875	0.0077622496	0.05465116279069768
13894.579630932005	235	7.7684797282534035	0.0	112286	776.8064228367529	0.007985894	0.05465116279069768
13896.436189123086	235	7.912594079105827	0.0	120999	855.8856491475754	0.008003765	0.05465116279069768
13898.447085185311	235	7.867482318958006	0.0	101198	1045.1117601478215	0.0081566665	0.05465116279069768
13902.648960797482	235	7.665606706788525	0.0	109740	2201.875612169481	0.008714558	0.05465116279069768
13903.737060202455	235	7.873886961426071	0.0	110278	291.7197453624542	0.008255645	0.05465116279069768
13905.01385863079	235	7.588177577064809	0.0	112631	285.7093843612631	0.011320411	0.05465116279069768
13906.795456912461	235	7.902922958214545	0.0	114477	185.25461885026303	0.010051716	0.05465116279069768
13907.962435944195	235	7.577605273759506	0.0	125411	325.3176844550401	0.010373633	0.05465116279069768
13908.79433205003	235	7.792487894480701	0.0	122380	285.1173792788054	0.008526308	0.05465116279069768
13910.607260777828	235	7.619412893862089	0.0	117545	173.07500061861282	0.008400622	0.05465116279069768
13910.949275045325	235	7.978332623701175	0.0	122653	141.0802701609138	0.008589733	0.05465116279069768
13911.303768714633	235	7.861552787715478	0.0	111339	116.77983598569625	0.009022448	0.05465116279069768
13911.978627509894	235	7.602980306746336	0.0	109081	258.57248096914134	0.008232374	0.05465116279069768
13913.418059058406	235	7.541407689636077	0.0	110382	1061.5726171102592	0.007468284	0.05465116279069768
13916.543723207345	235	7.753005080866842	0.0	127719	1288.4026087692337	0.007468284	0.05465116279069768
13917.295963477329	235	7.616015715960605	0.0	121808	136.98936490623748	0.007468284	0.05465116279069768
13917.603870884202	235	7.979687465061881	0.0	107920	136.32825089872318	0.008113901	0.05465116279069768
13924.83222730769	235	4.751331041574599	0.0	124159	7228.356423487282	0.008228324	0.05465116279069768
13925.30816494861	235	7.883330010846002	0.0	111766	368.0010307285963	0.007468284	0.05465116279069768
13928.416537984129	235	7.8431117981825595	0.0	126235	3040.218212663443	0.008190283	0.05465116279069768
13931.480947120177	235	7.804984641586127	0.0	108915	2038.1271565964328	0.008685743	0.05465116279069768
13932.257884090244	235	7.639657146277397	0.0	122820	665.3274953087302	0.008415179	0.05465116279069768
13932.747048074742	235	7.660879891409301	0.0	115451	478.77725486809726	0.008913265	0.05465116279069768
13941.63729734931	235	4.0	1.2293693831613983	121079	8890.249274570699	0.012096618	-5.231637184803315
13944.832683620103	235	4.80461372920904	0.0	115451	3195.38627079096	0.007699385	0.05465116279069768
13946.995744001895	235	6.641553347416	0.0	128698	2163.060381793039	0.008565139	0.05465116279069768
13947.851558760802	235	7.926687296354045	0.0	111757	214.86605106195688	0.010745146	0.05465116279069768
13949.011969276547	235	7.611956392401822	0.0	117842	314.73090395222283	0.012878938	0.05465116279069768
13949.513587217469	235	7.993987227837688	0.0	123966	117.96916456413457	0.009954541	0.05465116279069768
13950.69940340704	235	7.8029035212317215	0.0	112515	691.0837066059678	0.013476025	0.05465116279069768
13952.703787718745	235	7.994577606862355	0.0	130342	808.3259143693671	0.008652817	0.05465116279069768
13953.424016830106	235	7.677492249851424	0.0	108308	317.0853570109313	0.009622123	0.05465116279069768
13953.809552747498	235	7.886796168330257	0.0	125351	290.6960815211682	0.009419908	0.05465116279069768
13961.185403164449	235	4.510945751379516	0.0	107832	7375.8504169507405	0.009066137	0.05465116279069768
13962.852555334905	235	6.843793580923164	0.0	124770	1667.1521704563522	0.007468284	0.05465116279069768
13964.327866822301	235	7.545559048865356	0.0	118794	1298.2345320578079	0.008511351	0.05465116279069768
13968.237675555954	235	7.635750315212455	0.0	117403	3909.808733652901	0.009110587	0.05465116279069768
13968.337799942827	235	7.549130966270159	0.0	111989	86.61934894229628	0.00979865	0.05465116279069768
13972.33449384864	235	7.552437060456668	0.0	117954	996.6939058134891	0.01478358	0.05465116279069768
13974.239613893018	235	7.7649765101412775	0.0	119612	1287.46055031539	0.010171004	0.05465116279069768
13974.932826286013	235	7.676700060672807	0.0	119279	88.27644946847148	0.009641359	0.05465116279069768
13976.709503286496	235	7.550829532195555	0.0	84888	125.87052847725062	0.030788027	0.05465116279069768
13977.064338224316	235	7.908815299288875	0.0	123306	142.01423290668143	0.011728541	0.05465116279069768
13979.422447630197	235	7.796170948804653	0.0	107992	112.64435048422263	0.008691991	0.05465116279069768
13980.76157390491	235	7.959340339145732	0.0	122879	336.8306096589202	0.011252096	0.05465116279069768
13980.898981085607	235	7.851784581325033	0.0	101420	107.55575782069874	0.007944167	0.05465116279069768
13982.096820285482	235	7.8332906928264565	0.0	111122	518.4938884985775	0.008041887	0.05465116279069768
13983.223628917673	235	7.560059032420067	0.0	106746	273.23166040639	0.0075563863	0.05465116279069768
13985.779577744659	235	7.918873104817107	0.0	105231	141.18592760296102	0.007468284	0.05465116279069768
13986.533137902365	235	7.709474475657289	0.0	104305	209.39862915981766	0.007953037	0.05465116279069768
13987.157289083772	235	7.879479649224147	0.0	123824	329.9948264331411	0.007720833	0.05465116279069768
13989.854281450936	235	7.88806164313107	0.0	122384	491.418006093077	0.007468284	0.05465116279069768
13994.79684644022	235	6.9454966538475515	0.0	118614	4942.564989283518	0.0076955715	0.05465116279069768
13997.936724438647	235	7.805618655420145	0.0	104233	139.87799842740765	0.007468284	0.05465116279069768
13998.271077683106	235	7.662450707581382	0.0	109960	143.1679478387626	0.008991659	0.05465116279069768
14002.411539797899	235	7.521988592788753	0.0	123840	4140.462114792629	0.009262218	0.05465116279069768
14005.18257004006	235	7.722297177414315	0.0	100892	1799.691415374437	0.008109812	0.05465116279069768
14005.453187913943	235	7.53265765386625	0.0	122307	189.6395235480654	0.0077803736	0.05465116279069768
14006.28704994215	235	7.866215814930465	0.0	118468	166.44183893578503	0.00998345	0.05465116279069768
14008.10903296576	235	7.7489343977595455	0.0	100966	117.28141717091994	0.010004209	0.05465116279069768
14009.118695416488	235	7.566453975617442	0.0	101365	682.4804221421025	0.010497338	0.05465116279069768
14012.929887563168	235	7.755261828936788	0.0	107992	811.1921466806548	0.008765238	0.05465116279069768
14013.472366947677	235	7.9727092243149675	0.0	121240	282.5526046218195	0.008097686	0.05465116279069768
14013.957642251646	235	7.814034962274574	0.0	108243	158.67426204039356	0.008794965	0.05465116279069768
14016.532265844447	235	7.650023686837265	0.0	108782	164.01127543730934	0.009345064	0.05465116279069768
14017.055044107976	235	7.5539407137554555	0.0	122561	96.08297308180929	0.007961521	0.05465116279069768
14022.300055516513	235	6.308929305218687	0.0	122175	5245.011408536769	0.009758137	0.05465116279069768
14024.418199559219	235	7.75571063335691	0.0	109855	2053.2186718617777	0.007468284	0.05465116279069768
14024.970636297729	235	7.717954949524439	0.0	123509	537.7556838324717	0.0074739116	0.05465116279069768
14026.664498555652	235	7.677864347900569	0.0	116414	540.0906016238695	0.007868078	0.05465116279069768
14029.674837442253	235	7.886080732751048	0.0	116234	2291.783615149521	0.008507262	0.05465116279069768
14033.640452601288	235	7.920465573716319	0.0	119490	1465.6151590347295	0.007872094	0.05465116279069768
14034.572995715767	235	7.656279231716577	0.0	101102	264.186341999743	0.01169163	0.05465116279069768
14035.71169844085	235	7.622106255416925	0.0	107367	534.172976299651	0.010653173	0.05465116279069768
14038.790292558564	235	7.585074070950224	0.0	114390	537.0321844667027	0.011776737	0.05465116279069768
14038.99895936422	235	7.948521634746725	0.0	123923	136.5524362034985	0.009708472	0.05465116279069768
14039.857982164627	235	7.76506741927073	0.0	114298	683.4542154759941	0.011261118	0.05465116279069768
14043.03000155586	235	7.726842016119208	0.0	125060	1038.225403151521	0.008577061	0.05465116279069768
14044.296917669644	235	7.620280953267906	0.0	100449	1106.5610628513032	0.008379485	0.05465116279069768
14046.417785495663	235	7.600024565724187	0.0	109515	2020.2563875437183	0.008281213	0.05465116279069768
14048.434672241987	235	7.906386911799629	0.0	96708	1693.6376539245568	0.008197939	0.05465116279069768
14048.93981395032	235	7.725940603833686	0.0	102712	180.44630796594322	0.00817767	0.05465116279069768
14051.180942057717	235	7.97772425031682	0.0	112583	248.21635351686527	0.011864818	0.05465116279069768
14051.49479477575	235	7.777253768241886	0.0	120155	200.47048207493373	0.009650181	0.05465116279069768
14054.90021276146	235	7.591235893366018	0.0	122774	186.01787487586893	0.010195659	0.05465116279069768
14058.937061656428	235	7.554386998396904	0.0	109829	4036.8488949691146	0.009169633	0.05465116279069768
14060.326668197262	235	7.5842082308787795	0.0	104134	470.178767518125	0.007914113	0.05465116279069768
14062.622262171642	235	7.590625130344317	0.0	109163	493.5831005344636	0.007953988	0.05465116279069768
14067.086090577897	235	7.126796724090508	0.0	96155	4463.828406253809	0.00871804	0.05465116279069768
14070.243755278205	235	7.969132023781324	0.0	124497	157.6647003091847	0.0077440175	0.05465116279069768
14071.429179900659	235	7.833171702756713	0.0	118011	135.96032102460958	0.009580994	0.05465116279069768
14072.59593102222	235	7.979028292690291	0.0	99777	354.14341006642195	0.012798142	0.05465116279069768
14076.066348040715	235	7.822623639191362	0.0	112406	656.404653498928	0.009482389	0.05465116279069768
14077.892765393748	235	7.711921145170358	0.0	115077	1110.702494021005	0.008468621	0.05465116279069768
14079.230152528584	235	7.8505850072582435	0.0	106794	861.3361379121131	0.008409023	0.05465116279069768
14082.071153205712	235	7.628110167156525	0.0	115556	222.47484010171843	0.007984283	0.05465116279069768
14083.274391649444	235	7.79575386380412	0.0	124616	832.3563033524039	0.009599222	0.05465116279069768
14083.865348115474	235	7.645716700978583	0.0	120379	150.03716282553836	0.009607615	0.05465116279069768
14086.954372902512	235	7.531663959060896	0.0	121003	614.0527419176874	0.009775774	0.05465116279069768
14089.137064277775	235	7.637804293990235	0.0	103476	1893.8596650706604	0.008243798	0.05465116279069768
14090.179589762323	235	7.970957406812888	0.0	106699	166.84688717734798	0.008124838	0.05465116279069768
14092.241862552417	235	7.837660310449875	0.0	59322	133.2970963630136	0.015080055	0.05465116279069768
14092.412058983336	235	7.671549941857509	0.0	25089	166.11036859236654	0.025257375	0.05465116279069768
14093.489163273945	235	7.590040827717268	0.0	27911	81.50911414024026	0.013872249	0.05465116279069768
14094.56826418828	235	7.50828795878432	0.0	26720	81.75286893294842	0.019377815	0.05465116279069768
14095.203585216628	235	7.899301467310194	0.0	19634	108.98649147412712	0.016996257	0.05465116279069768
14098.091668889703	235	7.678426899210556	0.0	109574	220.87456809963842	0.008239435	0.05465116279069768
14100.925843765128	235	7.554944013985314	0.0	109242	2123.4828852252413	0.008852388	0.05465116279069768
14101.67548312375	235	7.745470329774787	0.0	119137	309.47368421052636	0.007851334	0.05465116279069768
14104.263180485845	235	7.881704485932991	0.0	109280	363.7658438417969	0.008252457	0.05465116279069768
14105.23571852376	235	7.717401226102176	0.0	103177	664.3032598308145	0.00827142	0.05465116279069768
14105.675398963593	235	7.611678395227169	0.0	111862	105.72283087500844	0.008255087	0.05465116279069768
14106.677974163471	235	7.9873695997672405	0.0	119261	124.30879545992839	0.009653153	0.05465116279069768
14107.634720110655	235	7.648129828385458	0.0	121483	839.2397713817824	0.009645699	0.05465116279069768
14111.327627132814	235	7.725429405206803	0.0	120401	922.7004231786545	0.0076361075	0.05465116279069768
14112.222998581075	235	7.607846980566803	0.0	102406	117.58242464000148	0.00762386	0.05465116279069768
14117.651575700604	235	6.179269861039482	0.0	105408	5428.577119527321	0.009151942	0.05465116279069768
14119.878383722937	235	7.9524618387057435	0.0	107146	226.80802233373868	0.007468284	0.05465116279069768
14120.566838002142	235	7.70482178184377	0.0	122350	247.6400568619727	0.008271683	0.05465116279069768
14121.720972462512	235	7.558161662830538	0.0	122604	646.6601190132302	0.009875337	0.05465116279069768
14122.419982625968	235	7.672393751781094	0.0	101922	385.76791104944414	0.009224752	0.05465116279069768
14123.924280372892	235	7.856866004522184	0.0	110921	815.5277472589087	0.008266082	0.05465116279069768
14124.594895444568	235	7.7684434685136985	0.0	107881	88.42253600848647	0.009298008	0.05465116279069768
14126.27178424004	235	7.681095338612274	0.0	106196	87.34812990142444	0.011253803	0.05465116279069768
14127.10694512819	235	7.7592852273218265	0.0	128878	421.81011129044776	0.013152535	0.05465116279069768
14127.883280167123	235	7.754293096284811	0.0	107498	504.9921310370168	0.0085359365	0.05465116279069768
14129.38783944929	235	7.597684909150308	0.0	116590	156.60818713450294	0.007468284	0.05465116279069768
14134.138725084716	235	6.8467992737244785	0.0	104920	4750.88563542583	0.00822248	0.05465116279069768
14137.237743862874	235	7.747780495567062	0.0	105934	99.01877815741786	0.007468284	0.05465116279069768
14137.398117383818	235	7.646521489401184	0.0	118412	101.2590061658784	0.0090506	0.05465116279069768
14139.024610214237	235	7.82283233158256	0.0	122137	823.6891578186246	0.010980472	0.05465116279069768
14142.06400117069	235	7.914538689656143	0.0	120979	408.2936419264164	0.008297781	0.05465116279069768
14147.694919272377	235	6.2836205879694775	0.0	110138	5630.918101686666	0.0077438303	0.05465116279069768
14150.036365348624	235	7.942174511721663	0.0	119529	1341.4460762478132	0.007468284	0.05465116279069768
14150.828306901469	235	7.507434481530115	0.0	117198	434.7400301915465	0.0077025257	0.05465116279069768
14151.312245345289	235	7.534066020947301	0.0	123268	473.3684605828147	0.009848374	0.05465116279069768
14154.88338521196	235	7.962926154274803	0.0	114328	3071.139866672497	0.015600422	0.05465116279069768
14155.481088973902	235	7.874929198259368	0.0	108632	87.99695601543525	0.008819642	0.05465116279069768
14156.087569678886	235	7.786542248730304	0.0	107717	88.38694952906282	0.018878661	0.05465116279069768
14156.869110336365	235	7.614818797717671	0.0	108780	171.7234510126322	0.013293618	0.05465116279069768
14158.321966893032	235	7.90329912261751	0.0	119821	211.51967510015916	0.009785727	0.05465116279069768
14158.692157169513	235	7.798872425160889	0.0	123760	104.42669745662144	0.008255757	0.05465116279069768
14159.08223228627	235	7.69671665629599	0.0	117182	102.15576886489782	0.009203432	0.05465116279069768
14162.624045309502	235	7.529769818624669	0.0	121647	2166.946837671321	0.00792544	0.05465116279069768
14163.651155731379	235	7.658147700465099	0.0	106009	871.6221181595698	0.007468284	0.05465116279069768
14167.520265805124	235	7.751836815451166	0.0	112762	906.3108850139328	0.007468284	0.05465116279069768
14168.59398553238	235	7.900376546188321	0.0	120380	351.46026926284515	0.007468284	0.05465116279069768
14171.715849514963	235	7.896074283891025	0.0	118000	2504.3022622972962	0.007800017	0.05465116279069768
14175.94652478014	235	7.66539901871437	0.0	114144	1730.6752651766544	0.007989101	0.05465116279069768
14177.098986139952	235	7.874286831541053	0.0	115567	791.1121871733179	0.010166604	0.05465116279069768
14177.807496972375	235	7.645706001648467	0.0	117403	228.5808298925854	0.0094050495	0.05465116279069768
14179.088925246133	235	7.954956866035711	0.0	115312	190.74913561275451	0.011830306	0.05465116279069768
14180.952937995613	235	7.519290060368159	0.0	109124	1435.6668056675521	0.010020934	0.05465116279069768
14184.123323827615	235	7.845770116271647	0.0	116111	1173.5199440965112	0.008503191	0.05465116279069768
14185.164567313725	235	7.7630813171698625	0.0	114965	82.68879910178464	0.008328114	0.05465116279069768
14186.208288954082	235	7.6804978404965825	0.0	120128	82.58347667328022	0.017497422	0.05465116279069768
14189.28209584242	235	7.584163478167644	0.0	112243	96.33436232893781	0.013027618	0.05465116279069768
14190.226642366366	235	7.810626479199262	0.0	110423	273.536998968381	0.0088447705	0.05465116279069768
14195.922468621859	235	6.114800223705776	0.0	113008	5695.826255493485	0.007468284	0.05465116279069768
14198.065491909647	235	7.971776935917953	0.0	120328	143.02328778782385	0.007468284	0.05465116279069768
14198.87502573452	235	7.832939557610883	0.0	112336	138.83737830706883	0.007743227	0.05465116279069768
14201.707265966903	235	7.712167664701334	0.0	110448	120.771892909549	0.00891662	0.05465116279069768
14202.940180220352	235	7.91144470771417	0.0	116140	800.7229569871622	0.008802986	0.05465116279069768
14204.1826125076	235	7.716324212321626	0.0	113856	695.120495392545	0.00785855	0.05465116279069768
14206.207280321356	235	7.687646201371008	0.0	112025	1528.6780109506192	0.008070896	0.05465116279069768
14206.752207270814	235	7.872177628045283	0.0	122648	315.46857332572483	0.00773248	0.05465116279069768
14209.379078316306	235	7.629971293364597	0.0	100119	242.20633468068564	0.009172339	0.05465116279069768
14209.609224537695	235	7.91473053807671	0.0	116209	215.24075528788805	0.008785255	0.05465116279069768
14210.15797094762	235	7.607810066165224	0.0	116006	306.92047191148606	0.009578071	0.05465116279069768
14213.040851667889	235	7.7472826750365025	0.0	118272	860.5273911287218	0.0083674975	0.05465116279069768
14213.276752428103	235	7.6005089594997495	0.0	118568	146.773715536752	0.008235398	0.05465116279069768
14214.057645914312	235	7.964625738733463	0.0	112217	135.88322076628592	0.008937063	0.05465116279069768
14215.984482723918	235	7.78371246665316	0.0	118756	180.91327208030168	0.008997417	0.05465116279069768
14217.135930934546	235	7.540950130100168	0.0	123854	242.76233655299296	0.007954741	0.05465116279069768
14220.294618291204	235	7.625949388810325	0.0	112979	415.00074128984437	0.0074842754	0.05465116279069768
14221.49992135549	235	7.97064116435058	0.0	113619	1155.3082244597447	0.007468284	0.05465116279069768
14222.454550490787	235	7.838824016614303	0.0	110753	131.81714773627775	0.007468284	0.05465116279069768
14224.46708950235	235	7.703960504614232	0.0	115427	134.8635120000713	0.008432785	0.05465116279069768
14232.944523195598	235	4.0	0.7734731886341215	106763	8477.433693248353	0.008296462	-3.271283548336025
14233.293935036094	235	7.650588159505251	0.0	104552	349.41184049474975	0.007468284	0.05465116279069768
14236.043943410761	235	7.757844488823037	0.0	121368	392.7436706822135	0.0078110024	0.05465116279069768
14238.53894828351	235	7.648974404443121	0.0	116430	2108.870084379917	0.009085699	0.05465116279069768
14239.579899144315	235	7.531566368223539	0.0	112765	617.4080362195812	0.008283152	0.05465116279069768
14242.465973636086	235	7.760300534631449	0.0	105184	771.2658335920887	0.008374197	0.05465116279069768
14244.201515997986	235	7.909933682771744	0.0	113528	850.3668518597058	0.01096596	0.05465116279069768
14249.921148009804	235	6.190301670954648	0.0	112494	5719.632011817095	0.009673864	0.05465116279069768
14253.443524351118	235	6.667925329639977	0.0	125752	3522.376341314672	0.008778973	0.05465116279069768
14256.406480144118	235	7.629539364726336	0.0	107844	2038.385964913641	0.009808146	0.05465116279069768
14258.444380756302	235	7.523373972678183	0.0	21682	106.16539204815223	0.0256003	0.05465116279069768
14260.003892689592	235	7.90798561609773	0.0	113964	115.38835658045146	0.011591203	0.05465116279069768
14262.604330155438	235	7.7898286715308425	0.0	121729	118.15694456688902	0.01339189	0.05465116279069768
14263.888295559134	235	7.587486230322429	0.0	114588	702.3424412084134	0.011727212	0.05465116279069768
14264.551766460621	235	7.989562260825183	0.0	124677	597.9239694972454	0.008491413	0.05465116279069768
14265.76251133929	235	7.622463287485898	0.0	121228	867.0989733392851	0.0086501725	0.05465116279069768
14268.640581065345	235	7.560251377121957	0.0	109186	562.2119103639403	0.008688847	0.05465116279069768
14273.73775091701	235	6.463081525457976	0.0	103299	5097.169851663981	0.008030757	0.05465116279069768
14276.007275483715	235	7.9453330757839415	0.0	113025	1517.7484496740342	0.007523345	0.05465116279069768
14278.833386914239	235	7.618165419036602	0.0	123615	827.1676567473376	0.009518865	0.05465116279069768
14281.927425047297	235	7.530618239395859	0.0	110292	2087.5471796407446	0.009648049	0.05465116279069768
14283.526520446369	235	7.944316016568324	0.0	119154	86.302222827535	0.01007908	0.05465116279069768
14284.924453665699	235	7.956745995026882	0.0	116780	987.570021541442	0.01630016	0.05465116279069768
14288.573755032308	235	7.542276910614561	0.0	110886	914.4690844123206	0.009478619	0.05465116279069768
14289.882144356734	235	7.9549983895010845	0.0	104897	87.27852111347558	0.009475945	0.05465116279069768
14293.249353624937	235	7.841949157056031	0.0	116431	113.04923244505235	0.016305605	0.05465116279069768
14293.707066355137	235	7.700172809833461	0.0	122833	141.77634722257147	0.012215722	0.05465116279069768
14294.099545957668	235	7.871901200056971	0.0	118784	328.2716097764889	0.008018358	0.05465116279069768
14295.302818012979	235	7.762369168779577	0.0	105278	109.53203127739403	0.008823497	0.05465116279069768
14296.717411265556	235	7.8074425545074115	0.0	113740	454.92661427216467	0.008379191	0.05465116279069768
14299.999851677514	235	7.716055667681287	0.0	111249	591.3868868261255	0.007468284	0.05465116279069768
14300.649258689546	235	7.937378924231951	0.0	109754	278.676743449337	0.007468284	0.05465116279069768
14301.37996538712	235	7.71739070973578	0.0	112841	219.98821449616972	0.007500678	0.05465116279069768
14303.751328738563	235	7.997068275552279	0.0	121692	220.32243418350066	0.007994188	0.05465116279069768
14304.450330639558	235	7.683087783684874	0.0	115892	313.98049186740525	0.007799011	0.05465116279069768
14311.215905558893	235	4.917512864349951	0.0	122891	6765.574919334923	0.00814862	0.05465116279069768
14312.367103924546	235	7.766314498697091	0.0	123939	151.1983656528592	0.007468284	0.05465116279069768
14312.713569720661	235	7.623978947697346	0.0	108511	142.3355509997451	0.009259602	0.05465116279069768
14314.87990038095	235	7.852878740111009	0.0	120251	271.1002075863371	0.0095336605	0.05465116279069768
14318.17100265026	235	7.864942831807317	0.0	127059	2487.9359083036925	0.008605454	0.05465116279069768
14319.563412081221	235	7.530321296830794	0.0	91326	1334.621534976523	0.0076815193	0.05465116279069768
14320.422332267388	235	7.839755151738332	0.0	116592	190.56614509246089	0.008014815	0.05465116279069768
14321.358877432594	235	7.6656595896733855	0.0	112029	174.09556206494693	0.008922918	0.05465116279069768
14322.311403741693	235	7.530621236693143	0.0	124311	135.0383529802424	0.010441061	0.05465116279069768
14324.578385297942	235	7.770874436628556	0.0	107060	1259.7468000645877	0.010492422	0.05465116279069768
14325.561414541167	235	7.500977193108767	0.0	113665	269.89724351978816	0.007862352	0.05465116279069768
14328.25605029493	235	7.716725316080425	0.0	125972	284.2518770283423	0.00820548	0.05465116279069768
14328.877711266523	235	7.565086768650224	0.0	98563	151.6385474302016	0.008498681	0.05465116279069768
14329.960155261655	235	7.968875983166577	0.0	123535	96.21078548364741	0.008577978	0.05465116279069768
14332.18179898367	235	7.8111707269821675	0.0	117453	157.70525618441093	0.008855487	0.05465116279069768
14336.400887576187	235	7.592082134466423	0.0	108716	4219.088592515744	0.008395499	0.05465116279069768
14340.304022428327	235	7.688947282327521	0.0	112047	1903.1348521389025	0.007468284	0.05465116279069768
14341.640109153144	235	7.68448487516207	0.0	114526	504.46240716545077	0.007468284	0.05465116279069768
14345.115226436286	235	7.9677383924163445	0.0	105453	716.7464827457271	0.007733991	0.05465116279069768
14347.452975888527	235	7.794549066493802	0.0	121454	1673.189325922542	0.007928544	0.05465116279069768
14348.071642380915	235	7.9919958834571405	0.0	122162	302.55318303666206	0.008807303	0.05465116279069768
14350.875688074833	235	7.703529691174611	0.0	110838	288.4661922825288	0.010970324	0.05465116279069768
14351.983574577527	235	7.598376190645251	0.0	125099	605.1535005293612	0.010175263	0.05465116279069768
14352.14512054692	235	7.965969707032546	0.0	114838	132.40648361270598	0.0098206	0.05465116279069768
14354.288671615006	235	7.868763915879539	0.0	81325	97.20579115300751	0.014921885	0.05465116279069768
14355.096973664748	235	7.697785529474655	0.0	111935	670.9783864048836	0.009595314	0.05465116279069768
14356.44310673023	235	7.5533808284015835	0.0	104152	1144.4047010730712	0.007789937	0.05465116279069768
14358.552991301147	235	7.80930272514783	0.0	124524	244.07810325375326	0.007468284	0.05465116279069768
14361.419555415514	235	7.763923901795893	0.0	110933	2045.3788233519365	0.008164926	0.05465116279069768
14365.646055394967	235	7.537423922343365	0.0	126490	1726.4999794525274	0.007468284	0.05465116279069768
14365.910371413132	235	7.859108548494738	0.0	100533	178.3153738486269	0.007912124	0.05465116279069768
14366.282908925872	235	7.675840114282644	0.0	102998	183.26843421209293	0.009919788	0.05465116279069768
14367.281507154297	235	7.981175539334401	0.0	111464	194.66457494824283	0.009615449	0.05465116279069768
14368.759708297519	235	7.854041794461387	0.0	26103	627.1337448730138	0.01880263	0.05465116279069768
14372.876418335498	235	7.737331756482834	0.0	113799	2616.710037978553	0.008117739	0.05465116279069768
14374.09587774163	235	7.692990771576667	0.0	123927	544.3409849061659	0.00786727	0.05465116279069768
14377.502172777913	235	7.761902464047646	0.0	112425	2931.088307529021	0.008271574	0.05465116279069768
14381.271739199028	235	7.992336042933115	0.0	120908	2769.566421114531	0.008283327	0.05465116279069768
14381.42694353093	235	7.8471204519146776	0.0	104541	145.21559101843803	0.008726077	0.05465116279069768
14381.689481171336	235	7.680846002153912	0.0	126783	166.27444976076555	0.011392361	0.05465116279069768
14382.906933317368	235	7.787251524459431	0.0	110453	393.5944776944815	0.011493686	0.05465116279069768
14384.413524256935	235	7.860884888845143	0.0	123429	926.3666356142875	0.009100131	0.05465116279069768
14387.923989104436	235	7.586264617069564	0.0	117314	774.6202717755787	0.008296314	0.05465116279069768
14389.938963069615	235	7.64619992234289	0.0	113269	1440.064694726673	0.008484483	0.05465116279069768
14391.18595930468	235	7.520156440036653	0.0	110038	626.043482306237	0.008212281	0.05465116279069768
14393.939938409325	235	7.663643264092678	0.0	119687	356.51317594397517	0.0086685065	0.05465116279069768
14394.558700455202	235	7.512995205504866	0.0	121429	150.6480585878126	0.009521935	0.05465116279069768
14397.456544738381	235	7.508130057560376	0.0	115757	2504.8651479444884	0.010020194	0.05465116279069768
14400.508606229325	235	7.638588879704417	0.0	118013	869.5411778559588	0.008133105	0.05465116279069768
14401.462518689903	235	7.962892805961197	0.0	117571	175.69607374322138	0.008318046	0.05465116279069768
14402.495292423066	235	7.795614132796918	0.0	118765	167.27867316427907	0.009623714	0.05465116279069768
14404.653620262488	235	7.85369774308484	0.0	118781	441.91638971207806	0.009856804	0.05465116279069768
14405.452774537696	235	7.76732633033819	0.0	117839	86.37141274665086	0.007882553	0.05465116279069768
14408.277061815266	235	7.671574122782593	0.0	111750	95.75220755559745	0.011945414	0.05465116279069768
14408.944300657335	235	7.9122222367561665	0.0	121484	259.35188602642654	0.00913673	0.05465116279069768
14410.910010579884	235	7.8433107535025774	0.0	124473	1568.9114832535886	0.007836172	0.05465116279069768
14414.201016517805	235	7.606207004189557	0.0	30289	737.103749313021	0.00883211	0.05465116279069768
14414.810904645645	235	7.7882140345743025	0.0	123560	317.992969615255	0.007468284	0.05465116279069768
14415.919250446279	235	7.5899887133694754	0.0	109167	698.2253212048279	0.007468284	0.05465116279069768
14419.019832996848	235	7.7047576777996385	0.0	111641	885.2310355698369	0.008198254	0.05465116279069768
14420.371424201754	235	7.596637832844415	0.0	122286	108.11984495522414	0.008859595	0.05465116279069768
14423.278422882626	235	7.974874172385069	0.0	110888	121.76366045934641	0.01266958	0.05465116279069768
14424.727002026228	235	7.748202110790398	0.0	111833	726.6720615946701	0.011210708	0.05465116279069768
14425.580051561687	235	7.6276308840658675	0.0	110550	120.57122672452945	0.008108366	0.05465116279069768
14428.471889024768	235	7.507951306891864	0.0	114114	119.67957717400282	0.00921146	0.05465116279069768
14432.415514446788	235	7.564325884871589	0.0	112281	3443.6254220202754	0.008672871	0.05465116279069768
14433.943013718885	235	7.828467902786535	0.0	113751	235.85798208505315	0.007468284	0.05465116279069768
14434.587487264977	235	7.612051774747139	0.0	110804	216.41612803939674	0.007833756	0.05465116279069768
14436.224733795689	235	7.717457218416837	0.0	111103	394.5945563303012	0.0084535135	0.05465116279069768
14437.267432520408	235	7.720433843247716	0.0	116601	997.0233751691225	0.007926903	0.05465116279069768
14440.937759741639	235	7.745107907408397	0.0	116498	975.3259358393198	0.00786641	0.05465116279069768
14442.61535653161	235	7.656310155114774	0.0	112687	88.79775229362275	0.008849904	0.05465116279069768
14443.299847848826	235	7.568464015346195	0.0	117901	87.84613976857744	0.01166797	0.05465116279069768
14445.125201622941	235	7.635109717012971	0.0	114880	433.3542983332247	0.014646987	0.05465116279069768
14445.67920393153	235	7.500608300608346	0.0	111468	134.5014164046242	0.008176981	0.05465116279069768
14448.767250866596	235	7.876335279167603	0.0	117067	124.27302144074427	0.008196423	0.05465116279069768
14452.903596814504	235	7.739989331259569	0.0	112067	3136.345947908034	0.008457129	0.05465116279069768
14453.044126238481	235	7.639784550038849	0.0	112540	100.20478122072049	0.007468284	0.05465116279069768
14455.222386926434	235	7.530816527439099	0.0	116322	108.96802259974942	0.008657332	0.05465116279069768
14456.753511612189	235	7.759900517240065	0.0	113470	770.9160101990334	0.009292563	0.05465116279069768
14461.011968226827	235	7.501443902599535	0.0	121194	3258.4566146405296	0.0074695954	0.05465116279069768
14465.391483072188	235	7.121929057239331	0.0	109199	4379.514845360203	0.007468284	0.05465116279069768
14466.09142651224	235	7.7050474049904984	0.0	111298	416.8816522488331	0.0078101493	0.05465116279069768
14467.47710682838	235	7.788738140822355	0.0	109249	416.309264168144	0.008239907	0.05465116279069768
14470.256121047907	235	7.974416557046401	0.0	115682	2314.321583775954	0.011265679	0.05465116279069768
14474.375946770124	235	7.854590834829407	0.0	109292	1619.825722216994	0.012030369	0.05465116279069768
14474.977505257984	235	7.7660707698824805	0.0	115738	88.52006494692581	0.009490829	0.05465116279069768
14477.597797771516	235	7.672443724574357	0.0	114482	93.62704530812232	0.020825267	0.05465116279069768
14477.91251138654	235	7.988419651173674	0.0	123368	184.02407340068405	0.014203488	0.05465116279069768
14478.68417824569	235	7.87793099241106	0.0	112699	610.4886587626137	0.009855028	0.05465116279069768
14479.973400767405	235	7.773908831746241	0.0	108129	104.02216066481995	0.007937161	0.05465116279069768
14482.295631487728	235	7.915393652109491	0.0	120548	1358.5151796367495	0.009221286	0.05465116279069768
14483.933456441406	235	7.788338945614931	0.0	109534	1627.0547064945604	0.0074736476	0.05465116279069768
14485.796674621288	235	7.807114979263291	0.0	115836	981.2239663516395	0.007571221	0.05465116279069768
14486.16421949561	235	7.518339648866815	0.0	112556	288.7753303964758	0.008172432	0.05465116279069768
14486.688392417567	235	7.505637959851543	0.0	110320	512.7016890152722	0.009008233	0.05465116279069768
14489.708470730648	235	7.936834419782532	0.0	116147	2568.8035400690123	0.008462703	0.05465116279069768
14491.302559135642	235	7.536427603788436	0.0	114213	900.4068159940965	0.009816965	0.05465116279069768
14494.650722486133	235	7.659186723044572	0.0	119641	877.2408807438642	0.008674706	0.05465116279069768
14494.973466416657	235	7.928275992656836	0.0	119244	230.9107303877367	0.0096578635	0.05465116279069768
14498.343762357803	235	7.749044622151365	0.0	114255	179.2313705054716	0.010362714	0.05465116279069768
14500.68695266018	235	7.871481756283007	0.0	113147	1377.5628658683577	0.010043636	0.05465116279069768
14501.785833520204	235	7.7343550445247855	0.0	119976	137.12671175822035	0.008549075	0.05465116279069768
14503.832699287062	235	7.65179923522782	0.0	112749	82.55580929696629	0.010329682	0.05465116279069768
14504.937475838798	235	7.541565938140732	0.0	111562	110.23329708708923	0.013769727	0.05465116279069768
14505.734426430738	235	7.850362269496698	0.0	115640	191.20366864403215	0.009137653	0.05465116279069768
14508.743677489067	235	7.6086102019789905	0.0	119186	241.75206751770642	0.007508415	0.05465116279069768
14512.360459578333	235	7.991828112712795	0.0	110700	3616.7820892661957	0.007468284	0.05465116279069768
14513.12675977574	235	7.851818554048128	0.0	114574	140.00955866466765	0.007468284	0.05465116279069768
14514.135935682585	235	7.870375919995339	0.0	114093	481.44263405278997	0.007874301	0.05465116279069768
14515.748983309797	235	7.537718742785549	0.0	121286	832.6571772097894	0.007874504	0.05465116279069768
14517.857596422302	235	7.8336074115353185	0.0	111673	704.1113312502313	0.008074064	0.05465116279069768
14519.569490466774	235	7.639911279926568	0.0	116778	1193.6961316087502	0.008097762	0.05465116279069768
14523.25396331871	235	7.955438427990488	0.0	109118	1684.4728519360806	0.0086770635	0.05465116279069768
14523.885714525088	235	7.6563982072016845	0.0	114091	299.0402207888044	0.008424172	0.05465116279069768
14525.070743016713	235	7.937739454183151	0.0	119146	218.65875301853305	0.010680218	0.05465116279069768
14527.326538918023	235	7.753026372830027	0.0	109612	184.71308135312506	0.010506927	0.05465116279069768
14528.432170793549	235	7.9457518450471545	0.0	116187	307.2745277828718	0.009879747	0.05465116279069768
14528.786804389842	235	7.627613720771685	0.0	114873	318.1381242754677	0.008575583	0.05465116279069768
14530.530282025115	235	7.984122639144412	0.0	112905	143.49108162727353	0.008190108	0.05465116279069768
14531.321831839365	235	7.8483410088415715	0.0	112013	135.78163030284168	0.008909406	0.05465116279069768
14532.135547284372	235	7.729367378311458	0.0	117980	118.97363053011472	0.008610116	0.05465116279069768
14532.789079309212	235	7.959972273130152	0.0	115692	269.39510518130476	0.0080767535	0.05465116279069768
14534.207459310801	235	7.892850732163857	0.0	111006	1067.1215409662937	0.007468284	0.05465116279069768
14537.573962763852	235	7.720728235951494	0.0	112492	1172.1224962123624	0.007468284	0.05465116279069768
14538.673959591162	235	7.588420300715327	0.0	111802	132.30793523616808	0.007468284	0.05465116279069768
14548.902940787173	235	4.0	2.6405608952974746	107182	10228.9811960128	0.007932086	-11.299760686988442
14549.300302121967	235	7.602638665206468	0.0	123160	397.3613347935322	0.007468284	0.05465116279069768
14551.891356027614	235	7.7341274238227165	0.0	111964	368.5112413837531	0.008225096	0.05465116279069768
14553.471462147818	235	7.765345695852238	0.0	81501	1468.781727970478	0.011768746	0.05465116279069768
14554.184702960983	235	7.674387485385494	0.0	107215	590.9582104667442	0.009010108	0.05465116279069768
14557.185536859872	235	7.695111837290838	0.0	115786	979.2756480946553	0.00775584	0.05465116279069768
14558.899662225473	235	7.808828279888065	0.0	118821	886.2835574027737	0.009198053	0.05465116279069768
14564.555677680188	235	6.15281282517231	0.0	108984	5656.0154547157545	0.008259958	0.05465116279069768
14567.957465653173	235	6.75102485218505	0.0	115961	3401.78797298726	0.008120151	0.05465116279069768
14570.927703379079	235	7.588228607185141	0.0	114695	2162.7962449999077	0.008726876	0.05465116279069768
14572.585730897626	235	7.863435588362456	0.0	119983	224.79301882268467	0.008257243	0.05465116279069768
14574.14925423543	235	7.746791169320455	0.0	118009	116.64441904200007	0.0098138945	0.05465116279069768
14576.747919454112	235	7.630898019360127	0.0	114507	115.89314996032795	0.009955864	0.05465116279069768
14577.54201123168	235	7.923738164937837	0.0	115475	707.1598544222915	0.00879148	0.05465116279069768
14578.370083883947	235	7.746167800381286	0.0	114637	677.5703645565502	0.007468284	0.05465116279069768
14580.134282556024	235	7.899319608196893	0.0	118109	846.8481921843932	0.007468284	0.05465116279069768
14582.744319491061	235	7.753476380624088	0.0	127966	645.8432275728045	0.007468284	0.05465116279069768
14588.245435212757	235	6.252360658926604	0.0	107409	5501.115721697483	0.007468284	0.05465116279069768
14590.768761655754	235	7.633852152009766	0.0	120946	1618.508506916839	0.007468284	0.05465116279069768
14592.970521319052	235	7.945381288400171	0.0	114577	688.4708636095955	0.0076218126	0.05465116279069768
14596.051364374063	235	7.871604160738548	0.0	120135	2573.7771276616218	0.007812773	0.05465116279069768
14597.651741799411	235	7.784948411740014	0.0	125838	86.65574899853425	0.007853497	0.05465116279069768
14598.959069354483	235	7.843145472377521	0.0	110891	941.8029393624939	0.010249522	0.05465116279069768
14602.21301739065	235	7.853933762149083	0.0	121153	989.2117102284375	0.007521746	0.05465116279069768
14603.552969393179	235	7.765825923854485	0.0	116849	88.1078382945986	0.007507663	0.05465116279069768
14606.956644140037	235	7.649910632541969	0.0	126528	115.9152913125163	0.009973759	0.05465116279069768
14607.435989583966	235	7.514117638350807	0.0	110936	135.79299419116353	0.008560263	0.05465116279069768
14607.854467508223	235	7.686654901090678	0.0	118397	327.46273726012726	0.007468284	0.05465116279069768
14609.09625880939	235	7.571266844005928	0.0	126154	115.38805708475051	0.007468284	0.05465116279069768
14610.499093697226	235	7.638551022128398	0.0	107002	432.7158218775291	0.007468284	0.05465116279069768

