10108.805469936578	375	4.0	0.21007767913760303	164106	210.07767913760304	0.007468284	-0.8161247179661115
10108.975361344314	235	7.830108592263792	0.0	113407	169.891407736208	0.008873997	-0.08534883720930234
10110.464106588448	235	7.655720513633481	0.0	119080	174.3880786303107	0.009175076	0.05465116279069768
10111.701181072118	235	7.64336185455023	0.0	106499	1012.3586590832509	0.008857921	0.05465116279069768
10112.475671114704	235	7.558474745551784	0.0	126538	584.8871089984463	0.007618819	0.05465116279069768
10114.979255322205	235	7.851984108594821	0.0	115894	706.4906369569636	0.0077228574	0.05465116279069768
10115.962676641231	235	7.704320234353452	0.0	106264	147.663874241369	0.007512046	0.05465116279069768
10118.921877597564	235	7.602598478579843	0.0	110228	101.72175577361018	0.008672928	0.05465116279069768
10122.876081283774	235	7.648394792370498	0.0	118138	3454.2036862093446	0.008828478	0.05465116279069768
10123.637131463953	235	7.843711145666406	0.0	114569	304.6836467040914	0.007857571	0.05465116279069768
10126.523906460312	235	7.588506914224217	0.0	108896	255.20423144218975	0.008134562	0.05465116279069768
10130.522333748899	235	7.590079625636468	0.0	100936	3998.427288587749	0.009034162	0.05465116279069768
10132.14479161481	235	7.818349719433034	0.0	106633	771.7299062034356	0.0076943506	0.05465116279069768
10134.593036342067	235	7.963591335658288	0.0	120657	854.7583837747457	0.007814552	0.05465116279069768
10136.246868958042	235	7.872418199410742	0.0	94713	91.17313624754479	0.010957405	0.05465116279069768
10138.919538158598	235	7.777413338996153	0.0	115286	95.00486041458727	0.011967801	0.05465116279069768
10143.72407801446	235	6.972873483133477	0.0	115138	4804.539855862677	0.014360361	0.05465116279069768
10145.107401224948	235	7.6238139758894725	0.0	117445	849.0595072440043	0.008042356	0.05465116279069768
10147.109717012729	235	7.849787933621257	0.0	117076	774.0260422682138	0.00799038	0.05465116279069768
10147.561791936885	235	7.947895344299977	0.0	116165	401.8925893212795	0.0087130545	0.05465116279069768
10148.362157416062	235	7.532803772128351	0.0	105091	415.0915721716256	0.00898001	0.05465116279069768
10150.101474490533	235	7.556282188396988	0.0	117977	476.52158373136183	0.008483392	0.05465116279069768
10150.933535701946	235	7.97214932805936	0.0	115526	84.13286033762878	0.011134395	0.05465116279069768
10152.770116880823	235	7.887822914157887	0.0	103076	84.32641390147352	0.015310855	0.05465116279069768
10153.614465622062	235	7.80177592602565	0.0	126940	86.04698813223797	0.014469167	0.05465116279069768
10155.467092072313	235	7.7146135774535685	0.0	108388	87.16234857207994	0.010934112	0.05465116279069768
10156.392403691609	235	7.594689818646646	0.0	128949	119.92375880692208	0.008230246	0.05465116279069768
10159.933840427391	235	7.936665380998514	0.0	100613	158.02443764813083	0.0076538753	0.05465116279069768
10160.807171781871	235	7.651705852825997	0.0	105558	284.959528172518	0.007468284	0.05465116279069768
10162.209804481776	235	7.94507541602804	0.0	120085	1206.630436797957	0.007468284	0.05465116279069768
10166.395326423955	235	7.7595534738492	0.0	109443	2185.5219421788383	0.007468284	0.05465116279069768
10168.749820018938	235	7.835568778996864	0.0	110127	1423.9846948523373	0.007468284	0.05465116279069768
10168.969433544924	235	7.651016466068301	0.0	112103	184.55231292856428	0.007468284	0.05465116279069768
10171.193131754968	235	7.51669796757547	0.0	122311	134.31849849283054	0.00935535	0.05465116279069768
10171.934317613881	235	7.900794893894479	0.0	111486	115.9030736809901	0.011042595	0.05465116279069768
10174.75268673892	235	7.764251723990524	0.0	120062	136.5431699039557	0.01066677	0.05465116279069768
10176.131061914217	235	7.625977113909932	0.0	104388	638.2746100805925	0.008961896	0.05465116279069768
10179.641553912634	235	7.940781397309223	0.0	109423	3185.1957166007096	0.007772961	0.05465116279069768
10183.959581161631	235	7.6227541483126275	0.0	100326	2318.027248996595	0.007468284	0.05465116279069768
10185.259874333906	235	7.5867693275819725	0.0	107145	1035.984820730655	0.0075016473	0.05465116279069768
10186.38851486085	235	7.807603239883434	0.0	106534	279.16608769853883	0.0077316226	0.05465116279069768
10188.425498306218	235	7.91084873682218	0.0	120130	396.7545030612558	0.008963945	0.05465116279069768
10189.123412652536	235	7.824506034817601	0.0	105525	86.34270200457783	0.010460278	0.05465116279069768
10189.823995062698	235	7.740000651892031	0.0	110596	84.50538292556989	0.013609297	0.05465116279069768
10191.611975363778	235	7.61404901497062	0.0	115525	125.95163692140937	0.013009912	0.05465116279069768
10192.083179188057	235	7.9194614349093575	0.0	102871	194.58758006126428	0.009989455	0.05465116279069768
10192.683270980373	235	7.717723660862284	0.0	115116	201.737774047073	0.007846719	0.05465116279069768
10194.26063848427	235	7.58821691804683	0.0	108572	129.50674281545318	0.0077144653	0.05465116279069768
10195.081933798936	235	7.611499641255188	0.0	112028	476.7172767916427	0.007468284	0.05465116279069768
10196.210562764625	235	7.929474177347202	0.0	117145	182.0254639079859	0.007468284	0.05465116279069768
10196.403431445435	235	7.76634158783408	0.0	94860	163.13258951312093	0.007551839	0.05465116279069768
10198.226453362664	235	7.544698674866989	0.0	103603	721.6429129670906	0.007615035	0.05465116279069768
10198.99738998096	235	7.904919867849447	0.0	106481	139.77880701754387	0.0074777487	0.05465116279069768
10200.844505344805	235	7.756941091565446	0.0	110262	147.97877628400013	0.008009989	0.05465116279069768
10202.307893178495	235	7.5798154685001915	0.0	113118	677.1256230652543	0.0082486775	0.05465116279069768
10205.39816808472	235	7.877809120699938	0.0	105689	702.0063478002539	0.007468284	0.05465116279069768
10205.8782834547	235	7.776885714919998	0.0	129207	100.92340577993963	0.007468284	0.05465116279069768
10206.631150562125	235	7.550048143308903	0.0	111335	226.8375716110951	0.010222411	0.05465116279069768
10209.090650116164	235	7.793313134195432	0.0	107266	256.7350091134704	0.007850146	0.05465116279069768
10210.976588971393	235	7.606725979044299	0.0	113015	1686.5871551511339	0.007970592	0.05465116279069768
10214.328156172915	235	7.725118228324214	0.0	109873	2381.607750720084	0.0075596855	0.05465116279069768
10218.000627200272	235	7.833862440045523	0.0	105556	1891.2557882786925	0.0077124583	0.05465116279069768
10219.45343282755	235	7.707567245946739	0.0	105136	626.2951940987839	0.007728675	0.05465116279069768
10222.884096559303	235	7.86099059665883	0.0	121483	846.5766492879081	0.009921702	0.05465116279069768
10224.025450954845	235	7.787356940120877	0.0	112055	573.6336565379523	0.0095282765	0.05465116279069768
10225.017919333344	235	7.784483120373388	0.0	121340	502.87381974748814	0.010146196	0.05465116279069768
10227.7700024986	235	7.8582388171216735	0.0	118366	426.2443032517159	0.009263985	0.05465116279069768
10228.77582271319	235	7.712748140828436	0.0	113952	645.4906762932378	0.010214437	0.05465116279069768
10229.253110735805	235	7.608268898670178	0.0	115477	104.47924215825908	0.009168244	0.05465116279069768
10230.735316280172	235	7.513570516714111	0.0	106817	94.69838195606667	0.012851144	0.05465116279069768
10230.972238100723	235	7.798863187643772	0.0	109544	214.7073290703394	0.010504051	0.05465116279069768
10233.080926225872	235	7.715626370809874	0.0	107269	83.23681683389773	0.008293156	0.05465116279069768
10238.26720440679	235	6.529348189892007	0.0	133059	5186.278180917868	0.009051764	0.05465116279069768
10240.902319572306	235	7.894233024375513	0.0	104673	135.11516551649243	0.007468284	0.05465116279069768
10241.548620522066	235	7.753504876863608	0.0	115333	140.72814751190487	0.0074684033	0.05465116279069768
10243.142771933595	235	7.669215572222856	0.0	105302	84.2893046407521	0.008904811	0.05465116279069768
10247.275758512274	235	7.536228993541432	0.0	109858	632.986578681424	0.009354224	0.05465116279069768
10248.55077055894	235	7.890147312994224	0.0	115448	146.08168054720812	0.007468284	0.05465116279069768
10249.249258082626	235	7.565368734209467	0.0	112898	324.778578784758	0.008817803	0.05465116279069768
10250.232983614	235	7.970360440974607	0.0	113163	95.00829323485894	0.007468284	0.05465116279069768
10250.809181411727	235	7.586620161179766	0.0	103266	383.7402797948416	0.0108999275	0.05465116279069768
10251.325772587199	235	7.634553332408883	0.0	118587	452.066828770884	0.0075443173	0.05465116279069768
10252.135395422027	235	7.972004088346577	0.0	121691	162.54924406230657	0.007667451	0.05465116279069768
10253.42521552244	235	7.61013083352126	0.0	119251	361.87325482531867	0.007674192	0.05465116279069768
10256.366685299237	235	7.808369367916346	0.0	105993	301.76146560491384	0.008072462	0.05465116279069768
10260.26505893903	235	7.90999572812377	0.0	124220	3398.373639792576	0.007468284	0.05465116279069768
10261.002533931105	235	7.503799207579548	0.0	119832	406.1965205442198	0.007755088	0.05465116279069768
10264.024695896866	235	7.868357460462797	0.0	121713	135.4417471167506	0.007865513	0.05465116279069768
10266.358584478508	235	7.854773278964933	0.0	108737	1513.5841814978646	0.0103681255	0.05465116279069768
10267.506024068469	235	7.65120568405668	0.0	109935	203.567594908253	0.008801755	0.05465116279069768
10270.302968939282	235	7.934669246176858	0.0	114968	216.53643787982259	0.008780643	0.05465116279069768
10272.936234392335	235	7.861740736115065	0.0	112742	2072.9285100617917	0.009017851	0.05465116279069768
10280.70404796942	235	4.093927159030059	0.0	123373	7767.813577085006	0.008175625	0.05465116279069768
10282.616057251142	235	6.181917877308722	0.0	108558	1912.0092817213376	0.007468284	0.05465116279069768
10286.766806383495	235	6.031168744955768	0.0	116596	4150.749132352954	0.008838907	0.05465116279069768
10289.271433141366	235	7.526541987086575	0.0	119833	1004.6267578691935	0.008535469	0.05465116279069768
10289.48841992524	235	7.8993164411582075	0.0	114903	127.22554592836721	0.010549974	0.05465116279069768
10292.013037678022	235	7.64188818373972	0.0	118053	257.4282574184882	0.0145402225	0.05465116279069768
10292.441971018729	235	7.521016261068768	0.0	116650	120.871922670953	0.010643524	0.05465116279069768
10292.748703017596	235	7.731680970651491	0.0	112311	289.3352904172783	0.011837054	0.05465116279069768
10294.87000070808	235	7.88973047963461	0.0	108531	341.9504910168801	0.009422123	0.05465116279069768
10296.153974170915	235	7.597417347952034	0.0	108841	292.31313168257685	0.009471724	0.05465116279069768
10301.311708798814	235	6.439682720050587	0.0	117754	5157.734627901447	0.0080397315	0.05465116279069768
10303.958607953731	235	7.792783565133654	0.0	111768	146.89915491693196	0.007504868	0.05465116279069768
10305.810706729686	235	7.644881234140914	0.0	113444	147.9023309927388	0.007958638	0.05465116279069768
10306.236434770675	235	7.994115436127271	0.0	121707	150.76579801364215	0.009935824	0.05465116279069768
10309.261725992748	235	7.94895094657933	0.0	119754	2045.1644895479405	0.009302092	0.05465116279069768
10315.390595640065	235	5.820081299262861	0.0	120971	6128.86964731647	0.00759343	0.05465116279069768
10317.461547464069	235	7.749129475258405	0.0	110188	570.9518240044556	0.007468284	0.05465116279069768
10318.790811926037	235	7.559471346195922	0.0	117732	689.6581290624842	0.00805466	0.05465116279069768
10321.268934549671	235	7.600213200832513	0.0	117160	1959.2581453634084	0.009584743	0.05465116279069768
10323.628142569722	235	7.8900414299418715	0.0	115553	1210.1717708906413	0.009314343	0.05465116279069768
10325.45867580713	235	7.509292935817255	0.0	114213	380.74849412461737	0.009940023	0.05465116279069768
10326.1844074558	235	7.581319483123938	0.0	112726	427.9734526933169	0.010270663	0.05465116279069768
10327.213965768437	235	7.925419424795331	0.0	118739	155.9000583286058	0.010492602	0.05465116279069768
10331.37716065924	235	7.74065110654552	0.0	113377	184.76831824981087	0.012375941	0.05465116279069768
10332.599778083366	235	7.7310556807616155	0.0	110306	509.59542578390386	0.010445186	0.05465116279069768
10333.908351173168	235	7.791280135032045	0.0	117813	939.7755457295721	0.008216042	0.05465116279069768
10336.912395326272	235	7.928156830516881	0.0	116589	863.1233045151632	0.007843398	0.05465116279069768
10340.844913204493	235	7.995638952295669	0.0	108484	3432.517878221212	0.00800077	0.05465116279069768
10341.990813370194	235	7.766408232844382	0.0	119066	229.2307194512871	0.0075440784	0.05465116279069768
10343.997123345693	235	7.68158796821908	0.0	120001	84.8202646253016	0.008742016	0.05465116279069768
10345.126248661665	235	7.53777016567151	0.0	125816	143.81780254756876	0.013599626	0.05465116279069768
10346.117205195	235	7.99494565571627	0.0	112449	542.82450995524	0.009942105	0.05465116279069768
10349.00715132812	235	7.984038600845049	0.0	117845	510.9070548712207	0.007940828	0.05465116279069768
10353.281860743242	235	7.709329185723766	0.0	114725	3774.7094151212837	0.00774296	0.05465116279069768
10354.095337963008	235	7.549464822525693	0.0	124239	159.86436319807154	0.0074966033	0.05465116279069768
10355.390055585334	235	7.938912439646341	0.0	113251	110.5523828793512	0.008468598	0.05465116279069768
10355.959396289907	235	7.891324707083585	0.0	120709	547.5877325627566	0.011681612	0.05465116279069768
10358.4856983902	235	7.784050142943085	0.0	128262	607.2745641405005	0.008756079	0.05465116279069768
10362.69969660271	235	7.570051930430951	0.0	113529	3213.9982125121333	0.00800341	0.05465116279069768
10364.864298429722	235	7.90526389125704	0.0	112286	1164.788039173912	0.007704545	0.05465116279069768
10367.975755140938	235	7.519942429567585	0.0	120999	885.321461689455	0.007911157	0.05465116279069768
10368.97967117109	235	7.798052039256141	0.0	101198	221.89039031144296	0.009023259	0.05465116279069768
10371.881800367932	235	7.6980002607548395	0.0	109740	100.05177850130131	0.012605661	0.05465116279069768
10372.858508330126	235	7.570684988828143	0.0	110278	127.31527192669604	0.011377759	0.05465116279069768
10373.380182746307	235	7.9445441258709835	0.0	112631	126.14086295715938	0.010809448	0.05465116279069768
10376.942784294662	235	7.821010128304813	0.0	114477	123.53399756616976	0.009261871	0.05465116279069768
10377.635670399777	235	7.899100851142175	0.0	125411	421.9092771626374	0.009047799	0.05465116279069768
10383.53305479596	235	6.001716454960698	0.0	122380	5897.384396181477	0.0076169358	0.05465116279069768
10385.69815948443	235	7.836611766492042	0.0	117545	165.1046884686568	0.007468284	0.05465116279069768
10386.126231341217	235	7.667808794398408	0.0	122653	168.80297209363363	0.0077631846	0.05465116279069768
10387.584167683062	235	7.528475065823077	0.0	111339	139.33372857533024	0.00802709	0.05465116279069768
10389.606193452813	235	7.8867634875828845	0.0	109081	141.71157824019235	0.008945549	0.05465116279069768
10390.704114251515	235	7.737960183987107	0.0	110382	148.80330359577704	0.008500984	0.05465116279069768
10393.24170285446	235	7.653724630067344	0.0	127719	1584.2355539197645	0.008228738	0.05465116279069768
10397.084716405452	235	7.6688943790844695	0.0	121808	984.8302509828736	0.007469357	0.05465116279069768
10399.037689085357	235	7.581499689135813	0.0	107920	87.39468994865703	0.0076223533	0.05465116279069768
10399.669043456566	235	7.908611498509996	0.0	124159	172.88819062581828	0.010009149	0.05465116279069768
10401.216604113604	235	7.8240642602820465	0.0	111766	84.54723822794982	0.008191001	0.05465116279069768
10402.368454282232	235	7.658645885375592	0.0	126235	665.4183749064546	0.008846967	0.05465116279069768
10403.36729717224	235	7.547440337230086	0.0	108915	611.2055481455067	0.007476945	0.05465116279069768
10405.765612708654	235	7.752101239955357	0.0	122820	295.3390972747296	0.0074759275	0.05465116279069768
10407.529432964651	235	7.881679331525746	0.0	115451	870.4219084296105	0.007586709	0.05465116279069768
10408.46917528822	235	7.568007343524416	0.0	121079	813.6719880013297	0.0078071896	0.05465116279069768
10410.76872486534	235	7.9272677227497335	0.0	115451	640.7396207746837	0.007468284	0.05465116279069768
10412.4236396279	235	7.623215319640743	0.0	128698	804.0524031089896	0.009282824	0.05465116279069768
10415.15161532387	235	7.803658651379923	0.0	111757	2319.5566682608214	0.008375019	0.05465116279069768
10419.00639747732	235	7.948876497929092	0.0	117842	2854.782153450831	0.008714393	0.05465116279069768
10419.941982688684	235	7.862684482824423	0.0	123966	86.19201510466877	0.008631006	0.05465116279069768
10421.881967033452	235	7.777388908569485	0.0	112515	85.2955742549385	0.017485432	0.05465116279069768
10423.02328548057	235	7.594074070268914	0.0	130342	183.31483830057073	0.014157585	0.05465116279069768
10425.515392775711	235	7.776022227106754	0.0	108308	818.0518431621613	0.009174494	0.05465116279069768
10426.72075017651	235	7.6958712526953965	0.0	125351	580.1509744113564	0.007498212	0.05465116279069768
10427.703978202075	235	7.7073604531077615	0.0	107832	488.51079958763415	0.007838322	0.05465116279069768
10428.46490628084	235	7.534255026715019	0.0	124770	173.10542639274306	0.0076023876	0.05465116279069768
10434.190053010469	235	5.809108297084957	0.0	118794	5725.146729630062	0.009093329	0.05465116279069768
10436.000294473466	235	7.9988668340888545	0.0	117403	310.2414629961023	0.007664348	0.05465116279069768
10436.482753228644	235	7.699242878998521	0.0	111989	299.6239550903341	0.009513964	0.05465116279069768
10442.834283266651	235	5.34771284099148	0.0	117954	6351.530038007041	0.009426718	0.05465116279069768
10444.190208144884	235	7.991787962756736	0.0	119612	855.9248782347429	0.007743366	0.05465116279069768
10445.62602726547	235	7.638023260628506	0.0	119279	853.7647021282304	0.008072251	0.05465116279069768
10446.592734628617	235	7.634196788283607	0.0	84888	503.82647234489843	0.012192131	0.05465116279069768
10447.163938591737	235	7.540035252124564	0.0	123306	94.16153615904251	0.009386913	0.05465116279069768
10453.81506927222	235	4.888904571641388	0.0	107992	6651.130680483177	0.01810898	0.05465116279069768
10455.199711983196	235	7.504261860664879	0.0	122879	884.6427109765082	0.008083019	0.05465116279069768
10456.923775325553	235	7.760138098693854	0.0	101420	744.1237619710241	0.009297118	0.05465116279069768
10460.215220967955	235	7.814385067685565	0.0	111122	445.75303100829024	0.009972317	0.05465116279069768
10461.158659451035	235	7.9755121318433195	0.0	106746	338.8729358422461	0.011131863	0.05465116279069768
10462.451524409873	235	7.836862426043177	0.0	105231	638.6497058001422	0.008704798	0.05465116279069768
10465.76746919578	235	7.7109976596085685	0.0	104305	625.8647664346073	0.012740567	0.05465116279069768
10467.527408646001	235	7.626567944233273	0.0	123824	84.42971537529687	0.0091087315	0.05465116279069768
10468.313908340713	235	7.531072964300882	0.0	122384	95.49497993239052	0.024323003	0.05465116279069768
10470.596677366835	235	7.94519080862874	0.0	118614	85.882155672142	0.012928648	0.05465116279069768
10470.887339804302	235	7.858303025122139	0.0	104233	86.88778350660229	0.009492244	0.05465116279069768
10472.214406755578	235	7.756656876462352	0.0	109960	101.64614865978824	0.00841171	0.05465116279069768
10473.500742088007	235	7.9361996115569475	0.0	123840	320.4572649054039	0.0076439204	0.05465116279069768
10475.881800860925	235	7.688609258859197	0.0	100892	247.59035269775163	0.007468284	0.05465116279069768
10478.152219772792	235	7.806134013034376	0.0	122307	1382.4752458248206	0.007468284	0.05465116279069768
10481.80303513788	235	7.7916981635093565	0.0	118468	3014.4358495250194	0.007468284	0.05465116279069768
10483.955472953212	235	7.7436690136256034	0.0	100966	548.0291498837526	0.007468284	0.05465116279069768
10484.733498639936	235	7.616860502987307	0.0	101365	126.80851063829786	0.0075727063	0.05465116279069768
10485.060634634268	235	7.988901093864351	0.0	107992	127.95940912295507	0.01081948	0.05465116279069768
10485.397878526233	235	7.879867440485918	0.0	121240	109.033653378434	0.010573352	0.05465116279069768
10488.726136069965	235	7.7898437879141476	0.0	108243	3090.0236525717696	0.011031739	0.05465116279069768
10491.362445984514	235	7.5508057762182395	0.0	108782	239.03801169590645	0.007538059	0.05465116279069768
10495.244263708582	235	7.668988052150078	0.0	122561	3881.8177240681616	0.008174602	0.05465116279069768
10497.16366193927	235	7.943833750266403	0.0	122175	1225.1543018836758	0.0075478023	0.05465116279069768
10499.784423748095	235	7.878074810257505	0.0	109855	1065.758940008898	0.008124413	0.05465116279069768
10500.749228564191	235	7.567173836619429	0.0	123509	310.90097363807644	0.007942228	0.05465116279069768
10501.630523827449	235	7.641978126218794	0.0	116414	425.19571040063494	0.011828037	0.05465116279069768
10503.176872405274	235	7.556853613734478	0.0	116234	85.12451248431435	0.0090311505	0.05465116279069768
10504.281547085677	235	7.9451283062039	0.0	119490	111.72530753057882	0.018740062	0.05465116279069768
10504.417029269038	235	7.833861900959113	0.0	101102	111.26640524478586	0.010940153	0.05465116279069768
10505.81792861004	235	7.60552011951617	0.0	107367	228.3417814429429	0.009921141	0.05465116279069768
10506.679227402374	235	7.971149503129291	0.0	114390	134.37061638687788	0.0078061465	0.05465116279069768
10509.615517435921	235	7.826468574329047	0.0	123923	144.6809288002453	0.007949714	0.05465116279069768
10511.64935165563	235	7.915356016849237	0.0	114298	411.1125574798089	0.007468284	0.05465116279069768
10512.569911117442	235	7.726437117055538	0.0	125060	188.9188997936977	0.007468284	0.05465116279069768
10513.606487470543	235	7.528969221514715	0.0	100449	197.46789554082403	0.007468284	0.05465116279069768
10516.436322873167	235	7.963605748982912	0.0	109515	565.3634725318027	0.0074723605	0.05465116279069768
10516.859379224312	235	7.8293135384565975	0.0	96708	134.29221052631578	0.007468284	0.05465116279069768
10520.34349218908	235	7.6916391263812	0.0	102712	137.67441207539753	0.007952251	0.05465116279069768
10521.428533687746	235	7.5173376533923255	0.0	112583	674.3014729888747	0.0081244465	0.05465116279069768
10522.428188815878	235	7.9178801021645375	0.0	120155	99.4575512277868	0.007468284	0.05465116279069768
10524.447552462138	235	7.818297067487211	0.0	122774	99.5830346773269	0.0094153825	0.05465116279069768
10524.757129430875	235	7.583398888909192	0.0	109829	234.89817857801674	0.009047578	0.05465116279069768
10527.230093953513	235	7.594256022669315	0.0	104134	1489.142866239877	0.0074689994	0.05465116279069768
10530.86684141067	235	7.957508565511209	0.0	109163	3136.747457158106	0.007468284	0.05465116279069768
10533.478797846892	235	7.561314904181368	0.0	96155	1896.1936613298408	0.007491815	0.05465116279069768
10537.395925655212	235	7.6441870958628675	0.0	124497	917.1278083185002	0.007468284	0.05465116279069768
10538.257364117011	235	7.944913156567792	0.0	118011	699.2739392950755	0.0084347855	0.05465116279069768
10538.935198159406	235	7.892078396623474	0.0	99777	552.8347599443177	0.01184646	0.05465116279069768
10541.569483991561	235	7.597435121769673	0.0	112406	294.64327485380113	0.010550797	0.05465116279069768
10542.280220673721	235	7.616388059341112	0.0	115077	481.0470624285618	0.010701235	0.05465116279069768
10543.137848009053	235	7.50641920154081	0.0	106794	609.9688578003021	0.009404817	0.05465116279069768
10545.546488791537	235	7.876428049064376	0.0	115556	629.9911524764348	0.009114176	0.05465116279069768
10546.445971543997	235	7.770011487837521	0.0	124616	106.41656122685569	0.009043091	0.05465116279069768
10549.358731448438	235	7.670164631234024	0.0	120379	99.84685660349751	0.012013646	0.05465116279069768
10551.049241643348	235	7.941366057697378	0.0	121003	228.79857353664536	0.01025611	0.05465116279069768
10554.597197992625	235	7.858243693745963	0.0	103476	83.12236395141561	0.008083874	0.05465116279069768
10558.841157836316	235	7.614283850055283	0.0	106699	3743.959843690679	0.0090688225	0.05465116279069768
10560.370423207145	235	7.503048079142351	0.0	59322	111.23577091293231	0.0088007245	0.05465116279069768
10562.443868045139	235	7.885340460103678	0.0	25089	117.7076190386729	0.010760837	0.05465116279069768
10563.481879081908	235	7.8042035511957	0.0	27911	81.13690890797926	0.01667586	0.05465116279069768
10564.549341916447	235	7.708909197857214	0.0	26720	95.29435333848488	0.018624691	0.05465116279069768
10565.6243788551	235	7.617474969131874	0.0	19634	91.43422872534032	0.0128663555	0.05465116279069768
10566.714692089437	235	7.524119706926195	0.0	109574	93.35526220567992	0.009482451	0.05465116279069768
10569.318301394205	235	7.930794040607933	0.0	109242	93.32566631826217	0.010320342	0.05465116279069768
10570.609429564523	235	7.500371774674149	0.0	119137	430.42226593378314	0.0129884165	0.05465116279069768
10571.146040073312	235	7.872419472471089	0.0	109280	127.9523022030612	0.007767724	0.05465116279069768
10573.834688830566	235	7.692424197138091	0.0	103177	179.99527533299818	0.008015053	0.05465116279069768
10574.44115810491	235	7.848016300925313	0.0	111862	344.40789621277645	0.0075395736	0.05465116279069768
10576.859572735368	235	7.728339674761317	0.0	119261	1119.6766261639966	0.007468284	0.05465116279069768
10580.90169246023	235	7.686219949899907	0.0	121483	2542.119724861409	0.007468284	0.05465116279069768
10581.861621867149	235	7.57168411101801	0.0	120401	114.53583888189715	0.007653433	0.05465116279069768
10585.882080622607	235	7.5512253555598825	0.0	102406	3520.4587554581276	0.008958103	0.05465116279069768
10588.870624153249	235	7.659879751985882	0.0	105408	391.3456035739999	0.008441925	0.05465116279069768
10589.288687564906	235	7.959447009692347	0.0	107146	200.43274229353415	0.008850791	0.05465116279069768
10592.95123150586	235	7.696990373896384	0.0	122350	3262.456635795963	0.009333696	0.05465116279069768
10595.257481081077	235	7.943409238868053	0.0	122604	1253.5811350283311	0.008635381	0.05465116279069768
10602.029833735716	235	5.17105658422863	0.0	101922	6772.352654639423	0.008266902	0.05465116279069768
10603.981720667474	235	7.219169652470376	0.0	110921	1951.8869317582535	0.008721928	0.05465116279069768
10608.472781730856	235	6.7281085890888574	0.0	107881	4491.0610633815195	0.0093713505	0.05465116279069768
10611.596428668494	235	7.604461651450947	0.0	106196	123.64693763791098	0.009841371	0.05465116279069768
10612.328983338393	235	7.971492330300445	0.0	128878	132.9693211505018	0.017969202	0.05465116279069768
10613.16806940352	235	7.811741972112668	0.0	107498	159.7503581877785	0.012795085	0.05465116279069768
10615.007723379953	235	7.691582837364804	0.0	116590	120.15913474786441	0.0108865835	0.05465116279069768
10615.698336788308	235	7.916023554030305	0.0	104920	275.5592833344983	0.010252208	0.05465116279069768
10616.811814337572	235	7.526811841907711	0.0	105934	389.2117121225942	0.009108758	0.05465116279069768
10618.68949532677	235	7.6601042658802765	0.0	118412	366.7075760274354	0.007891385	0.05465116279069768
10622.831627472293	235	7.517972120355965	0.0	122137	3642.1321455243115	0.0077863657	0.05465116279069768
10623.129557897902	235	7.865559686898306	0.0	120979	152.41243345765793	0.007468284	0.05465116279069768
10624.501342708338	235	7.712426277756466	0.0	110138	153.13340914184215	0.008113865	0.05465116279069768
10627.47087074064	235	7.676987962250961	0.0	119529	2035.4383155055032	0.009500461	0.05465116279069768
10635.253074260565	235	4.0	0.10521555767204337	117198	7782.203519923005	0.008136561	-0.3977757351990888
10635.88230511548	235	7.370769145084934	0.0	123268	629.2308549150655	0.007468284	0.05465116279069768
10636.6566250857	235	7.781371205792259	0.0	114328	589.3979392926763	0.0086793015	0.05465116279069768
10639.291952244577	235	7.766168641818098	0.0	108632	515.2025639741601	0.009615011	0.05465116279069768
10641.428728784727	235	7.717842669194664	0.0	107717	2048.3259726234337	0.010421993	0.05465116279069768
10645.566482027234	235	7.580089426686929	0.0	108780	1137.7532425077347	0.009775322	0.05465116279069768
10646.923717073896	235	7.68457380837285	0.0	119821	395.5156183140779	0.009655198	0.05465116279069768
10649.315561575875	235	7.929511271557676	0.0	123760	1755.0625368151752	0.010191426	0.05465116279069768
10651.174144919034	235	7.778610582559711	0.0	117182	150.90068899796552	0.010486769	0.05465116279069768
10653.195425449467	235	7.5808116444246805	0.0	121647	1197.7989381350303	0.012503831	0.05465116279069768
10656.252955234659	235	7.577287547976324	0.0	106009	503.524096448356	0.0087643005	0.05465116279069768
10657.300730912906	235	7.682902553225249	0.0	112762	894.3849947510741	0.009041671	0.05465116279069768
10660.931316515398	235	7.630305093727755	0.0	120380	3552.5974594974946	0.008367442	0.05465116279069768
10665.025522407603	235	7.536099201523066	0.0	118000	2094.205892204688	0.0085666375	0.05465116279069768
10665.528977795379	235	7.951468525229779	0.0	114144	84.63067629328651	0.008146767	0.05465116279069768
10666.03702095131	235	7.866859303006366	0.0	115567	84.60922222341318	0.022035673	0.05465116279069768
10670.175260385136	235	7.728619869180035	0.0	117403	2138.2394338263307	0.013349345	0.05465116279069768
10671.186150195537	235	7.674011647746686	0.0	115312	554.6082214333488	0.0084435325	0.05465116279069768
10676.880016617819	235	5.980145225463607	0.0	109124	5693.8664222830785	0.007921158	0.05465116279069768
10679.034656071415	235	7.825505771867785	0.0	116111	154.63945359582164	0.007501525	0.05465116279069768
10679.407249080656	235	7.671602999670115	0.0	114965	153.90277219766975	0.00879281	0.05465116279069768
10682.798900557409	235	7.545122379815019	0.0	120128	126.4806198550963	0.0112162735	0.05465116279069768
10684.323657772675	235	7.53032920063168	0.0	112243	514.7931791833375	0.016413849	0.05465116279069768
10686.447109264811	235	7.738585472603729	0.0	110423	1791.743728027952	0.0081270095	0.05465116279069768
10689.901555565286	235	7.567716204420525	0.0	113008	2670.869268183204	0.008236177	0.05465116279069768
10691.430332371256	235	7.5266163175827625	0.0	120328	541.0998868377627	0.007636118	0.05465116279069768
10692.250632328167	235	7.7768047986920825	0.0	112336	249.8115188906785	0.00847101	0.05465116279069768
10693.020393454193	235	7.637168454690247	0.0	110448	139.63634400183582	0.009279683	0.05465116279069768
10693.830179015005	235	7.507338065296473	0.0	116140	129.8303893937728	0.011326327	0.05465116279069768
10696.171858305792	235	7.886476005612658	0.0	113856	120.86205968381574	0.009779111	0.05465116279069768
10697.56446075007	235	7.760583399023213	0.0	112025	125.89260658944501	0.010141821	0.05465116279069768
10698.078923552423	235	7.846206916693569	0.0	122648	414.37648232964534	0.00881928	0.05465116279069768
10700.299343782775	235	7.991539961526096	0.0	100119	354.66695516747336	0.0077351923	0.05465116279069768
10704.59762093133	235	7.693262812969755	0.0	116209	4298.277148556341	0.007468284	0.05465116279069768
10704.926632204797	235	7.52927238810698	0.0	116006	163.99042486277597	0.007468284	0.05465116279069768
10706.849951430924	235	7.860123199345602	0.0	118272	169.14918876137713	0.007687798	0.05465116279069768
10707.810493746283	235	7.716937060349206	0.0	118568	143.18613899639618	0.008670496	0.05465116279069768
10708.83794150623	235	7.57189126855695	0.0	112217	145.04579179225595	0.00993818	0.05465116279069768
10711.407049676507	235	7.938538167494435	0.0	118756	133.35310106251544	0.008217639	0.05465116279069768
10713.021038242048	235	7.809421419333245	0.0	123854	1129.116748161189	0.008821122	0.05465116279069768
10713.601392725766	235	7.721680086163218	0.0	112979	87.74133317002708	0.007468284	0.05465116279069768
10715.188848944223	235	7.634258552208725	0.0	113619	87.42153395449436	0.009867866	0.05465116279069768
10717.277782826211	235	7.549808953465652	0.0	110753	1584.4495987430726	0.008905318	0.05465116279069768
10717.372045754173	235	7.964919631107423	0.0	115427	84.88932235822853	0.007468284	0.05465116279069768
10718.71519834558	235	7.973030138205928	0.0	106763	491.8894929014953	0.0085444935	0.05465116279069768
10719.745593654245	235	7.782464033127835	0.0	104552	190.56610507809143	0.007585355	0.05465116279069768
10721.647628378772	235	7.711361272655726	0.0	121368	1071.1027604721103	0.007468284	0.05465116279069768
10725.711259884813	235	7.6477297666170285	0.0	116430	2563.6315060386974	0.0075333975	0.05465116279069768
10726.784011305834	235	7.969135791154125	0.0	112765	678.5939754629034	0.008377673	0.05465116279069768
10727.558067525399	235	7.974186404150584	0.0	105184	494.94938700354226	0.007688956	0.05465116279069768
10729.582808509398	235	7.725869328430105	0.0	113528	748.3170757204791	0.011294248	0.05465116279069768
10733.838096767044	235	7.470581070783867	0.0	112494	4255.288257646237	0.008752126	0.05465116279069768
10737.67520573905	235	7.6334720987785385	0.0	125752	837.1089720053283	0.0088099	0.05465116279069768
10738.611800341907	235	7.548085366311993	0.0	107844	85.38673246654646	0.009099571	0.05465116279069768
10739.045002862173	235	7.9670880413732625	0.0	21682	80.99732493872945	0.13061923	0.05465116279069768
10740.512862248057	235	7.859260946094974	0.0	113964	1107.827095278289	0.01043503	0.05465116279069768
10741.717761860182	235	7.880827285336001	0.0	121729	978.433660758972	0.0084474385	0.05465116279069768
10743.44306575414	235	7.826908314041272	0.0	114588	553.9189712947299	0.008216321	0.05465116279069768
10743.824227475132	235	7.667519914877008	0.0	124677	159.38839916426227	0.008745053	0.05465116279069768
10746.173779673634	235	7.563630476540802	0.0	121228	103.8894383362051	0.009904712	0.05465116279069768
10750.222243847013	235	7.515166303162559	0.0	109186	4048.4641733782437	0.016110765	0.05465116279069768
10751.42153441157	235	7.7325844876549965	0.0	103299	282.58181550756257	0.00776119	0.05465116279069768
10753.353485119284	235	7.934963508323774	0.0	113025	297.6209793312231	0.008501227	0.05465116279069768
10758.412367618695	235	6.8760810089122915	0.0	123615	5058.882499411482	0.008462527	0.05465116279069768
10759.645511637116	235	7.580615113598558	0.0	110292	795.4658953137333	0.00756439	0.05465116279069768
10761.577043539406	235	7.5276882240060115	0.0	119154	552.9268895925476	0.0077392007	0.05465116279069768
10762.521201239719	235	7.933911880199055	0.0	116780	93.77634380695659	0.011237906	0.05465116279069768
10764.480446967471	235	7.839479694574331	0.0	110886	94.43218562472393	0.013862016	0.05465116279069768
10769.860450529539	235	6.45947613250835	0.0	104897	5380.003562065981	0.014353005	0.05465116279069768
10772.702870108813	235	7.617056553233568	0.0	116431	842.4195792747811	0.0077659898	0.05465116279069768
10774.428708288342	235	7.659255805201741	0.0	122833	957.8007480318254	0.007833129	0.05465116279069768
10775.43504536827	235	7.750105980986711	0.0	118784	409.1498242150292	0.008674385	0.05465116279069768
10778.114101618576	235	7.919171483690541	0.0	105278	330.93449729617	0.008808942	0.05465116279069768
10779.230867840186	235	7.735349249389736	0.0	113740	683.8222343008066	0.008880533	0.05465116279069768
10779.732771534915	235	7.6513693956797395	0.0	111249	83.97985370999484	0.011106162	0.05465116279069768
10781.239908795767	235	7.566762685763344	0.0	109754	84.60670991639493	0.01561895	0.05465116279069768
10782.253190066534	235	7.981387325846612	0.0	112841	85.37535991673126	0.017036077	0.05465116279069768
10783.27232958627	235	7.895770521404567	0.0	121692	85.61680444204434	0.010661308	0.05465116279069768
10784.35761469221	235	7.779889326081984	0.0	115892	115.88119532258347	0.008716285	0.05465116279069768
10787.61621062379	235	7.595293315600115	0.0	122891	184.59601048186968	0.0075799907	0.05465116279069768
10788.751509526723	235	7.774643824683521	0.0	123939	320.64949091659287	0.007468284	0.05465116279069768
10789.999856187473	235	7.517795200316332	0.0	108511	256.84862436718856	0.007468284	0.05465116279069768
10793.716845049852	235	7.781549787315122	0.0	120251	2236.24541300121	0.007468284	0.05465116279069768
10796.117081543856	235	7.74830326500105	0.0	127059	2033.2465223140712	0.007468284	0.05465116279069768
10796.41492053591	235	7.992878754820489	0.0	91326	255.4245101805609	0.007468284	0.05465116279069768
10797.645287449712	235	7.858902538854516	0.0	116592	133.9762159659732	0.008148573	0.05465116279069768
10797.893834031544	235	7.742824596858143	0.0	112029	116.07794199637301	0.010876508	0.05465116279069768
10800.22339114223	235	7.60428036143036	0.0	124311	138.54423542778426	0.009975931	0.05465116279069768
10802.100627772872	235	7.971168483740257	0.0	107060	1133.111877690103	0.009086029	0.05465116279069768
10803.216619867602	235	7.745234812850118	0.0	113665	225.93367089013893	0.0076055806	0.05465116279069768
10807.117527460463	235	7.844327219989584	0.0	125972	2900.9075928605334	0.007915605	0.05465116279069768
10808.493168426321	235	7.840489745411636	0.0	98563	1003.8374745779477	0.0075198663	0.05465116279069768
10809.74306099798	235	7.548445205224307	0.0	123535	792.0445401873284	0.0075083207	0.05465116279069768
10811.373262078605	235	7.659268680645909	0.0	117453	389.1765245783975	0.007779436	0.05465116279069768
10811.672355636145	235	7.572734179900781	0.0	108716	86.5345007451285	0.010151132	0.05465116279069768
10814.474043678445	235	7.988169687146419	0.0	112047	84.56449275436118	0.011610238	0.05465116279069768
10815.331981899852	235	7.877762351216659	0.0	114526	110.4073359297604	0.014155289	0.05465116279069768
10816.394440103626	235	7.680298692068791	0.0	105453	197.4636591478697	0.009153789	0.05465116279069768
10819.211230206354	235	7.914400913018035	0.0	121454	265.89777905075516	0.007802363	0.05465116279069768
10819.9582519686	235	7.7763361937326625	0.0	122162	138.06471928537266	0.0075611006	0.05465116279069768
10820.932215430046	235	7.803832984490044	0.0	110838	472.50320924261877	0.0074704294	0.05465116279069768
10822.22855778895	235	7.616391931139053	0.0	125099	687.441053350992	0.007468284	0.05465116279069768
10823.618740568563	235	7.935751194110718	0.0	114838	180.64073702833417	0.007468284	0.05465116279069768
10824.402254708395	235	7.573765145486211	0.0	81325	361.9860486245069	0.008920949	0.05465116279069768
10825.49946420311	235	7.9309244437318265	0.0	111935	142.84070175438598	0.0076675294	0.05465116279069768
10826.612575149295	235	7.8115533671198865	0.0	104152	119.37107661194105	0.008357271	0.05465116279069768
10827.490985912737	235	7.574217920183255	0.0	124524	737.3354469366301	0.008674328	0.05465116279069768
10830.052187794623	235	7.814154637493241	0.0	110933	760.063282690015	0.0075669237	0.05465116279069768
10830.944293239223	235	7.713671214790875	0.0	126490	100.4834227023657	0.007468284	0.05465116279069768
10831.855022508173	235	7.6141175912642085	0.0	100533	99.55362352666589	0.010606921	0.05465116279069768
10833.56402577505	235	7.875203780537318	0.0	102998	238.91381072689052	0.008285655	0.05465116279069768
10835.610780305864	235	7.786871243205019	0.0	111464	1588.3325373322994	0.007596244	0.05465116279069768
10836.993212063737	235	7.724366361011078	0.0	26103	1062.5048821939422	0.01012498	0.05465116279069768
10839.69498983938	235	7.993440911030577	0.0	113799	1730.9254499805015	0.007468284	0.05465116279069768
10840.532711677271	235	7.769506154913929	0.0	123927	723.9347561166488	0.007484706	0.05465116279069768
10843.805241741324	235	7.645634663776231	0.0	112425	1123.871491137697	0.00850371	0.05465116279069768
10845.16984587595	235	7.99266188292145	0.0	120908	652.972780854782	0.009227292	0.05465116279069768
10845.556511114883	235	7.614644940339145	0.0	104541	378.01694258230305	0.010222524	0.05465116279069768
10847.87689084592	235	7.663779222994956	0.0	126783	450.8657173441892	0.009544853	0.05465116279069768
10849.400658399152	235	7.535652453226834	0.0	110453	628.1267697681216	0.009529001	0.05465116279069768
10850.124580295702	235	7.821011896683351	0.0	123429	214.64055654348428	0.008709927	0.05465116279069768
10850.751354087875	235	7.722265670598965	0.0	117314	98.74622608438591	0.009628082	0.05465116279069768
10851.63795765003	235	7.5029776725665	0.0	113269	219.28799803246437	0.011751029	0.05465116279069768
10852.893900344801	235	7.91866410724186	0.0	110038	84.31356532463927	0.008380601	0.05465116279069768
10858.920467840662	235	5.892096611380959	0.0	119687	6026.5674958609015	0.00951537	0.05465116279069768
10861.064405813524	235	7.748158638517831	0.0	121429	143.9379728631276	0.007468284	0.05465116279069768
10861.206443217845	235	7.607207235436878	0.0	115757	140.95140308095318	0.007941605	0.05465116279069768
10862.297143351932	235	7.522400169012981	0.0	118013	84.80706642389582	0.008366558	0.05465116279069768
10865.938479584976	235	7.881063935968348	0.0	117571	1141.3362330446337	0.010217497	0.05465116279069768
10866.721669505016	235	7.7330836263034834	0.0	118765	147.98030966486363	0.007468284	0.05465116279069768
10869.45194659872	235	7.895549884637268	0.0	118781	337.53374166621495	0.008896336	0.05465116279069768
10869.953415209362	235	7.801187255336019	0.0	117839	94.36262930124954	0.0074716215	0.05465116279069768
10870.59791038496	235	7.892492658207501	0.0	111750	408.6945971285181	0.011406866	0.05465116279069768
10873.109408452647	235	7.964643913598613	0.0	121484	427.8487446088871	0.007672743	0.05465116279069768
10873.382295823165	235	7.8300248898786124	0.0	124473	134.6190237200003	0.008006487	0.05465116279069768
10873.742752218957	235	7.678430865380669	0.0	30289	151.59402449794197	0.011386643	0.05465116279069768
10876.030061699634	235	7.844207310688562	0.0	123560	334.223554692107	0.008092046	0.05465116279069768
10878.263508795631	235	7.81252672568219	0.0	109167	1031.680585006373	0.007468284	0.05465116279069768
10879.537989909935	235	7.861169424026495	0.0	111641	951.3573016556954	0.008155493	0.05465116279069768
10882.070800372305	235	7.7163260991662685	0.0	122286	144.8433248602269	0.0077602924	0.05465116279069768
10884.40845158712	235	7.70148406051239	0.0	110888	2014.8420386538776	0.009625606	0.05465116279069768
10885.562662679711	235	7.995783102297311	0.0	111833	205.70095821507854	0.008620267	0.05465116279069768
10887.881121543553	235	7.770808737564683	0.0	110550	224.97436473262889	0.008709559	0.05465116279069768
10891.160316031925	235	7.8819537429317	0.0	114114	2388.854994632982	0.009042818	0.05465116279069768
10895.09216091321	235	7.816701049160791	0.0	112281	1065.2526937709094	0.0082257055	0.05465116279069768
10900.250214332706	235	6.658647629664413	0.0	113751	5158.0534194963775	0.007922573	0.05465116279069768
10902.989684852693	235	7.708735173172482	0.0	110804	1949.9124564919314	0.008376604	0.05465116279069768
10906.8089255182	235	7.8894945076656136	0.0	111103	3319.2406655068676	0.008568531	0.05465116279069768
10907.513571107265	235	7.761571077635122	0.0	116601	127.92343003049132	0.009700697	0.05465116279069768
10909.377437647521	235	7.577998887023459	0.0	116498	183.5721906116643	0.01657067	0.05465116279069768
10909.716698724129	235	7.958515523542777	0.0	112687	119.48336348068307	0.010994244	0.05465116279069768
10910.108000268956	235	7.832753607691202	0.0	117901	125.76191585157585	0.012333576	0.05465116279069768
10911.462435493047	235	7.99830581013313	0.0	114880	334.44779755807195	0.010087118	0.05465116279069768
10911.997298015593	235	7.700868262128302	0.0	111468	297.43754800482793	0.008785444	0.05465116279069768
10912.889780098552	235	7.583339707918348	0.0	117067	617.5285542099525	0.00790636	0.05465116279069768
10916.761904692288	235	7.71121511418137	0.0	112067	1872.1245937369788	0.0077205235	0.05465116279069768
10918.04370529159	235	7.563853875773671	0.0	112540	147.3612384076974	0.007468284	0.05465116279069768
10920.89341409724	235	7.916219153394985	0.0	116322	147.63472237868717	0.008350634	0.05465116279069768
10923.249513913925	235	7.919206286690096	0.0	113470	1997.0128667048893	0.009226111	0.05465116279069768
10930.000416938887	235	5.1683032617287035	0.0	121194	6750.9030249613925	0.007987812	0.05465116279069768
10931.566962190906	235	7.6017580097097674	0.0	109199	566.5452520189363	0.007468284	0.05465116279069768
10932.165292461024	235	7.5258604881280355	0.0	111298	575.8975215817322	0.008418925	0.05465116279069768
10934.772455034125	235	7.693495575847334	0.0	109249	1832.3649122807017	0.009488607	0.05465116279069768
10936.647493720271	235	7.853375063183556	0.0	115682	1340.1205126637776	0.0094514685	0.05465116279069768
10937.337992684377	235	7.985584667870695	0.0	109292	367.79039531286	0.010344877	0.05465116279069768
10939.455243620821	235	7.54831348404603	0.0	115738	437.2711838246643	0.010803342	0.05465116279069768
10940.473977611426	235	7.588936365054582	0.0	114482	459.37711899144733	0.010489875	0.05465116279069768
10943.841335892244	235	7.8949356604509795	0.0	123368	194.00070460360274	0.01031795	0.05465116279069768
10945.726850523693	235	7.902357132835343	0.0	112699	992.5785276156377	0.011505898	0.05465116279069768
10947.332512547904	235	7.657494172647242	0.0	108129	744.8629601881006	0.008542582	0.05465116279069768
10949.878250007592	235	7.765024974814354	0.0	120548	892.4691978328891	0.008379715	0.05465116279069768
10953.594441525236	235	7.904563346917852	0.0	109534	3360.4616278965027	0.008327872	0.05465116279069768
10954.798542444663	235	7.616377832074864	0.0	115836	788.1855148429885	0.008165916	0.05465116279069768
10956.30350026898	235	7.5318566222085686	0.0	112556	84.52120986629652	0.008364851	0.05465116279069768
10957.41585237871	235	7.895898874568778	0.0	110320	135.95774763978974	0.017430566	0.05465116279069768
10958.97550179836	235	7.814271345787247	0.0	116147	581.6275287815313	0.010555755	0.05465116279069768
10961.3775181818	235	7.81227409950364	0.0	114213	501.99724628360565	0.008718851	0.05465116279069768
10965.634407682652	235	7.5553845986520045	0.0	119641	4256.889500851636	0.007983091	0.05465116279069768
10966.444623190888	235	7.898731163537501	0.0	119244	156.65343511450385	0.007798292	0.05465116279069768
10967.29101403779	235	7.762316776646792	0.0	114255	136.41438689070964	0.008848757	0.05465116279069768
10968.457580465018	235	7.7440217930392885	0.0	113147	518.2949836075043	0.011958873	0.05465116279069768
10970.35975030791	235	7.69707259340271	0.0	119976	546.9491996365774	0.009123243	0.05465116279069768
10972.694308639519	235	7.6679037492254505	0.0	112749	2029.168844177261	0.008186758	0.05465116279069768
10975.021090801736	235	7.547707411833373	0.0	111562	1620.1963373920776	0.0080212	0.05465116279069768
10977.316694130863	235	7.67369865968384	0.0	115640	874.008752149534	0.007992048	0.05465116279069768
10977.566511677851	235	7.926587174677618	0.0	119186	247.11148500622187	0.00885942	0.05465116279069768
10979.689672120736	235	7.826359984226605	0.0	110700	100.22719045101199	0.011893248	0.05465116279069768
10979.89092235327	235	7.697201494176647	0.0	114574	129.15849004995803	0.011582707	0.05465116279069768
10980.136493679125	235	7.5704617024907765	0.0	114093	126.73979168586968	0.010446246	0.05465116279069768
10982.927571942837	235	7.94433833772047	0.0	121286	126.12336477030726	0.009011208	0.05465116279069768
10984.279437299527	235	7.55988310884435	0.0	111673	384.455228876121	0.009114078	0.05465116279069768
10990.472799703683	235	5.366520704689974	0.0	116778	6193.362404154375	0.0075830757	0.05465116279069768
10992.13180309299	235	7.707517315381003	0.0	109118	159.00338930897013	0.007468284	0.05465116279069768
10993.02578687529	235	7.544913384868625	0.0	114091	162.60393051237844	0.007758597	0.05465116279069768
10993.483638951435	235	7.8916772726903694	0.0	119146	153.23611217825587	0.008077927	0.05465116279069768
10994.99227888867	235	7.749665286055997	0.0	109612	142.0119866343723	0.00916225	0.05465116279069768
10995.583750191176	235	7.59724361010446	0.0	116187	152.42167595153688	0.008575899	0.05465116279069768
10997.30867836024	235	7.6643043388494005	0.0	114873	1432.9392712550607	0.008427695	0.05465116279069768
11000.252071949228	235	7.798601993259355	0.0	112905	865.7023455900443	0.007545897	0.05465116279069768
11001.425113478119	235	7.7109268505127	0.0	112013	87.67514274665419	0.00766812	0.05465116279069768
11001.767010743702	235	7.542661410794	0.0	117980	168.26543971869972	0.010468048	0.05465116279069768
11002.530056507347	235	7.9579544419030315	0.0	115692	84.70696889096837	0.007912617	0.05465116279069768
11003.757982217376	235	7.863160984265564	0.0	111006	594.793457637469	0.008770088	0.05465116279069768
11006.889522276213	235	7.81895708104307	0.0	112492	544.2039032224936	0.007468284	0.05465116279069768
11008.67132471999	235	7.620723936962222	0.0	111802	198.2331440808476	0.007468284	0.05465116279069768
11009.802512333763	235	7.806914779923283	0.0	107182	813.8091570389389	0.007541726	0.05465116279069768
11011.172162105802	235	7.990779122272054	0.0	123160	1316.1356576512303	0.007468761	0.05465116279069768
11013.10502566168	235	7.746604401526012	0.0	111964	744.1747207460419	0.007468284	0.05465116279069768
11013.75876052559	235	7.708081387137399	0.0	81501	538.5230143886133	0.010180994	0.05465116279069768
11017.253110717456	235	7.899012215963401	0.0	107215	809.069171173999	0.007893653	0.05465116279069768
11021.352954903172	235	7.799168030247039	0.0	115786	3599.844185716362	0.008250412	0.05465116279069768
11021.786950161471	235	7.713233004298377	0.0	118821	85.93502594866212	0.007885539	0.05465116279069768
11023.225269165801	235	7.628103618308953	0.0	108984	85.12938598942556	0.011889768	0.05465116279069768
11025.3422904265	235	7.956187797129498	0.0	115961	171.91582117945467	0.010988183	0.05465116279069768
11027.213649983423	235	7.942060738427704	0.0	114695	1014.1270587017937	0.008241389	0.05465116279069768
11028.56834774898	235	7.883328104760659	0.0	119983	558.7326336670453	0.007468284	0.05465116279069768
11032.208357526133	235	7.661805782128724	0.0	118009	721.5223226319359	0.007468284	0.05465116279069768
11034.323670231874	235	7.50889315651933	0.0	114507	152.91262560939208	0.007468284	0.05465116279069768
11034.911581792718	235	7.906137416163363	0.0	115475	102.75574035596796	0.007951777	0.05465116279069768
11039.231242975147	235	7.586476233734384	0.0	114637	2819.661182428979	0.008515872	0.05465116279069768
11039.999312006601	235	7.774850219467229	0.0	118109	311.62601426715366	0.007468284	0.05465116279069768
11040.881269673493	235	7.772092894613314	0.0	127966	502.75732485391586	0.007468284	0.05465116279069768
11044.7371416112	235	7.91622095690698	0.0	107409	3355.8719377063335	0.007468284	0.05465116279069768
11045.619371004328	235	7.551642400215518	0.0	120946	864.5785566914626	0.007468284	0.05465116279069768
11049.184187964169	235	7.9868254403735195	0.0	114577	1064.8169598419995	0.007468284	0.05465116279069768
11049.752000015682	235	7.8926533127553595	0.0	120135	94.17212761816005	0.008164188	0.05465116279069768
11053.338396416944	235	7.796275074071991	0.0	125838	96.37823868336861	0.009118343	0.05465116279069768
11057.292780471835	235	7.8418910191793385	0.0	110891	3954.3840548926532	0.009839963	0.05465116279069768
11058.28686354385	235	7.968550591905867	0.0	121153	873.3404272734714	0.007468284	0.05465116279069768
11060.998902775378	235	7.8829022985105075	0.0	116849	585.6482933953589	0.007468284	0.05465116279069768
11062.406510526524	235	7.9522938920055966	0.0	126528	430.60840650490985	0.007468284	0.05465116279069768
11063.10179463307	235	7.798651511052223	0.0	110936	653.6423809533741	0.007468284	0.05465116279069768
11065.671155355561	235	7.989792012603337	0.0	118397	808.8594984488868	0.007468284	0.05465116279069768
11066.501682718534	235	7.905278943138168	0.0	126154	84.51306946516993	0.007928891	0.05465116279069768
11069.35479195652	235	7.811731470897306	0.0	107002	93.54747224086196	0.009362744	0.05465116279069768

