15192.903098008721	375	4.0	1.4519871493120113	164106	1451.9871493120113	0.02437743	-1.2988576304076647
15194.599052540007	375	6.304045468714662	0.0	171657	1695.954531285338	1.1314319	0.0872093023255814
15197.222409655933	560	7.680688352788145	0.0	252517	1123.3571159265161	1.1498042	-0.054748943710280135
15198.579247647476	560	7.69441875527827	0.0	238787	986.2695975098757	1.1752409	0.13023255813953488
15199.810515418156	750	7.715569066954897	0.0	349675	978.8496883233726	1.1931025	-0.1421952930325566
15202.631586671901	375	7.641242481259891	0.0	183148	574.3265856950068	1.23841	-0.8500563812535238
15206.48196107985	560	7.790868073313746	0.0	254826	3850.374407946145	1.2091373	-0.33215184575949036
15210.410134587244	1050	7.862694565920034	0.0	468021	3928.173507393712	1.2219727	-0.7356179926805336
15214.302938750528	750	7.969890402634856	0.0	357514	3392.8041632851787	1.1952837	-0.42546141934403825
15215.214015222562	375	7.773900539960252	0.0	184500	195.98986267460364	1.1536698	-0.5376865483659701
15218.159891272211	750	7.618505819815558	0.0	352762	155.3947201446931	1.0860138	-0.45047724604038875
15219.46272348388	750	7.57233037873315	0.0	296901	546.1754410824095	0.6120827	0.1744186046511628
15220.919057356214	750	7.637491827859594	0.0	336274	934.8385508735545	0.4697019	0.1744186046511628
15224.455195291961	750	7.570170520716921	0.0	375581	1067.3213071426735	0.3670323	0.1744186046511628
15228.551068056331	560	7.474297756346299	0.0	223411	4095.8727643706225	0.94273937	-1.7678693399623628
15232.126648702864	750	7.898717109814715	0.0	364577	575.5806465315832	0.9532528	-1.723683293450735
15234.307054811317	750	7.918149075340309	0.0	369812	480.5680344744069	0.17270623	0.1744186046511628
15235.680986042309	750	7.541102496834959	0.0	357011	377.04657850534846	0.16572993	0.1744186046511628
15238.572437592498	750	7.543819047982266	0.0	370139	997.2834488526944	0.12375517	0.1744186046511628
15240.444155704765	750	7.749044042516089	0.0	377314	1294.7750054661778	0.11456866	0.1744186046511628
15241.596953881606	560	7.581116507493725	0.0	237987	667.9275350223631	0.4284393	-0.24969145705742574
15241.911884531706	750	7.876086503352956	0.0	356677	205.03000414076863	0.6548601	-0.3004626750289172
15245.859198956017	560	7.667379614178801	0.0	265009	3708.706889174155	0.38009876	-0.34464872154054516
15249.823402796363	750	7.70317577383109	0.0	321678	2964.203840347711	0.16612148	-0.3004626750289172
15251.413216959401	750	7.679674380052255	0.0	400734	523.5013937788353	0.10432901	0.1744186046511628
15253.728684589434	750	7.765096949666324	0.0	325318	414.5774303859306	0.26090708	0.1744186046511628
15256.202603028549	750	7.938082829933344	0.0	404229	1827.0141197329788	0.36103565	0.1744186046511628
15260.227251811157	750	7.649710598319736	0.0	311616	1288.3722316136075	0.15757668	0.1744186046511628
15261.806306430395	750	7.927821564197231	0.0	305358	1221.8890341225053	0.41336954	0.1744186046511628
15263.327307158926	750	7.555903992490184	0.0	355472	871.9175717070455	0.4104911	0.1744186046511628
15264.382837012334	750	7.562680644199292	0.0	330114	493.2233482908922	0.32979602	0.1744186046511628
15264.744826039558	560	7.872839383144999	0.0	248025	189.84126105429232	0.62314093	-0.24969145705742574
15265.530803219493	750	7.77592467626255	0.0	351544	596.9147068824498	0.346574	-0.3004626750289172
15268.019028057235	750	7.836343493919117	0.0	379796	1439.5811823434333	0.1760256	0.1744186046511628
15269.18977576134	750	7.735291469564623	0.0	329358	101.05202435449443	0.2853648	0.1744186046511628
15269.38462400847	750	7.632715185874562	0.0	381773	102.57628369006123	0.58109796	0.1744186046511628
15272.099765380819	750	7.775780481419315	0.0	319427	1856.934704455247	0.1119024	0.1744186046511628
15278.155383355841	750	5.720162506395945	0.0	340429	6055.6179750233705	0.02405798	0.1744186046511628
15279.936016703052	750	7.939529159184359	0.0	317992	1280.6333472115844	0.030755786	0.1744186046511628
15281.991953351811	750	7.588289829868861	0.0	297606	1351.2393293154978	0.15047991	0.1744186046511628
15282.744799426373	750	7.724215452308194	0.0	338013	364.0743775606681	0.045419842	0.1744186046511628
15284.485488673106	750	7.508256677443083	0.0	371515	215.95877486511029	0.015047368	0.1744186046511628
15285.905062445408	750	7.518835027227077	0.0	334425	989.4216502160075	0.07737255	0.1744186046511628
15286.607294237247	750	7.831795192353571	0.0	336566	687.0398348735048	0.03803582	0.1744186046511628
15286.896233162142	750	7.654921708388707	0.0	351945	176.87348396486414	0.16933818	0.1744186046511628
15288.57767109228	560	7.5802354637860665	0.0	221834	1574.686244602641	0.81443226	-0.5028897344296088
15292.061364266445	750	7.835264719471885	0.0	355845	2744.9707443141815	0.4014753	-0.4587036879179809
15293.702307880714	750	7.571154127267051	0.0	324500	764.1105922048341	0.059982583	0.1744186046511628
15297.276149103105	750	7.924150027104453	0.0	342276	1147.004100162598	0.13891229	0.1744186046511628
15300.895199587185	750	7.533043346178645	0.0	377565	1891.1066809258073	0.15809098	0.1744186046511628
15303.426397670139	750	7.581416206278842	0.0	273909	1951.6271398998022	0.058702398	0.1744186046511628
15308.141083678236	750	6.86673019818082	0.0	325232	4714.686008098022	0.5846578	0.1744186046511628
15308.693564456727	560	7.638618284515611	0.0	227997	228.1119136652091	0.60532874	-0.34464872154054516
15312.433654805214	750	7.898527936028589	0.0	334893	240.09034848702137	0.59884614	-0.3004626750289172
15312.707619125385	560	7.713775382599221	0.0	255702	184.75255342936887	0.6695687	-0.14115724331739982
15316.683737670333	750	7.737656837649276	0.0	352136	1476.1185449499455	0.35807112	-0.0969711968057719
15319.109333637662	750	7.72752400983031	0.0	400880	1510.1328278189667	0.29438365	0.1744186046511628
15320.13779453041	560	7.6310251332109695	0.0	258855	96.49887661934127	0.6419697	-0.24969145705742574
15322.240910902152	750	7.5054479554043665	0.0	331611	125.57717780660235	0.4835084	-0.20550541054579782
15330.963473567666	750	4.0	1.217114710110187	326222	8722.562665514553	0.071919486	-0.9874390976200217
15339.282274032877	750	4.0	4.318800465210461	352276	8318.800465210461	0.008944571	-3.9483083194387434
15341.509152393335	750	5.773121639541439	0.0	316774	2226.878360458561	0.01620482	0.1744186046511628
15343.464099386489	750	7.818174646388452	0.0	331824	1454.9469931529873	0.09700315	0.1744186046511628
15345.826625650521	750	7.5242753535077425	0.0	376715	1793.8992928807104	0.08017648	0.1744186046511628
15346.149819049057	750	7.8189921398142	0.0	315460	205.28321369354342	0.070586815	0.1744186046511628
15347.696372894432	750	7.564670309547604	0.0	372261	254.32183026659683	0.20724313	0.1744186046511628
15349.837140501773	750	7.850402513431087	0.0	376130	1214.2677961165173	0.098024875	0.1744186046511628
15352.911848270182	750	7.73179853484024	0.0	341971	1118.6039785908465	0.2806942	0.1744186046511628
15357.099984839439	750	7.54366196558283	0.0	369322	4188.13656925741	0.8343822	0.1744186046511628
15357.62946671116	560	7.958541209262685	0.0	238055	85.12075632014542	0.9403589	-0.24969145705742574
15360.270714586683	750	7.570097829200717	0.0	350232	888.4433800619674	0.30216092	-0.20550541054579782
15361.700035254738	750	7.691339742903337	0.0	304379	878.7580862973788	0.088677086	0.1744186046511628
15365.158288937222	750	7.552494192538772	0.0	416102	2138.8455503645664	0.050517328	0.1744186046511628
15366.88998545817	750	7.911349998123887	0.0	326088	1141.1441944148842	0.066000424	0.1744186046511628
15369.285702311674	560	7.708267734640354	0.0	270990	703.0822634835343	0.43463877	-0.34464872154054516
15370.153001188139	750	7.5699355914211885	0.0	323696	138.33214321916498	0.20286962	-0.20550541054579782
15370.551977136201	750	7.944930984011844	0.0	357138	125.0046074093443	0.37194723	0.1744186046511628
15373.240101393847	750	7.947854525516916	0.0	346150	497.07645849492815	0.06143701	0.1744186046511628
15373.806080023214	750	7.720389110408502	0.0	359564	227.46541510841342	0.0379253	0.1744186046511628
15375.121526796514	750	7.941922330887967	0.0	353189	278.46677952053494	0.21780333	0.1744186046511628
15375.771339792384	750	7.59550582984275	0.0	323393	346.4165010452173	0.31685027	0.1744186046511628
15376.952313380873	750	7.866717283010541	0.0	355175	228.78854683220837	0.040353514	0.1744186046511628
15379.369804314889	750	7.594064336830161	0.0	396363	2272.6529461803807	0.010101695	0.1744186046511628
15380.64036338123	750	7.7412037975773815	0.0	349328	352.860539252779	0.009259734	0.1744186046511628
15382.587851879825	750	7.9363088118236025	0.0	330878	1304.8949857537789	0.0077309483	0.1744186046511628
15385.590538104585	750	7.701762455863871	0.0	387016	2234.546355959732	0.011336215	0.1744186046511628
15386.216581485905	750	7.968310699606494	0.0	384365	233.4517562573765	0.03904973	0.1744186046511628
15388.914841168975	750	7.775476670601854	0.0	363248	192.83402900463997	0.030891005	0.1744186046511628
15389.530208251055	750	7.680505956595673	0.0	359830	94.97071400618094	0.059977286	0.1744186046511628
15390.207288953927	750	7.812163789196886	0.0	333538	368.34216739878644	0.028536838	0.1744186046511628
15393.063691470199	750	7.748331798797433	0.0	352774	563.8319903994513	0.03627373	0.1744186046511628
15393.583415796897	750	7.594754898384941	0.0	355851	153.57690041249265	0.06078847	0.1744186046511628
15394.821339050879	750	7.8688669845355	0.0	348486	1225.887913849442	0.10483235	0.1744186046511628
15395.735050741372	750	7.628028809355674	0.0	340501	740.8381751798256	0.042040497	0.1744186046511628
15397.070353310264	750	7.506814282566997	0.0	337726	121.21452678867664	0.0076357946	0.1744186046511628
15399.734112072412	750	7.991978922543858	0.0	338484	2014.8353600231376	0.008124134	0.1744186046511628
15402.707184479857	750	7.789904419884357	0.0	333358	202.07450265950143	0.012935901	0.1744186046511628
15404.847075597712	750	7.810457813349483	0.0	349818	1479.4466065348738	0.0080372505	0.1744186046511628
15408.852808951691	750	7.804724459370653	0.0	364602	3505.73335397883	0.042819537	0.1744186046511628
15413.06647686612	750	7.591056544940715	0.0	340560	3213.667914429937	0.08029959	0.1744186046511628
15415.854965021663	750	7.578235357033709	0.0	326019	2512.8211879070054	0.028581496	0.1744186046511628
15418.10960394834	560	7.991249377509936	0.0	241322	1586.9859795237728	0.54784715	-0.34464872154054516
15422.182639366592	750	7.918213959257204	0.0	347271	4073.035418252732	0.2054943	-0.20550541054579782
15423.349901395817	750	7.829927127348267	0.0	339925	1088.2868319089375	0.2519634	0.1744186046511628
15425.235748514717	750	7.886491166554262	0.0	327593	943.4359607940039	0.7428154	0.1744186046511628
15428.030096134788	560	7.920522935572681	0.0	260464	1965.9682309815814	0.75917894	-0.34464872154054516
15432.136008893329	560	7.814610177029839	0.0	269238	1605.9127585428419	1.1243949	0.13023255813953488
15433.877791111	560	7.816365142009354	0.0	258455	998.2450350204851	1.1245844	0.13023255813953488
15436.19509003493	375	7.96398427136622	0.0	174262	1852.3808706431334	1.1378813	-0.2827167124714592
15440.366092308235	375	7.792981998061565	0.0	184862	1671.002273304655	1.135556	0.0872093023255814
15440.947952400009	750	7.680512115469992	0.0	326162	112.46988259157173	1.1470859	-0.5754314253428385
15441.928388709093	560	7.634989065519839	0.0	253905	545.5230499501531	0.9030777	-0.34464872154054516
15444.251528101911	750	7.900875998677706	0.0	333754	234.11306684213415	0.7579336	-0.20550541054579782
15444.59830010245	750	7.732003161396809	0.0	333432	168.8728372808961	0.42531973	0.1744186046511628
15449.578292168912	750	6.752011094934969	0.0	350922	4979.99206646184	0.6249191	0.1744186046511628
15450.362198329358	750	7.578003629565119	0.0	337335	674.0074653698515	0.6062675	0.1744186046511628
15451.629431575238	750	7.884336354162802	0.0	322256	693.6672754023168	0.07572597	0.1744186046511628
15453.826311831435	750	7.733179211303388	0.0	354141	1651.1571428594152	0.23275054	0.1744186046511628
15457.76357511581	750	7.7959159269272424	0.0	357323	1937.2632843761462	0.10635521	0.1744186046511628
15459.42167701293	750	7.856858177222962	0.0	322413	1439.0577497042802	0.016648157	0.1744186046511628
15459.908453860806	750	7.677491826991703	0.0	345485	179.3663502312597	0.22587979	0.1744186046511628
15460.430610268711	750	7.530118871860941	0.0	371481	147.37295513076282	0.16283756	0.1744186046511628
15464.00359944713	750	7.957129693444553	0.0	395581	3072.9891784163874	0.20509836	0.1744186046511628
15472.521861606683	750	4.0	0.5611324661096296	362987	8518.262159554182	0.17685938	-0.36123844749708967
15474.782480771024	750	5.739380835659298	0.0	348046	2260.6191643407024	0.25036028	0.1744186046511628
15476.846775781876	750	7.675085824807912	0.0	353789	2064.295010851386	0.8078298	0.1744186046511628
15479.214739582041	560	7.873578407694043	0.0	274110	1301.5074171138683	0.5635184	-0.5028897344296088
15479.879344911116	750	7.524003934681448	0.0	363752	349.57447301259396	0.12857014	-0.20550541054579782
15480.487545487867	750	7.587419074337398	0.0	365602	436.58486034404984	0.27077323	0.1744186046511628
15481.548816169236	750	7.852591591857641	0.0	389245	234.82748247975758	0.15806338	0.1744186046511628
15484.770119442122	750	7.860661554858231	0.0	377493	2491.9300369994103	0.4552313	0.1744186046511628
15488.749225468939	750	7.8815555280411465	0.0	361201	1479.1060268170831	0.7989469	0.1744186046511628
15489.719020336552	750	7.611397725586441	0.0	386365	270.1578024547049	0.59932685	0.1744186046511628
15490.141615659935	750	7.959918596474019	0.0	301117	151.47912911242165	0.55127156	0.1744186046511628
15492.711279890875	1050	7.770644578140536	0.0	473401	189.27401833348242	0.13106045	-0.5056265003516562
15494.116555030205	750	7.708702114777105	0.0	349690	1061.9424633634312	0.0171314	-1.3248317701614307
15496.920598297702	750	7.923346819011677	0.0	340461	2785.3552957654283	0.017516322	0.1744186046511628
15501.043688854923	750	7.800256261790604	0.0	367068	2123.0905572210727	0.036298864	0.1744186046511628
15501.954246031242	750	7.5513669381096555	0.0	384603	748.8893236809497	0.11648802	0.1744186046511628
15509.770581690767	750	4.0	0.2649687214175319	352412	7816.335659527187	0.16915724	-0.07852053681401319
15512.756194867487	750	5.01438682328254	0.0	408726	2985.61317671746	0.035774015	0.1744186046511628
15514.50368472631	750	7.26689696445863	0.0	371518	1747.4898588239096	0.09672581	0.1744186046511628
15515.721909377648	750	7.775837912641124	0.0	357632	991.0590518175061	0.16832814	0.1744186046511628
15517.685616979656	750	7.617566911397007	0.0	334078	658.2710012441174	0.5340846	0.1744186046511628
15518.953807482463	750	7.84618996037487	0.0	344390	271.37695102213763	0.912266	0.1744186046511628
15519.273180952438	750	7.644910001280725	0.0	392879	201.27995909414375	0.8103405	0.1744186046511628
15521.222225677877	750	7.939434394001246	0.0	378436	205.4756072794791	0.39250457	0.1744186046511628
15522.669582790037	750	7.797540397001717	0.0	341765	641.8939969995273	0.24188411	0.1744186046511628
15523.569302833926	750	7.9604119326368	0.0	386668	337.1284643649182	0.2574727	0.1744186046511628
15524.403877126673	750	7.784420576025661	0.0	353163	175.99135661113922	0.26901346	0.1744186046511628
15527.072349100416	560	7.7394760572225	0.0	284438	2044.9445188031607	0.10896629	-0.8192926792417745
15534.899927961875	750	4.0	0.08810280423727454	357655	7827.578861459775	0.019003876	-1.8077862303756373
15535.75753791971	750	7.142390042164536	0.0	360777	857.609957835464	0.008319033	0.1744186046511628
15537.025351899816	750	7.792841189228511	0.0	357037	849.5488529360258	0.023427892	0.1744186046511628
15539.227555445419	750	7.610871980011804	0.0	391496	681.9692092167076	0.027723188	0.1744186046511628
15539.93322228838	750	7.728155726724097	0.0	334492	382.7162532877061	0.025781307	0.1744186046511628
15542.435403495514	750	7.848540417994195	0.0	389131	379.6153087299029	0.1558851	0.1744186046511628
15547.14244494566	750	7.141498967846698	0.0	345456	4707.041450147496	0.16039535	0.1744186046511628
15547.970163208065	750	7.6384435109181705	0.0	350007	503.05545692852775	0.22847216	0.1744186046511628
15548.89793061612	750	7.5373912096283915	0.0	394391	601.0523012897792	0.66325986	0.1744186046511628
15550.985537642187	750	7.5979452499769575	0.0	356793	1939.4459596514346	0.43220907	0.1744186046511628
15553.390078828106	750	7.674755190225015	0.0	398018	1423.190059751943	0.2548042	0.1744186046511628
15555.160514396148	750	7.731712969288055	0.0	335745	943.0422209369578	0.13205256	0.1744186046511628
15559.380800228353	750	7.511427137082428	0.0	364966	2720.2858322056277	0.30294013	0.1744186046511628
15563.543134939244	750	7.349092426191223	0.0	353131	4162.334710891205	0.3080149	0.1744186046511628
15567.251920311737	750	7.640307053697913	0.0	384158	3208.78537249331	0.46752852	0.1744186046511628
15571.381632750932	750	7.510594614504422	0.0	369457	2629.712439193491	0.8073988	0.1744186046511628
15572.064725797007	750	7.7038039424154645	0.0	360746	306.79067208895697	0.81136155	0.1744186046511628
15572.611049575751	750	7.578793240036163	0.0	345128	125.01070237930276	0.8900634	0.1744186046511628
15574.323815102987	750	7.643067014601331	0.0	354330	435.72622543483175	0.58573437	0.1744186046511628
15575.513666944216	750	7.601160744886318	0.0	378392	1041.9062697150123	0.41256845	0.1744186046511628
15582.741317945538	750	4.373509743564889	0.0	355889	7227.651001321428	0.41899514	0.1744186046511628
15583.168068211033	750	7.946759478070645	0.0	255089	426.7502654942441	1.0831602	0.1744186046511628
15584.217349674062	750	7.843292165721977	0.0	385092	603.4673123486683	0.6238822	0.1744186046511628
15584.843097929846	750	7.963325113169114	0.0	333449	379.9670525528649	0.09008752	0.1744186046511628
15586.469202027216	750	7.982663666100625	0.0	374286	1480.661447068489	0.080033384	0.1744186046511628
15589.740874106268	750	7.62004895172549	0.0	316203	862.6147143751357	0.05629632	0.1744186046511628
15591.84981724924	750	7.964106062575916	0.0	357012	1155.9428891495738	0.13990553	0.1744186046511628
15592.245789622559	750	7.6126200028264615	0.0	336101	351.48605974945474	0.4240979	0.1744186046511628
15593.051292059836	750	7.942111940972316	0.0	313611	170.5080618541453	0.5232463	0.1744186046511628
15597.185733773982	750	7.807670226824464	0.0	304288	4134.441714147852	0.124936335	0.1744186046511628
15601.282519604969	750	7.710884395837423	0.0	358767	2596.785830987041	0.09962544	0.1744186046511628
15603.4435482295	750	7.693481043851203	0.0	395224	517.4033519862213	0.12524933	0.1744186046511628
15606.423522463743	750	7.735306563000733	0.0	369109	458.17448085046925	0.4848566	0.1744186046511628
15608.4305613933	750	7.692686974919143	0.0	338425	1542.6195880815906	0.43014675	0.1744186046511628
15610.027532790511	750	7.525910947052094	0.0	340452	1166.7760278670485	0.0799231	0.1744186046511628
15612.518150518752	560	7.70569976760399	0.0	284830	1320.2111794481032	0.18492736	-0.24969145705742574
15614.176182798541	750	7.921886902106915	0.0	315924	783.8128654970761	0.29279622	-0.20550541054579782
15614.678268374599	750	7.5679538212221145	0.0	379091	353.9330808848005	0.28917027	0.1744186046511628
15615.830062598518	750	7.776132956850051	0.0	375520	291.8208643720629	0.5327521	0.1744186046511628
15617.291558018846	750	7.685371926458462	0.0	347359	590.7610303915892	0.22406717	0.1744186046511628
15619.944368817256	750	7.504333722222171	0.0	326380	681.0382042362918	0.12534782	0.1744186046511628
15621.541442401007	750	7.901683227434114	0.0	354366	102.65049478805669	0.28434786	0.1744186046511628
15622.155694810537	750	7.801768567150124	0.0	336764	99.91466028399017	0.4533944	0.1744186046511628
15625.380566714548	750	7.90100148976761	0.0	331230	1900.7670773825143	0.07111194	0.1744186046511628
15631.030652156203	750	6.250916048111532	0.0	342807	5650.085441656079	0.014213948	0.1744186046511628
15632.911341587116	750	7.712166466795235	0.0	386355	1538.7495813162964	0.019466728	0.1744186046511628
15635.531611438551	750	7.988001465875248	0.0	378250	1724.1650009199884	0.088609934	0.1744186046511628
15635.984334841436	750	7.619692189690775	0.0	343052	368.30927618447316	0.03085731	0.1744186046511628
15637.804566469717	750	7.961783438901214	0.0	380817	157.9087507895632	0.015266709	0.1744186046511628
15639.544870602207	750	7.880792811402636	0.0	368098	1080.9906274985779	0.064214714	0.1744186046511628
15640.57023473228	750	7.896767498865045	0.0	365289	484.0253125375913	0.029365556	0.1744186046511628
15641.394175367166	750	7.715466590190142	0.0	368030	181.30090867490358	0.12983847	0.1744186046511628
15644.005506168905	750	7.941121052424424	0.0	325674	2274.3455377657187	0.746352	0.1744186046511628
15647.716431325234	750	7.947651106249923	0.0	329837	2493.4699461745013	0.34547317	0.1744186046511628
15648.85186290672	750	7.671662920589057	0.0	330134	775.988185660865	0.036829963	0.1744186046511628
15650.931994742445	750	7.511818700640328	0.0	384620	1659.8442199487288	0.10040833	0.1744186046511628
15654.772713743014	750	7.67109970006972	0.0	357915	2340.7190005706066	0.111294076	0.1744186046511628
15658.225491896346	750	7.985213931575961	0.0	384047	2685.8857684937593	0.035762995	0.1744186046511628
15662.768526635213	750	7.442179192709549	0.0	326055	4543.034738866412	0.4557495	0.1744186046511628
15663.969585092233	750	7.6476135260550615	0.0	330293	294.5656666544862	0.50314456	0.1744186046511628
15664.735467910803	750	7.927918511953049	0.0	292228	219.69501410201252	0.57926583	0.1744186046511628
15665.541764236052	560	7.757864251563133	0.0	225300	170.05426038991536	0.6774985	-0.14115724331739982
15667.306659289314	750	7.903537757361526	0.0	321417	1354.3264942016058	0.39222836	-0.0969711968057719
15670.360512791936	750	7.5418952855794705	0.0	377268	1361.6424717820566	0.37337637	0.1744186046511628
15670.681507671592	750	7.937503361172632	0.0	382691	104.39192440683908	0.7187254	0.1744186046511628
15673.005320446113	750	7.8438984515357895	0.0	342628	93.60490963684242	0.43337685	0.1744186046511628
15681.346560257618	750	4.0	0.49734135996860096	315865	8341.23981150439	0.058039695	-0.3003434575748637
15688.72928369082	750	4.0	3.382723433201265	320138	7382.723433201265	0.008137161	-3.054729184682765
15691.689744802878	750	5.039538887942194	0.0	279321	2960.461112057806	0.014716192	0.1744186046511628
15693.38345035687	750	7.345833333948314	0.0	389445	1693.7055539938794	0.11892119	0.1744186046511628
15695.346114844422	750	7.709669977993774	0.0	362648	1636.1633559545396	0.05579288	0.1744186046511628
15699.170882476774	750	7.884902345642621	0.0	299014	824.7676323511529	0.025331954	0.1744186046511628
15699.389268220586	750	7.729343855707206	0.0	313364	155.55848993541431	0.18727417	0.1744186046511628
15700.539912015889	750	7.6454355849955355	0.0	332902	1083.908270711671	0.072711766	0.1744186046511628
15702.722551862753	750	7.542983423860314	0.0	353862	1102.452161135221	0.40547717	0.1744186046511628
15707.786228801227	750	6.47930648538433	0.0	367933	5063.676938475984	0.7437743	0.1744186046511628
15710.372124893252	560	7.893410393361078	0.0	274099	85.89609202325319	1.0120412	-0.34464872154054516
15710.913494064309	750	7.805106165948775	0.0	386049	88.3042274123031	0.60762477	-0.20550541054579782
15712.406684936308	750	7.745043201771518	0.0	373468	1060.0629641772573	0.06664856	0.1744186046511628
15714.016931973512	750	7.720983637076469	0.0	334470	1524.0595646950483	0.03736723	0.1744186046511628
15718.164229794163	750	7.57368581642683	0.0	327979	1147.2978206496384	0.022438612	0.1744186046511628
15719.289186369742	750	7.642450175218856	0.0	137752	431.2356412079748	0.2891378	0.1744186046511628
15721.056576985495	750	7.554615334532718	0.0	43477	87.83484068613649	0.26644439	0.1744186046511628
15721.33388081763	750	7.965741305996362	0.0	51190	88.8740285363552	0.017091788	0.1744186046511628
15722.766854571637	750	7.803469330793731	0.0	49103	162.27197520263053	0.09001153	0.1744186046511628
15723.146100901316	750	7.7091970553552205	0.0	34800	94.27227543851104	0.05455622	0.1744186046511628
15723.728871896119	750	7.520298585074055	0.0	329603	188.8984702811643	0.19888312	0.1744186046511628
15725.265804899074	750	7.658768345858329	0.0	341739	361.5302392157267	0.6586944	0.1744186046511628
15726.340229617375	750	7.919257368576283	0.0	352604	239.51097728204473	0.29309267	0.1744186046511628
15727.551248136962	750	7.691204979293774	0.0	347528	228.05238928250967	0.106923565	0.1744186046511628
15729.583522589188	750	7.876550818332398	0.0	335246	314.6541609613761	0.106403545	0.1744186046511628
15733.520186899692	750	7.939886507828022	0.0	344306	1436.6643105043763	0.0725498	0.1744186046511628
15736.393080208229	750	7.740582154444723	0.0	379857	2199.3043533832993	0.036126725	0.1744186046511628
15737.55207945474	750	7.68887700876714	0.0	377839	551.7051456775825	0.06852212	0.1744186046511628
15738.975141067569	750	7.9909932527693455	0.0	375739	197.883755997796	0.04388085	0.1744186046511628
15739.307880465289	750	7.89721248232343	0.0	331229	93.7807704459142	0.01639422	0.1744186046511628
15739.657529231461	750	7.801867412875509	0.0	356198	95.34506944792227	0.016714314	0.1744186046511628
15741.500386660535	750	7.7175905467000305	0.0	322110	584.2768661754777	0.012687083	0.1744186046511628
15741.99637441259	750	7.5588869521213615	0.0	380646	158.70359457866823	0.018527161	0.1744186046511628
15742.52376700447	750	7.673832734921387	0.0	379966	385.0542171999739	0.07237427	0.1744186046511628
15744.972300832858	750	7.980735008066414	0.0	312699	693.097726854972	0.07269175	0.1744186046511628
15745.912361941246	750	7.848422504639512	0.0	345853	132.31250342690436	0.008423186	0.1744186046511628
15746.88553003868	750	7.725712758402183	0.0	334834	122.70974623732721	0.0074682836	0.1744186046511628
15749.099476016667	750	7.503968945008059	0.0	321762	221.74381339412562	0.0074682836	0.1744186046511628
15751.416119441732	750	7.79724831477071	0.0	391420	1706.720630237349	0.0074682836	0.1744186046511628
15754.773791850423	750	7.624373507839747	0.0	338804	2672.8748069309618	0.0074682836	0.1744186046511628
15758.834299215296	750	7.563866142965984	0.0	358319	3560.5073648737634	0.015171556	0.1744186046511628
15761.805320566116	750	7.56400795087139	0.0	332888	2499.8581920945944	0.012188995	0.1744186046511628
15765.499359244708	750	7.869969272279399	0.0	315274	2194.038678591991	0.021224216	0.1744186046511628
15770.220101668056	750	7.149226848931586	0.0	325929	4720.742423347813	0.046715815	0.1744186046511628
15773.453251961897	750	7.916076555092021	0.0	388763	1233.1502938395656	0.054232515	0.1744186046511628
15774.730201089606	750	7.701649268486852	0.0	385094	1214.4272866051688	0.21291813	0.1744186046511628
15778.146641562198	750	7.734689952742632	0.0	329654	2466.9593157442187	0.81677395	0.1744186046511628
15782.364145635329	750	7.517185879611554	0.0	354507	2217.5040731310787	1.1234325	0.1744186046511628
15784.640174408516	750	7.872664108006398	0.0	373982	1644.521771605156	1.1216862	0.1744186046511628
15786.784192080167	375	7.561408772968	0.0	193827	1311.2553350383998	1.1289394	-0.6626407276684199
15790.617002628154	560	7.7285982249812335	0.0	253036	2332.810547986767	1.1264759	-0.2396934566575057
15791.18262349031	560	7.6240742362056535	0.0	246345	104.52398877558005	1.1417941	0.13023255813953488
15791.361652165939	750	7.975108335080557	0.0	331429	148.9659011250977	0.95805156	-0.3004626750289172
15793.61914841709	750	7.821391596755483	0.0	342809	1153.7167383250749	0.3332811	0.1744186046511628
15793.950622328923	560	7.667544397253911	0.0	277059	153.8471995015709	0.36354542	-0.24969145705742574
15794.951416607586	750	7.965960614086423	0.0	386565	201.58378316748772	0.65697277	-0.4587036879179809
15798.996974004733	560	7.920403216940544	0.0	274173	2545.5573971458793	0.43778482	-0.34464872154054516
15800.500472545944	750	7.705037892649615	0.0	360822	715.3653242909292	0.06811546	-0.4587036879179809
15801.956631702986	750	7.986524922589401	0.0	331805	1218.5129700602129	0.026466979	0.1744186046511628
15805.222338441354	750	7.6764946468954625	0.0	332115	1810.0302756939393	0.03837139	0.1744186046511628
15807.179154259415	750	7.870424969200409	0.0	349102	1806.069677695053	0.015000928	0.1744186046511628
15808.21520341262	750	7.877273462781869	0.0	359874	993.1515064185397	0.022885544	0.1744186046511628
15810.4835405937	750	7.724553695633982	0.0	350557	152.7197671478857	0.23720421	0.1744186046511628
15810.832633465485	750	7.567815966707525	0.0	342880	156.73772892645678	0.1315366	0.1744186046511628
15814.455144414225	750	7.539238063765966	0.0	357579	2528.577902941558	0.19234948	0.1744186046511628
15821.750431959865	750	4.243950518125347	0.0	359155	7295.287545640619	0.20374161	0.1744186046511628
15823.783750589151	750	6.210631888840066	0.0	332446	2033.3186292852818	0.4747542	0.1744186046511628
15826.252215741648	750	7.532668922954816	0.0	355672	1677.9629658852505	0.8475972	0.1744186046511628
15827.483546708854	750	7.50725453265658	0.0	357411	525.414390298236	0.39143163	0.1744186046511628
15829.22664054111	750	7.698665904982294	0.0	351255	308.58862767428616	0.09222804	0.1744186046511628
15829.976560616786	750	7.500958469436413	0.0	345013	197.70743554587966	0.16976595	0.1744186046511628
15830.445231420488	750	7.752729387649903	0.0	327746	248.22908178650945	0.09072031	0.1744186046511628
15832.120522755622	750	7.680804581040938	0.0	336622	571.9248066089649	0.20098521	0.1744186046511628
15833.15433971326	750	7.91607936648497	0.0	375327	264.72521455596916	0.4574535	0.1744186046511628
15836.291921365872	750	7.6918344117180935	0.0	344603	224.24495476687542	0.2982478	0.1744186046511628
15837.444764550868	750	7.5320811681440425	0.0	335973	159.7532435740514	0.11048054	0.1744186046511628
15839.027864359961	750	7.946576234308043	0.0	369442	1085.5049338359995	0.01605763	0.1744186046511628
15843.179074601307	750	7.570768551263715	0.0	324836	1375.807683044328	0.008268936	0.1744186046511628
15846.41579281688	750	7.5256107226281586	0.0	326912	2545.157828635556	0.009945566	0.1744186046511628
15847.396660580067	750	7.815957034504503	0.0	362043	709.6536881236549	0.0151618505	0.1744186046511628
15850.189712798465	750	7.765037962836579	0.0	308296	550.9190716679236	0.039979238	0.1744186046511628
15856.036070072323	750	5.9186806889784105	0.0	338042	5846.357273858169	0.028743716	0.1744186046511628
15858.685209166784	750	7.269541594517828	0.0	352610	2649.1390944605823	0.057157032	0.1744186046511628
15861.979444267126	750	7.553738801870175	0.0	343181	1715.802792647653	0.14626358	0.1744186046511628
15863.283662930695	750	7.640845623932382	0.0	350622	912.8931779377923	0.44960505	0.1744186046511628
15863.779638690361	560	7.798520486914687	0.0	253975	342.32513701769443	0.9768069	-0.14115724331739982
15866.305048368446	560	7.572640959198058	0.0	273360	225.87952771662998	0.8420413	0.13023255813953488
15867.423828147608	750	7.873016144799043	0.0	392255	199.62481439901495	0.61220306	-0.1421952930325566
15867.589613274222	750	7.709701063875349	0.0	327799	163.31508092369364	0.30503395	0.1744186046511628
15869.978675563907	750	7.7264049418779	0.0	349751	483.2961219974488	0.22213247	0.1744186046511628
15871.150821555291	750	7.55321503002956	0.0	348002	173.18991184833965	0.22663483	0.1744186046511628
15873.941454994801	750	7.867376350041326	0.0	348583	185.8386799882345	0.15784414	0.1744186046511628
15877.690624599598	750	7.505188927403542	0.0	319736	2862.1874226377836	0.054402106	0.1744186046511628
15883.562018880735	750	5.6337946462661845	0.0	314737	5871.394281137357	0.009904065	0.1744186046511628
15885.459035571426	750	7.736777955576061	0.0	379060	897.0166906901244	0.007892642	0.1744186046511628
15886.605369951014	750	7.8713073427758244	0.0	364424	865.4706128002372	0.017814916	0.1744186046511628
15887.217755823065	750	7.915546290144245	0.0	356973	455.76105263157893	0.014050101	0.1744186046511628
15888.113725773055	750	7.50587372485899	0.0	352455	409.6725652852558	0.01761316	0.1744186046511628
15894.422789657176	750	5.196809840738263	0.0	346553	6309.0638841207265	0.09570017	0.1744186046511628
15895.904810008758	750	7.714789489155992	0.0	332604	482.02035158227136	0.10375684	0.1744186046511628
15896.670305942504	750	7.676732332485069	0.0	378965	538.0571566709223	0.33944362	0.1744186046511628
15900.68987564028	750	7.657162634708484	0.0	346953	3019.5696977765856	0.7889993	0.1744186046511628
15901.910819159022	750	7.807695112763074	0.0	66838	349.46752194540807	0.57310927	0.1744186046511628
15903.245436454778	750	7.526624463283278	0.0	314502	1281.0706494797962	0.20623913	0.1744186046511628
15904.877683540002	750	7.947274243808126	0.0	386556	1079.3502194751536	0.4844592	0.1744186046511628
15910.795536784713	750	6.029420999094924	0.0	349728	5917.853244713202	0.41973072	0.1744186046511628
15914.082978327157	750	6.741979456651869	0.0	387182	3287.4415424430554	0.58534944	0.1744186046511628
15917.73545434311	750	7.089503440698892	0.0	383283	3652.4760159529756	0.8216748	0.1744186046511628
15918.33451668006	750	7.795806106658303	0.0	339919	293.6973340405886	0.82588935	0.1744186046511628
15920.107104557006	560	7.52219466963995	0.0	234121	273.6114370183536	0.962099	-0.1863813395441845
15921.902292031153	560	7.584089152529925	0.0	267394	1438.1055171100247	0.7844798	0.13023255813953488
15925.39195315967	750	7.977799566790273	0.0	381606	606.2895857396521	0.69809616	-0.3004626750289172
15927.499789996142	750	7.760566919942645	0.0	334780	1217.2326468476272	0.68167675	0.1744186046511628
15933.24754275822	560	6.012814157865801	0.0	277605	5747.752762076844	0.94879246	-1.7678693399623628
15935.3113176191	750	7.949039296984785	0.0	355892	563.7748608810161	0.84981215	-1.723683293450735
15936.24505977109	750	7.872734127280864	0.0	365110	576.3051697039209	0.45525485	0.1744186046511628
15939.205860057398	750	7.531052475270193	0.0	314507	341.6816520106709	0.38408768	0.1744186046511628
15940.954174441898	750	7.666454600169182	0.0	362657	1364.5978751010114	0.16785797	0.1744186046511628
15942.4558451847	750	7.806477483464376	0.0	391545	1359.9771167048054	0.26995233	0.1744186046511628
15945.443098263639	750	7.763697757044161	0.0	382802	1042.7797264202147	0.46849942	0.1744186046511628
15945.61158051341	750	7.596693308416517	0.0	318911	167.00444862764357	0.5547771	0.1744186046511628
15948.41019544818	750	7.908124741603506	0.0	348214	188.56856681301164	0.47867835	0.1744186046511628
15952.896586345025	750	7.421733844758654	0.0	347331	4486.390896844852	0.078393176	0.1744186046511628
15953.728626739083	750	7.973932280129509	0.0	332334	447.80156462914414	0.043019276	0.1744186046511628
15954.805708102456	750	7.587511013158632	0.0	339532	386.4212669708781	0.13723837	0.1744186046511628
15956.78814554061	750	7.90162234228202	0.0	371575	1685.888670876611	0.31256634	0.1744186046511628
15959.687955883315	750	7.749991554568072	0.0	383640	1651.6307877139475	0.16078997	0.1744186046511628
15960.956823453922	750	7.689147546761082	0.0	373769	1060.8440078069902	0.042559206	0.1744186046511628
15962.408046184019	750	7.527547963113697	0.0	391832	1161.5995836473846	0.1377249	0.1744186046511628
15965.429725285567	750	7.871519985563478	0.0	345235	1156.0279775502183	0.10051006	0.1744186046511628
15965.748994578062	750	7.604710901316161	0.0	387170	266.80908424731683	0.1816552	0.1744186046511628
15969.51386592568	750	7.708505331629864	0.0	391090	896.2055696862976	0.39730668	0.1744186046511628
15970.783680647213	750	7.717930859829619	0.0	279224	490.57447180024445	0.23366752	0.1744186046511628
15974.597992862173	750	7.9036186448698516	0.0	368218	314.31221495976797	0.28394127	0.1744186046511628
15975.237123082954	750	7.800829766824891	0.0	356531	102.78887804496097	0.5688036	0.1744186046511628
15978.140682021294	750	7.572220969022604	0.0	401529	2228.608797802287	0.26277483	0.1744186046511628
15985.045280213937	750	4.6676227763794715	0.0	334023	6904.598192643133	0.07029403	0.1744186046511628
15986.436450121417	750	7.276452868899181	0.0	347268	1391.1699074802905	0.049899008	0.1744186046511628
15988.286499336411	750	7.666287381732083	0.0	389094	1610.165487167098	0.13906153	0.1744186046511628
15992.191973012004	750	7.760813706138662	0.0	311759	905.4736755934208	0.17120466	0.1744186046511628
15994.12807402347	750	7.984941902114903	0.0	379192	275.8718040237604	0.037408143	0.1744186046511628
15995.021854769251	750	7.828166132946098	0.0	375279	156.77576916880415	0.19302735	0.1744186046511628
15997.361702048562	750	7.97674498159714	0.0	328716	851.4211513489591	0.11840643	0.1744186046511628
15999.076090621274	750	7.820763759226102	0.0	353855	155.98122237103803	0.12924272	0.1744186046511628
16001.994611744758	750	7.6007068726542455	0.0	342531	220.05688657185573	0.49717206	0.1744186046511628
16005.174554383135	750	7.557467671925102	0.0	320669	2543.239200729144	0.25991827	0.1744186046511628
16006.454514416606	750	7.91933937401617	0.0	372000	1138.128297908933	0.071916275	0.1744186046511628
16008.933552892773	750	7.701736003713977	0.0	394851	1217.6033703021928	0.028771324	0.1744186046511628
16010.834541709188	750	7.83695914843852	0.0	343895	1864.7768552754578	0.06165018	0.1744186046511628
16014.766066120175	750	7.849302923515276	0.0	390392	2987.6562249232447	0.021198355	0.1744186046511628
16021.017573529214	750	5.597795514477332	0.0	356254	6251.507409037943	0.022176292	0.1744186046511628
16021.945321154839	750	7.872609499219332	0.0	223493	225.1860152580015	0.25630236	0.1744186046511628
16024.817011727964	750	7.998045017840446	0.0	334964	374.5644813788858	0.1702966	0.1744186046511628
16026.71707486259	750	7.756576496400607	0.0	337776	241.46852143983935	0.4212775	0.1744186046511628
16029.751184106046	750	7.528819181265522	0.0	395140	227.7573151350846	0.48732874	0.1744186046511628
16031.851622877635	750	7.591775759632123	0.0	344240	1437.0434216333995	0.2938614	0.1744186046511628
16032.806883647276	750	7.655843049788542	0.0	383706	435.93270984357986	0.41843495	0.1744186046511628
16033.44561537519	750	7.5561412157301895	0.0	309107	99.70183405835206	0.3410638	0.1744186046511628
16043.609828973633	750	4.0	2.6080723827104793	326645	10164.213598440669	0.24789754	-2.315247291884261
16051.469379089314	750	4.0	3.859550115681259	337126	7859.550115681259	0.03142583	-3.509907935778167
16053.149478183066	750	6.319900906247589	0.0	89639	1680.0990937524114	0.011272546	0.1744186046511628
16055.707244546391	750	7.7621345429221655	0.0	356638	1557.7663633254226	0.057360496	0.1744186046511628
16058.154358208903	750	7.979907244194803	0.0	386936	1782.227298727363	0.1218241	0.1744186046511628
16059.223072083389	750	7.945993488842076	0.0	349329	533.9137553527281	0.036608502	0.1744186046511628
16059.966854900613	560	7.801502139795808	0.0	288758	144.49134904626638	0.44267014	-0.34464872154054516
16061.598722654215	750	7.745213997084113	0.0	323743	1056.2881427116945	0.32872003	-0.3004626750289172
16064.473699182734	750	7.55101553826959	0.0	373758	1194.198458814522	0.4054466	0.1744186046511628
16068.936558075326	750	7.088156645678483	0.0	346325	4462.858892591107	0.73706365	0.1744186046511628
16072.024911885159	750	7.999802835844815	0.0	388354	88.35380983366764	0.9943671	0.1744186046511628
16073.063577091158	560	7.913965618913655	0.0	271362	85.83721693116003	0.5321821	-0.24969145705742574
16074.892286198308	750	7.936025059871412	0.0	342174	977.9405590422442	0.05372543	-0.20550541054579782
16078.010015611297	750	7.86704462742987	0.0	345594	2568.9804324415422	0.02044631	0.1744186046511628
16079.756736136223	750	7.583058855238922	0.0	369983	1283.9857721909486	0.025297172	0.1744186046511628
16082.01373366411	750	7.635427467666529	0.0	376234	947.6313875723931	0.21238965	0.1744186046511628
16084.010199064454	750	7.990877837653127	0.0	358198	144.54963001340286	0.076542854	0.1744186046511628
16085.069844678777	750	7.847012915657337	0.0	368406	143.86492199578964	0.016843854	0.1744186046511628
16087.47561486615	750	7.812018168134759	0.0	357988	534.9947475225783	0.020685447	0.1744186046511628
16087.741220297261	750	7.574603172505129	0.0	383824	237.4149956296283	0.0090976	0.1744186046511628
16088.76270763441	750	7.787954721670314	0.0	367749	286.6484508348143	0.045762062	0.1744186046511628
16090.679965657982	750	7.906745153041247	0.0	365627	381.20956862906627	0.32620275	0.1744186046511628
16091.606743943143	750	7.671380237933172	0.0	343439	235.3649151080764	0.03637793	0.1744186046511628
16095.600359814613	750	7.677764366463145	0.0	363612	2493.615871470027	0.010444767	0.1744186046511628
16096.327641570471	750	7.826638109294165	0.0	387353	351.12625716898015	0.009510801	0.1744186046511628
16097.086282847638	750	7.8453952200547175	0.0	104920	481.24288923944744	0.008058171	0.1744186046511628
16099.665834373362	750	7.639818651157584	0.0	359365	2205.576568897134	0.012157403	0.1744186046511628
16100.858795466775	750	7.925825582866033	0.0	335625	213.99306829155097	0.03617339	0.1744186046511628
16103.126366316348	750	7.741524170639808	0.0	335107	184.30141222622348	0.032639615	0.1744186046511628
16103.320059050395	750	7.64631252229016	0.0	365621	95.21164834964812	0.06499489	0.1744186046511628
16104.570972881027	750	7.780096149822188	0.0	331079	366.21637246797314	0.030192731	0.1744186046511628
16106.963546208424	750	7.736158215205422	0.0	327849	543.9379346167664	0.037356377	0.1744186046511628
16108.034643530927	750	7.5849272503448315	0.0	344505	151.2309648605899	0.053589553	0.1744186046511628
16109.737115745016	750	7.6536243221221705	0.0	334339	931.3029282226622	0.105370484	0.1744186046511628
16112.920533365495	750	7.9075001548144375	0.0	342029	746.1241673077332	0.05275991	0.1744186046511628
16113.540526935702	750	7.7761500962970915	0.0	339490	131.3500585173463	0.0076676295	0.1744186046511628
16116.927408409712	750	7.53703111513622	0.0	336021	2739.1189811608715	0.008210773	0.1744186046511628
16119.400455849145	750	7.834388641845671	0.0	334909	202.6424732905494	0.013448874	0.1744186046511628
16121.03913086137	750	7.855253618803777	0.0	338025	1479.135023041894	0.008349716	0.1744186046511628
16124.501973051183	750	7.655102518489259	0.0	340690	3200.1511003145183	0.042285915	0.1744186046511628
16128.289393227004	750	7.867682342667986	0.0	340666	3287.420175821273	0.08248096	0.1744186046511628
16131.5813371531	750	7.859766012278763	0.0	331303	2507.9163303892224	0.028688073	0.1744186046511628
16133.980816238154	560	7.581540267602337	0.0	258079	1778.225744676427	0.53366303	-0.34464872154054516
16138.023276466452	750	7.539080039305305	0.0	323697	4042.4602282970313	0.22151479	-0.20550541054579782
16141.590357907286	750	7.971998598471802	0.0	332776	1067.0814408335032	0.29133826	0.1744186046511628
16143.134585667167	750	7.900282223285339	0.0	354314	1071.716375186463	0.75867116	0.1744186046511628
16145.777665907362	560	7.524997795534966	0.0	247940	1875.2844277503734	0.7735168	-0.34464872154054516
16149.780358218368	560	7.522305484529914	0.0	246793	1502.692311005052	1.1413571	0.13023255813953488
16151.49322962569	750	7.706613842591132	0.0	336479	1315.6916419387821	1.1378179	-0.20550541054579782
16154.714915594826	560	7.728860740713262	0.0	281825	2977.75310187787	1.1431134	-0.24969145705742574
16158.619080938457	750	7.824695397082902	0.0	333091	1904.1653436303593	1.1416197	-0.20550541054579782
16159.698593171159	560	7.719488386175803	0.0	253206	105.20701090709989	1.1177237	-0.24969145705742574
16161.028218928903	750	7.75182811820095	0.0	320904	467.6602679748517	0.9530072	-0.3004626750289172
16163.044834045439	750	7.8845033048184465	0.0	340111	367.324813382504	0.6235826	0.1744186046511628
16163.947288207151	750	7.71792137553807	0.0	324837	166.58192928037636	0.40072262	0.1744186046511628
16164.905810838825	560	7.561096175913924	0.0	244259	156.8251996241444	0.6850051	-0.34464872154054516
16168.705257127762	750	7.761649886977764	0.0	352942	1799.4462889361598	0.395777	-0.3004626750289172
16169.904246893682	750	7.532226864508124	0.0	363692	729.4230224696404	0.051361013	0.1744186046511628
16172.393978663737	750	7.937644351205138	0.0	341389	1594.5825133029864	0.096447274	0.1744186046511628
16176.096313319935	750	7.7380516514824444	0.0	329601	1699.5926997226923	0.046865158	0.1744186046511628
16178.666302670714	750	7.648927954328958	0.0	332416	1589.1236971534877	0.015089505	0.1744186046511628
16179.452235696719	750	7.945894268138705	0.0	332325	203.03368619025275	0.047850266	0.1744186046511628
16182.263955438322	750	7.791484067245414	0.0	358706	154.41020089329123	0.123292305	0.1744186046511628
16183.146515212275	750	7.638858950622831	0.0	324504	152.62511662258206	0.071855955	0.1744186046511628
16186.979707053768	750	7.773730358540657	0.0	344507	2365.128592082174	0.090217575	0.1744186046511628
16193.796997939906	750	4.956439472402139	0.0	342577	6817.290886138518	0.16528368	0.1744186046511628
16195.950595312604	750	6.802842099702933	0.0	353311	2153.5973726992056	0.45552993	0.1744186046511628
16197.550454111171	560	7.56288845454432	0.0	274140	1239.9536451586139	0.38294533	-0.5028897344296088
16198.004882778108	750	7.715126697780677	0.0	361306	347.7617567636419	0.1733233	-0.20550541054579782
16200.195853495148	750	7.882974794346932	0.0	339584	332.15190343374536	0.038347784	0.1744186046511628
16201.358495651904	750	7.691063122772419	0.0	328025	191.91167157451218	0.05642273	0.1744186046511628
16205.333695865995	750	7.648828258318506	0.0	346298	3042.2348644539125	0.07665457	0.1744186046511628
16208.403376165752	750	7.735970783256826	0.0	341792	1412.8574750616808	0.20313482	0.1744186046511628
16208.945971084328	750	7.993584736315977	0.0	329938	242.38604694084717	0.71639705	0.1744186046511628
16209.427631851355	750	7.862858788621021	0.0	341761	130.72594769495652	0.55539644	0.1744186046511628
16211.041579617624	750	7.691352315152291	0.0	347692	171.50647346872978	0.107847095	0.1744186046511628
16212.450337370936	750	7.663694084895609	0.0	348188	1027.6582302566817	0.014047259	0.1744186046511628
16214.79295261202	750	7.882936225880874	0.0	347186	2280.7578590147355	0.013373516	0.1744186046511628
16218.218128688166	750	7.891776878844234	0.0	340862	2491.1593470366397	0.037525393	0.1744186046511628
16219.894557861024	750	7.7055706569698454	0.0	348561	686.2062218743887	0.10457156	0.1744186046511628
16220.565265455843	750	7.575328335052544	0.0	341550	630.2423219173014	0.089387774	0.1744186046511628
16225.755190652464	750	6.385403138432397	0.0	347532	5189.925196620146	0.025814978	0.1744186046511628
16228.214338046653	750	7.926255744242178	0.0	325636	2459.147394190218	0.037299953	0.1744186046511628
16231.903544529108	750	7.738921434869781	0.0	328583	1687.3343093723977	0.06440226	0.1744186046511628
16233.64974600217	750	7.816756784880916	0.0	354525	922.164649988865	0.34828138	0.1744186046511628
16234.578181218105	750	7.97455758844861	0.0	325547	342.19919643230594	0.77813065	0.1744186046511628
16237.609232393368	750	7.712150010568548	0.0	341809	262.40757788006135	0.49618936	0.1744186046511628
16238.66209894447	750	7.53003853370887	0.0	334828	182.111476859679	0.2455578	0.1744186046511628
16239.752750851772	750	7.880090117177499	0.0	346664	649.9484165313714	0.15983228	0.1744186046511628
16242.52798204205	750	7.922826267425775	0.0	327175	457.26384975172425	0.15653035	0.1744186046511628
16244.111142380652	750	7.750229768387293	0.0	345786	172.59649903848248	0.1861856	0.1744186046511628
16244.805706713609	750	7.568229521691592	0.0	335941	182.00024669570087	0.1251933	0.1744186046511628
16253.449494249524	750	4.0	1.0755580142236723	333408	8643.787535915264	0.022851031	-0.8523090757267547
16254.246057503064	750	7.203436746460469	0.0	332454	796.5632535395308	0.0074682836	0.1744186046511628
16255.076049419986	750	7.894898225856425	0.0	338010	808.5385206040442	0.00953155	0.1744186046511628
16256.663904709027	750	7.82169727949642	0.0	317905	573.2009463600047	0.013771794	0.1744186046511628
16257.935731143676	750	7.903111233510957	0.0	374127	418.58604598546344	0.012423781	0.1744186046511628
16260.363996558734	750	7.575598720314811	0.0	334724	327.51251319614545	0.014174386	0.1744186046511628
16264.951245901573	750	6.988349377474614	0.0	228694	4587.249342840197	0.036967	0.1744186046511628
16265.54264004643	750	7.53265342739416	0.0	310825	455.69595008045445	0.02708652	0.1744186046511628
16266.678692691026	750	7.987976202483751	0.0	351720	544.6772249104091	0.0821678	0.1744186046511628
16271.035469629574	750	7.6311992639354616	0.0	357914	2356.7769385482898	0.11269903	0.1744186046511628
16272.768802167642	750	7.87960917401862	0.0	327077	1251.5900899168403	0.06362246	0.1744186046511628
16274.081487550053	750	7.915637706889258	0.0	343887	963.9714671293619	0.045729302	0.1744186046511628
16277.699352869824	750	7.7410620046433944	0.0	354900	1174.575702245863	0.1001433	0.1744186046511628
16282.221551853894	750	7.218863020573047	0.0	349896	4522.198984070347	0.09848041	0.1744186046511628
16285.197677589007	750	7.844044453818931	0.0	340927	2874.8185667541156	0.10612608	0.1744186046511628
16289.296878985126	750	7.744843057700074	0.0	355052	3099.2013961188572	0.18664731	0.1744186046511628
16290.437540473908	750	7.944766595548055	0.0	350066	300.07646215202055	0.18212731	0.1744186046511628
16293.503547831524	750	7.792055430055327	0.0	340206	152.71116549272728	0.23537022	0.1744186046511628
16294.836328197947	750	7.792313342905676	0.0	348802	499.7420871496494	0.15104851	0.1744186046511628
16296.485410260615	750	7.799291451207693	0.0	359162	993.021891697983	0.09544666	0.1744186046511628
16300.043095266556	750	7.788479033723206	0.0	344509	1010.8124174844868	0.09439514	0.1744186046511628
16304.266925409507	750	7.564648890773308	0.0	374966	4223.830142949899	0.30553645	0.1744186046511628
16305.296461113174	750	7.514732404642728	0.0	345697	549.9164861305808	0.16318682	0.1744186046511628
16305.994529439273	750	7.615507850360966	0.0	354856	399.22455428176255	0.035863616	0.1744186046511628
16307.742538028195	750	7.600425441808115	0.0	383484	1515.0824085528511	0.029116109	0.1744186046511628
16310.750651683566	750	7.66333170430827	0.0	343845	937.0937374998443	0.027667888	0.1744186046511628
16312.638438021244	750	7.9489484944024404	0.0	358408	1214.383209905829	0.034312557	0.1744186046511628
16313.772157117408	750	7.83879051020509	0.0	348921	610.1579841973513	0.1121688	0.1744186046511628
16314.63955450908	750	7.626872370352274	0.0	376327	211.9181398528165	0.12555647	0.1744186046511628
16319.169755989536	750	7.096670889895164	0.0	336176	4530.201480457109	0.07568094	0.1744186046511628
16322.387123413928	750	7.879303465503872	0.0	358658	2217.3674243912933	0.035843786	0.1744186046511628
16324.02055816265	750	7.894110169476314	0.0	366120	485.1932960275574	0.03177244	0.1744186046511628
16326.455791619048	750	7.960614167625081	0.0	343713	433.49600185123285	0.08376979	0.1744186046511628

