55793.20159539011	375	4.0	3.241795906636318	164106	3241.795906636318	0.081770495	-0.02933468770658601
55793.35760111247	4300	7.843994277635754	0.0	1917289	156.00572236424622	0.111175396	0.9842496664561273
55794.44240809763	4300	7.687491599551447	0.0	1929825	156.50267808430627	0.055629745	0.9791754676739596
55795.567608288344	4300	7.549043657739579	0.0	1878450	138.4479418118683	0.06436385	0.9759582431986553
55801.876200577106	4300	5.240451368974969	0.0	1846294	6308.59228876461	0.06367819	0.4773785001284321
55803.314915889714	4300	7.801736056360624	0.0	1899420	438.7153126143459	0.056964535	0.9634508372289412
55804.16794100244	4300	7.862253425135779	0.0	1903483	439.48263122484394	0.040744707	0.965346987852409
55806.925215525014	4300	7.900387404594436	0.0	1859709	461.86602054134386	0.06026035	0.9650360697410195
55811.7067714415	4300	7.118831488109988	0.0	2110938	4781.555916484448	0.04174371	0.6428627655529731
55814.8373510412	4300	7.949523897525487	0.0	1974918	2169.3075905845017	0.04172062	0.8492218557163086
55818.84807734026	4300	7.9387975984649435	0.0	2004884	2510.726299060543	0.038200434	0.825401888287481
55822.324989374356	4300	7.606340735502664	0.0	1567288	3332.456862962279	0.046159364	0.7581966188929691
55827.02778384549	4300	6.903546264365668	0.0	1980020	4702.794471136996	0.048378363	0.6413450063614863
55838.67628357764	4300	4.0	4.744953467781108	1956214	11648.499732146776	0.052722923	0.07028094074420743
55861.01886089424	4300	4.0	18.342577316600913	1807217	22342.577316600913	0.059744395	-0.6649995462092141
55862.26920154	4300	6.7496593542379255	0.0	2042281	1250.3406457620745	0.053305704	0.8737656419536102
55863.57337341643	4300	7.992407084400351	0.0	2054342	1257.2522698375747	0.037395727	0.9133120175049335
55868.02599583075	4300	7.539784670080737	0.0	2019380	2952.6224143196146	0.034264676	0.782169083408431
55871.63786878502	4300	7.61861920340158	0.0	2032366	3421.1654666791574	0.03946453	0.7524927998595348
55879.621108810425	4300	4.0	0.3646208219961682	2237397	7983.240025397748	0.043191988	0.3222890191133848
55880.93716626549	4300	6.6839425449340055	0.0	1737750	1316.057455065995	0.061978288	0.8671308746496318
55882.46433903754	4300	7.756858642933035	0.0	1893840	1427.0839020009691	0.057213966	0.8940494688271845
55886.23325407441	4300	7.987943606068067	0.0	2074149	2268.915036864969	0.051078	0.8436105329108722
55888.781367137475	4300	7.818389027992878	0.0	1922882	1669.554578075188	0.066441305	0.8793597208583515
55899.09409271904	4300	4.0	2.4943365535745725	2194117	10312.72558156745	0.051966995	0.16212323945031804
55905.58687019193	4300	4.0	2.492777472888547	1819672	6492.777472888547	0.06704637	0.4247670517197607
55907.59584375503	4300	5.991026436904635	0.0	2140160	2008.9735630953658	0.06482511	0.7971740829756491
55909.664320167016	4300	7.609805782184743	0.0	1865612	1381.2206547198905	0.053948138	0.892467128609775
55913.560829172726	4300	7.71329677647211	0.0	1768080	1396.5090057126326	0.05169779	0.8947488007396605
55914.29539817565	4300	7.557894656498338	0.0	1947764	155.40211997377253	0.05011683	0.9750775826986529
55914.57679159711	4300	7.916781387247382	0.0	1877612	141.1132692509555	0.047864016	0.9876176542697772
55916.00563232183	4300	7.732501100990342	0.0	1853047	184.28028625703837	0.06064402	0.9787150855103944
55920.28038147289	4300	7.457751949926552	0.0	2013957	4274.749151063791	0.06047046	0.6886233332463517
55925.56714610067	4300	6.170987322147908	0.0	2091249	5286.764627778644	0.05879311	0.5776022247518924
55928.06105020266	4300	7.677083220160763	0.0	1848052	1993.9041019871452	0.052552175	0.8525081624188344
55930.70269185832	4300	7.846251551974448	0.0	1935156	830.8316681863154	0.057602957	0.9379241226227143
55937.54207313151	4300	5.006870278790182	0.0	1988205	6839.381273184266	0.041042347	0.4333613755606875
55939.94333480916	4300	6.60560860114082	0.0	1778394	2401.2616776493624	0.042653315	0.789994051203289
55941.24472839695	4300	7.5851382763927795	0.0	1795158	1020.4703247480403	0.0440472	0.9164764321298053
55943.60882520136	4300	7.50355150571589	0.0	1595046	1081.5867706768893	0.04415758	0.9096468887066534
55947.6180147567	4300	7.494361950368225	0.0	1773656	4009.189555347665	0.04476276	0.7080611039227938
55961.03063097731	4300	4.0	5.918254270240596	2037903	13412.616220608821	0.058991387	-0.051012403205769385
55969.61909233775	4300	4.0	4.588461360441259	1995176	8588.461360441259	0.065185755	0.28067650653985576
55971.06309713802	4300	6.555995199725698	0.0	1989060	1444.0048002743015	0.06273721	0.8542133141105467
55972.999197550496	4300	7.992335978685081	0.0	2175399	1563.6592210406175	0.04255955	0.8922424545773283
55976.36830225715	4300	7.9540042210782245	0.0	1628210	1038.3317576068564	0.046094604	0.9271273550951878
55983.8018835068	4300	4.520422971431855	0.0	2071599	7433.5812496463695	0.04501111	0.3768410411746642
55991.86031380694	4300	4.0	3.5380073287040705	1757504	8058.430300135926	0.059964348	0.317119247210475
55997.649963716256	4300	4.0	1.789649909317104	1961960	5789.649909317104	0.06642024	0.47311119110441735
56004.28324546921	4300	4.0	2.6332817529607153	2267448	6633.2817529607155	0.059868634	0.41510655929723655
56010.17101353693	4300	4.0	1.8877680677143134	1528271	5887.7680677143135	0.066610664	0.46636499287315064
56013.27179767293	4300	4.89921586399806	0.0	1831227	3100.78413600194	0.056592405	0.6869449168309945
56017.74572893561	4300	4.425284601324404	0.0	1728435	4473.9312626736555	0.05206504	0.5772704704134914
56020.59831850134	4300	5.572695035590245	0.0	1915851	2852.58956573416	0.05520868	0.7256985479825937
56022.81729947113	4300	7.3537140658032225	0.0	1891574	2218.9809697870223	0.054619778	0.8266189918341523
56026.46586639251	4300	7.705147144418901	0.0	2020249	1648.5669213843223	0.055788137	0.8771558906304536
56028.09576010388	4300	7.523368830931762	0.0	2304676	1181.7783134871393	0.055374496	0.9033963325601025
56031.82213489695	4300	7.796994037857919	0.0	1967408	726.3747930738431	0.06007082	0.9435198501398768
56033.373446685255	4300	7.528583239190089	0.0	1949987	268.41079866783014	0.06229692	0.9663636257191875
56042.14409719246	4300	4.0	1.242067268015653	1724523	8770.650507205743	0.06252945	0.2681499353145492
56046.498474704684	4300	4.0	0.3543775122274492	2025804	4354.377512227449	0.07298173	0.5717945771850461
56055.478263756464	4300	4.0	4.979789051779713	1834292	8979.789051779713	0.07194346	0.25377043510233643
56056.299861767315	4300	7.178401989146953	0.0	1869703	821.5980108530475	0.06454437	0.9170514868697943
56058.26017412794	4300	7.791903844675982	0.0	2033328	886.4981444709698	0.040272318	0.9323465064581187
56062.413734422735	4300	7.638343549884633	0.0	1807425	4153.560294791349	0.0437595	0.7027715696832117
56066.28967121668	4300	7.7624067559499785	0.0	1997746	2375.936793934654	0.04435116	0.8289889455620159
56070.26795194258	4300	7.7049220454413	0.0	2147484	3057.4847105086765	0.050062075	0.7802772891370198
56077.16138915283	4300	4.811484835184456	0.0	1616527	6893.437210256845	0.048075575	0.4233524979933728
56080.43351598761	4300	5.53935800040878	0.0	1971818	3272.126834775676	0.07128693	0.695779313109367
56081.85479474981	4300	7.70189864951991	0.0	1871547	837.4593508888694	0.060179643	0.9328196732081785
56085.0935179122	4300	7.834446773983251	0.0	2033030	2867.45187553666	0.05110141	0.7975143890689604
56093.04329449225	4300	4.0	0.11532980606393994	1713332	7949.776580047191	0.05546222	0.3245898270323646
56096.62304164303	4300	4.420252849222942	0.0	2124107	3579.747150777058	0.059147067	0.6385888237110675
56106.25821607587	4300	4.0	5.2149215836166745	1888767	9635.174432839616	0.06521815	0.20870885047082044
56107.234282074234	4300	7.023934001634649	0.0	2092290	976.0659983653503	0.05991434	0.9014564029953125
56107.51994734112	4300	7.869619092631834	0.0	1783026	154.31490900281466	0.049938887	0.9851911442568649
56107.88153920927	4300	7.714498337497349	0.0	1990246	155.12075513448468	0.04337033	0.9801402110541227
56108.367607974265	4300	7.784699511509885	0.0	1757914	429.79882598746394	0.052498113	0.9635152510821571
56110.013057360775	4300	7.700109787757297	0.0	2017807	584.5897237525886	0.05522526	0.9501483328432982
56120.61586789038	4300	4.0	2.902700741847775	2085004	10602.810529605073	0.04728983	0.142178199762087
56125.19432139092	4300	4.0	0.5784535005372691	1915953	4578.453500537269	0.06833766	0.556388040202509
56126.59146651963	4300	6.60285487129036	0.0	2025780	1397.1451287096406	0.062717155	0.8589442652943534
56129.2646983013	4300	7.929623089631355	0.0	2271681	673.2317816590038	0.04564239	0.9514449446913886
56130.613187622934	4300	7.847128730440574	0.0	1977157	582.4943591907809	0.030981272	0.9550270162971161
56132.09599224155	4300	7.948723902358919	0.0	1901047	898.4048280816555	0.038961224	0.9365781032964601
56134.90680926331	4300	7.545515286743834	0.0	2187329	903.2086156150857	0.04142348	0.9232628383342415
56137.367125852674	4300	7.979161195139912	0.0	2170046	2066.354091603922	0.053731427	0.857254954867233
56140.11855325504	4300	7.760428742834738	0.0	2129405	2218.7324523051743	0.05527278	0.8397339648958277
56143.368579827234	4300	7.8617629317649405	0.0	1977734	1898.6658110697967	0.06829357	0.8650037994674009
56148.58568851406	4300	6.644654244935976	0.0	1855791	5217.108686828965	0.06143363	0.5976455026003694
56149.969541190694	4300	7.616462630601157	0.0	1634469	1028.1916143348176	0.060036287	0.9169543213238942
56152.44369894939	4300	7.517214282400523	0.0	1916722	1099.2483482006355	0.052695967	0.9088725494033918
56173.01077965925	4300	4.0	13.049866427460072	1898526	20567.080709860595	0.052012533	-0.5429237524553009
56174.36477649467	4300	6.646003164577229	0.0	1939515	1353.9968354227715	0.06139875	0.8633005158268197
56182.135043665185	4300	4.0	1.1242640059368496	1880443	7770.267170514078	0.051746394	0.3369321506233306
56182.98902514643	4300	7.146018518750172	0.0	1933517	853.981481249828	0.050405305	0.9137820525674645
56184.47019331389	4300	7.820052238787299	0.0	1863531	825.9662799628725	0.042219836	0.9374149208860016
56188.62176611159	4300	7.6684794410904615	0.0	1993016	2151.5727976968383	0.043369308	0.8413904387743316
56192.39300495716	4300	7.897240595527073	0.0	2152552	3771.2388455633886	0.049264513	0.7373959593132067
56197.635100054256	4300	6.655145498422371	0.0	1973612	5242.095097104702	0.06020049	0.5962654020354421
56200.713469428985	4300	7.576776123695901	0.0	1934566	1078.3693747264708	0.0507166	0.9122262375096938
56202.2779481227	4300	7.961275778138628	0.0	1878977	615.5003455572735	0.07133427	0.9564336659575373
56210.99242667176	4300	4.0	0.7532027709226385	2001450	8714.478549061267	0.05079145	0.272012086529689
56213.86859076864	4300	5.123835903123327	0.0	1931579	2876.1640968766737	0.069288515	0.7096225499539671
56215.28565901951	4300	7.706767652254139	0.0	2004339	917.0682508691884	0.059797075	0.927502896854189
56216.790470765234	4300	7.750206401875665	0.0	2098904	956.5612503784754	0.047708515	0.9261864282282969
56221.4449908162	4300	7.095686350910278	0.0	2176671	4654.520050965386	0.05157549	0.6508518569194899
56237.85939031448	4300	4.0	9.318713147370515	2217156	16414.399498280793	0.057603534	-0.25740258998950816
56242.12198546593	4300	4.0	0.2625951514459748	2113163	4262.595151445975	0.060244206	0.5781051522109129
56242.45981645928	4300	7.662169006649392	0.0	2033028	337.8309933506075	0.057988007	0.9658925919761684
56242.8480867761	4300	7.835831942924131	0.0	1942397	326.337063725261	0.035822973	0.9722755280615656
56245.123379315366	4300	7.6891522998369295	0.0	2087097	146.67964308720067	0.04548648	0.9799043402620331
56249.053770381535	4300	7.758761233676274	0.0	2017683	3930.3910661606556	0.044476077	0.7219937065023141
56252.518187550726	4300	7.726054630252254	0.0	2020278	2532.7066034240192	0.04810924	0.8170394146794001
56256.43407121818	4300	7.810170962798144	0.0	2069697	3915.8836674541108	0.052454762	0.7246467799605475
56259.67119225382	4300	7.63840756159092	0.0	2051990	2671.763401207222	0.058640502	0.8046558489096116
56266.31123663016	4300	4.99836318525316	0.0	1978875	6640.044376337761	0.052514657	0.44679299165271613
56269.275509560604	4300	6.034090254800467	0.0	2056757	2964.272930452693	0.048896246	0.7328784868129103
56270.92949999149	4300	7.914932509971784	0.0	2103140	1619.157744828683	0.045121178	0.8859338957503138
56272.01908735399	4300	7.847555171745378	0.0	1963405	1067.3773382264067	0.042781465	0.9217022038858985
56272.314409673294	4300	7.670999024230414	0.0	2072212	176.5561475149645	0.03713416	0.9772655453799611
56272.964731944725	4300	7.615220974411823	0.0	2144858	555.7780498185907	0.04930667	0.9493955351592904
56274.44946667409	4300	7.630125720532658	0.0	2283884	485.0952538791637	0.05695941	0.9547353856376766
56289.0694335963	4300	4.0	6.989841201679655	2077039	14619.966922212314	0.06121524	-0.134024837404776
56290.84850266079	4300	6.220930935511185	0.0	1954556	1779.0690644888143	0.060827024	0.820385234986057
56293.180761573356	4300	7.875639210316295	0.0	2019227	845.2917251948901	0.049596928	0.9378763125009295
56296.403926446445	4300	7.717540367460406	0.0	1940718	658.0988428558895	0.04539729	0.9456554866242118
56297.40378836781	4300	7.96014242189226	0.0	1998959	757.3979455681457	0.038955823	0.9466408758919023
56299.11848666678	4300	7.934025260302604	0.0	1971852	1526.1171615896562	0.040773325	0.8929458460594557
56303.47459791303	4300	7.57791401404909	0.0	2206627	3856.111246253514	0.042589393	0.7212768547332751
56306.271829537	4300	7.962644393886814	0.0	2162730	1115.2696201622746	0.056817915	0.9221156754057565
56307.98760643187	4300	7.90573694835063	0.0	2047490	1056.907445536184	0.049708217	0.9242957629436819
56312.33481977643	4300	7.521565000735843	0.0	2234667	2384.171947614786	0.062379263	0.8206666350376881
56325.21581241773	4300	4.0	5.359427640563203	1690704	12880.992641299046	0.06038837	-0.01446016752355872
56327.256038957006	4300	5.9597734607219435	0.0	2024081	2040.2265392780566	0.062866	0.7940187833388397
56329.659843682886	4300	7.555968734845236	0.0	1984201	1903.8047258767076	0.053436078	0.8548026376355562
56334.56099901576	4300	6.65481340196349	0.0	1832564	4901.155332881746	0.047687102	0.6196963134053787
56337.219783424654	4300	7.996028993077077	0.0	1987383	158.78440888641344	0.05151787	0.988954758862704
56337.74819158084	2350	7.871327437563258	0.0	1127623	124.70155551382103	0.04164264	0.6506274111288476
56343.17493483363	4300	6.4445841847719105	0.0	2032522	5426.743252791347	0.059977297	0.5767888188857093
56345.87798362155	4300	7.741535396855464	0.0	2192073	2703.0487879164466	0.065397404	0.8058259358979557
56346.577365951736	4300	7.778593552448529	0.0	2027701	462.94184440693573	0.047542997	0.9610398373872064
56348.29930916487	4300	7.745842188781497	0.0	2180892	532.7513636670317	0.046200424	0.9551852952818267
56353.63845376123	4300	6.4066975924134795	0.0	1952700	5339.144596368017	0.049667224	0.5815916355676234
56356.35436489586	4300	7.690786457793009	0.0	2018970	2215.911134620471	0.051841583	0.837685178894134
56359.50013449437	4300	7.807525448763485	0.0	2108812	2383.2610090295248	0.04074358	0.8299383704136704
56364.19142658178	4300	7.1162333613432995	0.0	2147603	4691.292087420185	0.040277928	0.6489852622548267
56369.033050892256	4300	6.274609050871305	0.0	1993222	4841.624310471994	0.049393542	0.6115452755116109
56380.63430666932	4300	4.0	5.3266467261947446	2097263	11601.25577706605	0.05509718	0.07352923944253187
56403.63916141053	4300	4.0	19.004854741205715	1936276	23004.854741205716	0.055612512	-0.710534999212619
56404.92384585387	4300	6.71531555666983	0.0	2102212	1284.6844433301699	0.050917953	0.8702982930726648
56406.61241628006	4300	7.52464031804588	0.0	1938163	1190.6752386239502	0.037321474	0.9028255639494505
56410.16529769391	4300	7.971758904197903	0.0	2093153	3052.881413847978	0.03411447	0.7891870375044026
56413.8121532615	4300	7.5587194211143505	0.0	2045412	3413.0394830835517	0.038732495	0.7511224893917212
56421.55665024775	4300	4.0	0.18577756514355132	1957838	7744.496986257902	0.043176055	0.3387040017698292
56423.074393300376	4300	6.482256947377312	0.0	2021296	1517.7430526226879	0.059998006	0.8467687021320344
56425.10847976504	3000	7.804741776732564	0.0	1542976	1177.5151706447468	0.05469238	0.6883142548972835
56429.24696025279	4300	7.666261288984815	0.0	2014259	2138.480487747749	0.057832554	0.8422191781624013
56431.45354361521	4300	7.980495498661845	0.0	2012900	1685.7657903229701	0.066101655	0.8834656003832071
56440.84016743341	4300	4.0	1.4061283195430387	2037069	9386.623818204884	0.05265964	0.22579816140184128
56448.59913940015	4300	4.0	3.7589719667379895	2043590	7758.9719667379895	0.06526917	0.337708762057756
56450.50760743419	4300	6.091531965952557	0.0	2028651	1908.4680340474436	0.06676498	0.807321118491514
56452.580673367294	4300	7.648939694944138	0.0	1898842	1442.5922710084185	0.05306177	0.8895077434415942
56456.54136366676	4300	7.688249395481382	0.0	2046062	1460.6902994627562	0.047957234	0.8895293320522114
56457.28403859716	4300	7.532493911059391	0.0	1956892	155.7554844219914	0.04991633	0.9742352783080386
56457.587575141304	4300	7.8841853619776225	0.0	2098676	148.3085490817689	0.044593535	0.9860732104965704
56459.06451544501	4300	7.683329207651779	0.0	2147598	200.85615432584444	0.05655899	0.9759918601848382
56463.35896670411	4300	7.388877948551152	0.0	2085127	4294.451259100627	0.059941992	0.6850506716642479
56468.46968266967	4300	6.278161982991578	0.0	1967572	5110.715965559574	0.05873385	0.5931580667391934
56471.158649021105	4300	7.58919563155929	0.0	2081467	2188.9663514322874	0.050440565	0.8362661479983942
56473.94405676734	4300	7.7216006211804125	0.0	2029908	867.5950103788775	0.057334065	0.9313821546147677
56480.851033672676	4300	4.814623715838596	0.0	2032070	6906.976905341817	0.03894233	0.4225226495037325
56482.915883776855	4300	6.749773611658765	0.0	1425662	2064.850104179831	0.045477048	0.8177670243080808
56484.46707625531	4300	7.523497245117178	0.0	2187998	1226.276366541587	0.039765578	0.9003409661785369
56487.00408721375	4300	7.627449821852814	0.0	1859231	1396.0474232643655	0.041326743	0.8920159120810174
56491.690182543556	4300	6.941354492044323	0.0	2072253	4686.0953298084905	0.042063057	0.6437107506557882
56504.885430992785	4300	4.0	6.253893957186824	1848446	13195.248449231147	0.06367383	-0.036067095438515495
56513.19567772532	4300	4.0	4.310246732541338	1963421	8310.246732541338	0.064606875	0.2998053921743862
56514.58085584979	4300	6.614821875535744	0.0	1903276	1385.178124464255	0.061572567	0.860152453721863
56516.418561476916	4300	7.840835147585225	0.0	1743159	1273.9867279505195	0.044777613	0.9072801854595748
56520.219482941204	4300	7.682233865029341	0.0	1831843	1158.6012825558848	0.04549133	0.9101059969715577
56527.88865476937	4300	4.013062036865763	0.0	2052613	7669.171828163578	0.045495503	0.3443036990245666
56537.04170429162	4300	4.0	5.139987485395698	2161488	9153.04952226146	0.057215042	0.24185776268159476
56543.422815598824	4300	4.0	2.381111307194963	2153163	6381.111307194963	0.06404511	0.43244475482589445
56548.634814769306	4300	4.0	1.211999170480636	1852878	5211.999170480636	0.062702976	0.5128280636618145
56554.76269001595	4300	4.0	2.127875246645521	1748342	6127.875246645521	0.060199812	0.44985621761401157
56558.5880128196	4300	4.174677196346934	0.0	2183547	3825.322803653066	0.051137455	0.6137955123861113
56562.7678555094	4300	4.0	0.005165493450441318	1874871	4179.842689797376	0.052680634	0.5837948687682368
56565.656512083224	4300	5.111343426177515	0.0	2033692	2888.6565738224845	0.05352584	0.7083613098167222
56567.6028735037	4300	7.164982005704863	0.0	2126293	1946.3614204726518	0.053358324	0.8392852341626034
56569.146314619305	4300	7.615116820014667	0.0	2009397	1049.8651856901956	0.056257058	0.915420795676784
56570.70084377031	4300	7.544640209463956	0.0	1935476	1070.476610550712	0.059904486	0.9117340026262853
56571.16075428914	4300	7.7667112202765125	0.0	2048497	277.9289891874429	0.061832346	0.9733778951261378
56573.68085041197	4300	7.557653923688689	0.0	2040291	209.05729658782275	0.057541803	0.9713807223717443
56582.65614858972	4300	4.0	1.4176442540616754	1998885	8975.298177750365	0.06351734	0.25407920900238234
56586.11681148027	4300	4.539337109443092	0.0	1948065	3460.662890556908	0.07842555	0.650611567427567
56594.98734801268	4300	4.0	4.331199422963464	2187217	8870.536532406555	0.06174685	0.26128218588319485
56595.92320159322	4300	7.0641464194611165	0.0	2157762	935.8535805388843	0.05419015	0.9055162476200733
56598.11867386373	4300	7.732105287947863	0.0	1896032	832.0411315132541	0.04025206	0.9341649855764445
56602.64559413163	4300	7.205185020044509	0.0	2081755	4526.920267903353	0.038338196	0.6631513972480664
56606.21385939488	4300	7.636919756801391	0.0	2204239	2568.265263243118	0.039469097	0.8117240388198035
56609.23666438046	4300	7.7348255990810975	0.0	2056551	2902.094157720295	0.047411826	0.7919243174879107
56616.59953179506	4300	4.371958184484577	0.0	1893256	7362.867414596521	0.042920485	0.37692185462465544
56619.4095532159	4300	5.561936763638331	0.0	1843196	2810.021420846247	0.075682275	0.7282788967143703
56620.70639626943	4300	7.890315068525864	0.0	1754199	671.6216951124658	0.059103794	0.9502897675618883
56624.241049890734	4300	7.645598937082203	0.0	1872923	2744.716131443661	0.051301174	0.7998715131799699
56632.14956818104	4300	4.0	0.26291935322071186	2053338	7908.5182903029145	0.052037776	0.3274265761707976
56638.385746784166	4300	4.0	2.2361786031272204	2007705	6236.17860312722	0.061830062	0.44240972734276873
56645.520632619424	4300	4.0	3.1348858352575673	2049749	7134.885835257567	0.06374474	0.3806183399088527
56645.97243425424	4300	7.548198365188222	0.0	1854793	451.80163481177743	0.06061781	0.9543861190723645
56646.77416111247	4300	7.890495862749344	0.0	1864304	157.70250243887824	0.044693995	0.9856305452566578
56647.634666179794	4300	7.74225550698896	0.0	1807957	148.24035576038216	0.04699503	0.9815071738856127
56648.65619126345	4300	7.797625320937821	0.0	1832449	444.63018605113916	0.054229185	0.9629117724326535
56650.68903117727	4300	7.779652812830136	0.0	1751411	517.9725081076856	0.05598653	0.9572902693941521
56662.00065453109	4300	4.0	3.5319705409862343	2121819	11311.62335381637	0.047233228	0.09344316540040054
56665.85278202312	4300	4.147872507971697	0.0	2218002	3852.1274920283026	0.06539039	0.6110893117669839
56666.91957353431	4300	7.081080996781716	0.0	1909382	1066.7915111899808	0.06524135	0.897058860833366
56668.19647613767	4300	7.5408345764700755	0.0	1762436	540.2464203116406	0.04481179	0.9480678776057967
56669.97468381308	4300	7.9800588302924735	0.0	1923103	560.7757461776008	0.03307641	0.9608011943402679
56671.18856684399	4300	7.691833279451515	0.0	1645115	788.225550840959	0.04145001	0.9358806390756438
56674.32949042668	4300	7.794200228146219	0.0	2203935	897.6330513052975	0.04231914	0.9316548693737816
56676.559843790616	4300	7.510668811869466	0.0	1925181	1783.5314162767547	0.056177776	0.8616132884051798
56678.91694766098	4300	7.515527850509992	0.0	1594690	1995.140961359474	0.06259532	0.8472203734679751
56682.482212442526	4300	7.623876914245888	0.0	1767329	1391.6509362641048	0.07227292	0.8922031339941524
56686.92005826749	4300	7.186031089281021	0.0	1724414	4437.8458249648675	0.06124264	0.6686589516779698
56688.87520213376	4300	7.8936889912693875	0.0	2089805	1292.3420980116316	0.056970872	0.9077202574637843
56691.81591459185	4300	7.71473364635241	0.0	2066613	1178.955344916978	0.05211518	0.909753162615614
56712.05214289865	4300	4.0	12.52149466045059	1943471	20236.228306803	0.053639986	-0.5201757113915692
56720.42036306676	4300	4.0	4.36822016811132	2202126	8368.22016811132	0.05884562	0.2958193788319895
56721.32827739315	4300	7.092085673612657	0.0	2068249	907.9143263873427	0.058716007	0.9083369939695334
56722.37717804983	4300	7.6991953025121145	0.0	2030717	892.8903711005422	0.03954035	0.9289214069202485
56725.591120137855	4300	7.880229401289671	0.0	1831535	1318.9659012224442	0.039863676	0.9054562608362281
56726.8418363722	4300	7.657359377519013	0.0	519399	1222.8700237706585	0.057781182	0.904886083640028
56728.13128085831	4300	7.73156023975357	0.0	127256	425.79913776544385	0.072875544	0.9620789498880561
56730.32053628483	4300	7.742255200662676	0.0	160827	489.30503909089384	0.085463025	0.958056968857818
56731.11913468121	4300	7.6169311961882435	0.0	159034	125.32400447443233	0.0798583	0.9790468488408296
56731.46703426999	4300	7.985118597753086	0.0	102394	131.81259843515772	0.10902018	0.990457869229763
56737.38253935018	4300	6.0696135175631865	0.0	1826438	5915.5050801899	0.066160336	0.5311079814583296
56739.74030366195	4300	7.711849205792131	0.0	1644981	2357.764311771055	0.06863168	0.8286102490430253
56740.793802037806	4300	7.791778209018308	0.0	2011529	920.070996773823	0.06014549	0.9300341301850845
56743.52646337133	4300	7.702161231792636	0.0	1870702	589.6169772256728	0.05567067	0.9498687446526365
56760.32817797783	4300	4.0	9.09955337470941	1957051	16801.714606502046	0.058192704	-0.28403277282933803
56766.11532871039	4300	4.0	1.7871507325551483	2066403	5787.150732555148	0.0651757	0.4732830241486422
56766.46494722437	4300	7.650381486011229	0.0	2125974	349.6185139887716	0.059293997	0.964702524208828
56766.853030266815	4300	7.796104069453615	0.0	2162710	354.27741655761366	0.037367098	0.9690750641249929
56769.103349455436	4300	7.647847288082474	0.0	2136462	148.25678137114227	0.040688567	0.9784657114370345
56772.80296986591	4300	7.948226877609801	0.0	1876426	3699.620410472673	0.04785093	0.7439621143803701
56776.0418378052	4300	7.6496343168308885	0.0	1763785	2298.5925607789122	0.046355788	0.8306750781833796
56780.033065503405	4300	7.658406618622836	0.0	1766782	3491.2276982080534	0.053302944	0.7489569294462812
56783.035447909904	4300	7.8959669537336845	0.0	2235965	2762.4396648891498	0.051905654	0.8067157966952547
56788.23344877359	4300	6.697966090044195	0.0	2023370	5198.00086368949	0.050242428	0.600676138151735
56791.89213979088	4300	7.039275072760744	0.0	1774329	3658.6910172834505	0.04931387	0.7175042619534762
56794.97419968995	4300	7.919562434519991	0.0	2016872	2119.712638240753	0.044914316	0.8516669168648918
56796.11157268603	4300	7.7920495668916265	0.0	1786610	1127.5128676283628	0.044946123	0.9157800250713495
56796.37492170753	4300	7.625305120369791	0.0	1861641	166.7444465218356	0.038905233	0.9764686255947351
56797.04911324044	4300	7.546511641400655	0.0	2248614	578.7934789691349	0.04801373	0.9456003663378361
56798.44075288727	4300	7.608390844959609	0.0	2019047	438.1207964410468	0.06070707	0.9572652023725311
56813.00033709322	4300	4.0	6.9511933609874506	1984711	14559.58420594706	0.061351653	-0.12987317189941006
56814.82922202644	4300	6.1711150667780625	0.0	1903723	1828.8849332219381	0.063500464	0.8153558262154446
56816.815529796826	4300	7.970455176357109	0.0	1637615	700.6598904209532	0.053090535	0.9508740627181701
56820.1555628698	4300	7.65326257985367	0.0	2209610	817.1925965034393	0.04725673	0.9326468497518443
56821.093826410965	4300	7.905551047501664	0.0	1970375	747.7115323520068	0.039316364	0.9455488066782627
56822.48932639652	4300	7.763077059134128	0.0	1989937	1142.473988367536	0.0403375	0.9138183264110948
56826.71454910894	4300	7.5378543467143135	0.0	2054007	3725.2227124198143	0.045438007	0.7289861221526986
56829.34064258051	4300	7.974931965727741	0.0	2053374	1062.9223809865728	0.058850266	0.9261105651545626
56831.04890974415	4300	7.862383929202137	0.0	2081208	1112.5480365256055	0.04974608	0.9190740007408837
56834.730775435084	4300	7.779310647292737	0.0	1957516	2083.073281909399	0.06455689	0.849669402655407
56848.074701907324	4300	4.0	5.564615824945868	1954921	13343.926472238605	0.058613375	-0.0462895805750656
56850.035811614	4300	6.0388902933247595	0.0	1940233	1961.1097066752404	0.06446221	0.8020064166355186
56852.25504501322	4300	7.8196568941038676	0.0	1756007	1719.2333992208926	0.055247948	0.8759848413584059
56856.60443696724	4300	7.470264940085725	0.0	1857882	4349.391954018142	0.046549298	0.6838941730038839
56860.46973797785	4300	7.604963929470843	0.0	1913530	865.3010106148812	0.049898073	0.9277836991633555
56861.073035465066	4300	7.937692661755076	0.0	2201469	167.27126771576678	0.046322193	0.9864925677029922
56867.598136069966	4300	5.4125920568573616	0.0	2097969	6525.100604897714	0.042580426	0.46803592336754246
56869.206155182845	4300	7.804572943978499	0.0	2238706	1608.0191128788633	0.068152264	0.8831457098547288
56869.841365401706	4300	7.89154080318696	0.0	1763426	413.0321407915393	0.052445497	0.9681087881104986
56871.451322220586	4300	7.907651432783336	0.0	1945525	483.8893704036247	0.05605887	0.9637557670060922
56876.954938039176	4300	6.40403561419308	0.0	2069061	5503.615818590256	0.042931437	0.5701975488065756
56879.41221691586	4300	7.597737809379538	0.0	2104408	2306.297804813542	0.055884633	0.8284740164453288
56882.60658058392	4300	7.786046511293243	0.0	2037345	2311.6912980862944	0.048596315	0.8341674971823301
56886.726376038314	4300	7.666251056892705	0.0	1917665	4119.795454400539	0.048804615	0.7059918368281385
56891.78841496445	4300	6.604212130756538	0.0	2064120	5062.038926136167	0.043216247	0.6070050546740963
56903.32754518108	4300	4.0	4.934918085865422	2137258	11539.13021662196	0.055623908	0.07780073569593371
56926.66244487784	4300	4.0	19.334899696764346	2068034	23334.899696764347	0.055821065	-0.7332275235302322
56927.999584542245	4300	6.66286033559571	0.0	2193748	1337.139664404291	0.05173284	0.8650024153605256
56929.54916866227	4300	7.836406439712755	0.0	2175101	1326.4538958829535	0.036724932	0.9035301376612178
56933.83086571446	4300	7.554709387522218	0.0	2238809	3281.6970521905364	0.03334749	0.7600239114260114
56937.178840754845	4300	7.768135505499753	0.0	1949079	3286.5738820224647	0.039780773	0.766561799944445
56945.03155109787	4300	4.0	0.08457483752925418	1885657	7852.710343029007	0.044438697	0.3312636995059679
56946.538875062826	4300	6.4926760350491906	0.0	2006648	1507.3239649508096	0.059087165	0.847820612943817
56948.945130650885	4300	7.841765974188787	0.0	2208513	1650.9100608604037	0.05542711	0.8813944745008586
56953.179107506185	4300	7.607789118889908	0.0	2133726	2233.97685529888	0.049847186	0.8337701989510738
56955.27560209873	4300	7.9742030138686095	0.0	1935093	1633.586105021298	0.06749556	0.8868506155502291
56963.6585756999	4300	4.0	0.40877058730369753	1790408	8382.973601172307	0.054594643	0.294804993873619
56971.867912145266	4300	4.0	4.209336445366645	1757393	8209.336445366645	0.067823835	0.306743565617253
56973.743350422366	4300	6.124561722899527	0.0	1860748	1875.4382771004734	0.07190329	0.8106558018666097
56976.00107134568	4300	7.86684079958885	0.0	2046427	1757.7209233106773	0.052125275	0.8748581144866039
56979.23787166079	4300	7.609129509268088	0.0	1839826	1257.7112903207624	0.051569745	0.9009373422418108
56979.94570791705	4300	7.954755893529666	0.0	1921196	154.37361573842202	0.05011838	0.9879288631093072
56981.01496918573	4300	7.656856579453348	0.0	2058917	297.8993140763181	0.045020413	0.9684670468589175
56981.999179866725	4300	7.510432216258436	0.0	1926681	146.4243631949134	0.06215252	0.9741663702148362
56986.584952431724	4300	6.924659651258388	0.0	1882290	4585.772565000048	0.05706454	0.6500708859296134
56991.353550520624	4300	6.156061562363056	0.0	1966872	4768.598088895332	0.058476668	0.6127485391873442
56994.008538125774	4300	7.501073957209949	0.0	2227254	2654.9876051531064	0.053746447	0.8013865760516334
56996.3198796491	4300	7.608975483971934	0.0	2093062	892.0984732380159	0.06493992	0.9260704051711328
57004.006710142094	4300	4.0	0.07785500902300191	2102738	7686.830492994935	0.03947692	0.34266891103034636
57006.1422044663	4300	5.864505675790247	0.0	2026750	2135.494324209752	0.048115496	0.7844005503284073
57008.27432053474	4300	7.732389607343656	0.0	2008266	1132.1160684465922	0.047085036	0.913542231878008
57009.99269826685	4300	7.624542709149844	0.0	1919891	1107.8468981938115	0.042543307	0.9117377656597019
57014.57861718581	4300	7.038623790184305	0.0	1815985	4585.918918965539	0.040572576	0.6537309374161534
57027.137374820355	4300	4.0	5.520133844353295	1780703	12558.7576345376	0.06443859	0.007695377058371533
57036.607699239044	4300	4.0	5.470324418692333	2203993	9470.324418692333	0.06175512	0.22004325474451814
57038.14470386788	4300	6.462995371164067	0.0	2124677	1537.0046288359335	0.06142824	0.844824053914381
57039.97229216661	4300	7.9664694392763105	0.0	2076185	1496.525931887756	0.04250674	0.8960252525211714
57043.56064223092	4300	7.797825590541601	0.0	1849496	1168.6438487347102	0.043646563	0.9131380408746235
57050.19620250092	4300	5.16226532054641	0.0	1909515	6635.5602699951905	0.045662504	0.45237962336677306
57058.60770514066	4300	4.0	3.2492373191949464	1817609	8411.502639741357	0.05768978	0.2928434553299061
57065.017390809095	4300	4.0	2.4096856684350523	2130602	6409.685668435052	0.062402554	0.4304801000830172
57071.153844984845	4300	4.0	2.1364541757511004	2053109	6136.454175751101	0.06362551	0.449266365976928
57072.022012882335	4300	7.131832102509131	0.0	329279	868.1678974908692	0.085594736	0.9123497923644257
57078.26854803631	4300	4.885296948536713	0.0	1720040	6246.535153972418	0.050592847	0.47020785809565363
57082.11005279648	4300	5.043792188358129	0.0	2227632	3841.5047601785836	0.049136825	0.6406719867885553
57086.69384542396	4300	4.45999956088467	0.0	2124516	4583.792627473459	0.054691263	0.5708348224751449
57089.651519533145	4300	5.502325451697852	0.0	2271628	2957.6741091868175	0.056233495	0.7162071798279084
57091.44709631086	4300	7.706748673975717	0.0	2103145	1795.5767777221351	0.058052592	0.8670996775668982
57092.67748877418	4300	7.663632590076509	0.0	1995414	1043.1160838992078	0.056960538	0.9174472433798738
57095.04598130622	4300	7.53302451376669	0.0	1869649	1130.608076309819	0.056838993	0.9072255388709529
57096.243984860106	4300	7.762964964687464	0.0	1967051	270.0595490792267	0.06305324	0.9737983203940502
57096.58926679086	4300	7.514296001716322	0.0	2195871	248.66896297114198	0.051944543	0.9672608847526201
57104.53065502899	4300	4.0	0.4270922364133912	1912731	7941.3882381297135	0.06556069	0.3251665746836796
57108.41940350518	4300	4.111251523818801	0.0	2131835	3888.7484761811993	0.07659316	0.6073920581895396
57117.13506598672	4300	4.0	4.604410957720687	2129866	8715.662481539488	0.06536098	0.271930684235547
57118.03633617505	4300	7.098729811670621	0.0	2070571	901.2701883293794	0.05625911	0.9090077859695865
57120.204228215414	4300	7.775624967463169	0.0	1873502	823.1048442074525	0.042242855	0.9361809204256422
57124.71427539953	4300	7.265577783344714	0.0	2068441	4510.047184118455	0.03946733	0.6662564160764495
57128.47306297437	4300	7.506790208499764	0.0	2336122	2758.787574844949	0.0391724	0.7944338068170895
57132.02873185217	4300	7.951121330693733	0.0	2199466	3055.6688778060307	0.046682347	0.7883307682462937
57139.37424816618	4300	4.6056050166892355	0.0	1863277	7345.516314004498	0.045432106	0.38563923378202714
57142.41301995552	4300	5.566833227348773	0.0	2017444	3038.7717893404633	0.07123648	0.7127086549865131
57143.91147584448	4300	7.80439475100653	0.0	2023477	762.4384763422435	0.057314694	0.9412785940437566
57148.08202086801	4300	7.633849727475131	0.0	1846885	4170.545023531398	0.051152546	0.7014590505030631
57155.73651182671	4300	4.0	0.02064123121964167	1807240	7654.490958694773	0.055068046	0.3448924434799926
57159.84692300436	4300	4.0	0.11041117765422495	1998634	4110.411177654225	0.060893066	0.5885686920040756
57169.16043236869	4300	4.0	5.313509364322603	2156337	9313.509364322603	0.06135149	0.23082520845936838
57169.78361944274	4300	7.376812925951176	0.0	2160841	623.1870740488237	0.05769955	0.9370830497256899
57170.6298716123	4300	7.700267346605251	0.0	2316403	176.54557934592475	0.042828754	0.9782088324085424
57171.52826373527	4300	7.545924580224333	0.0	1969634	154.34276638091754	0.043740805	0.9747649337576325
57172.714590278214	4300	7.534785987049525	0.0	2166687	511.13859317480853	0.050338022	0.9498744217881975
57174.57906854956	4300	7.900140826263372	0.0	2217974	634.6451607861526	0.051494677	0.9531485507572129
57181.200283328435	4300	5.278926047388754	0.0	1682535	6621.214778874619	0.05059722	0.45712291533187677
57189.50915395471	4300	4.0	3.029944578882867	2151479	8308.87062627162	0.06402867	0.2999000075425754
57191.00876447441	4300	6.500389480291727	0.0	2201831	1499.6105197082734	0.06393604	0.8485993621685326
57193.66887777748	4300	7.840276177218246	0.0	2221446	660.1133030734807	0.045556065	0.9494695787531567
57194.97528807149	4300	7.782392199458187	0.0	1879439	557.883977760059	0.030936383	0.9546343415482409
57196.53523291923	4300	7.836682933706517	0.0	2010929	945.7092657516703	0.037508488	0.9297174658823639
57198.98586354226	4300	7.878485413187511	0.0	2337823	958.197520519007	0.04070072	0.9302050370382822
57201.54931455584	4300	7.552976457649281	0.0	1712031	1825.5089555382303	0.055469245	0.8600895669176054
57204.53023278039	4300	7.641488374399312	0.0	2092083	2411.488083249969	0.05893732	0.8226505167336104
57208.12612934882	4300	7.588255160831166	0.0	2262587	2053.2332135681454	0.061801985	0.8455683094145763
57213.16451414252	4300	6.5498703671312475	0.0	1829667	5038.384793699918	0.06479181	0.6068813864826991
57214.70510963631	4300	7.699596694523163	0.0	2189666	1350.273672608084	0.056245103	0.8974865517601714
57217.109282376776	4300	7.552671234877585	0.0	2006380	1146.9254596455778	0.052662298	0.9067363284247771
57237.819483216124	4300	4.0	13.157529604466932	1937108	20710.200839344518	0.05359275	-0.5527640998502695
57246.22151711365	4300	4.0	4.402033897522993	2247865	8402.033897522993	0.058144923	0.29349448683161083
57247.18553709849	4300	7.0359800151612575	0.0	2208409	964.0199848387429	0.05597406	0.9026725681977343
57248.27342069685	4300	7.653289217243804	0.0	2005237	882.6907979174537	0.038977854	0.9281443225061472
57251.872996053055	4300	7.916097939363981	0.0	2262457	1737.1912778798237	0.037063356	0.8778559304556637
57256.084322341165	4300	7.7047716512497715	0.0	2053955	3711.3262881142095	0.04331412	0.7353170067258551
57260.06760299762	4300	7.72149099479855	0.0	1251613	3483.2806564512202	0.05664007	0.7515349115997798
57264.17141984824	4300	7.617674144180509	0.0	2087224	2603.8168506180414	0.057357043	0.8086598709904167
57265.17088279146	4300	7.955846609321974	0.0	2041531	661.8275348585354	0.05059694	0.9530735587033522
57271.98322256704	4300	5.143506833742962	0.0	2295766	6812.339775579012	0.05987729	0.43962089620900985
57277.050881368355	4300	4.075848032426543	0.0	2074432	5067.658801316419	0.06573533	0.5251949284048045
57278.03443266875	4300	7.092296732037105	0.0	2163531	983.5513003894382	0.060799047	0.9031433058248352
57279.133297456174	4300	7.710956981152256	0.0	1918788	881.3397508848495	0.05220767	0.9300943541769604
57281.983345648434	4300	7.604695403294569	0.0	1931801	606.2615778576877	0.051365163	0.9455855301430437
57299.39134106449	4300	4.0	9.803300012765044	2162040	17407.995416059613	0.05517715	-0.3257181304828153
57300.954894055736	4300	6.436447008752762	0.0	454909	1563.5529912472373	0.08277963	0.8421437319576944
57304.63991785883	4300	6.75142320565706	0.0	2092128	3685.023803095702	0.05510553	0.7064237141660454
57307.495013398766	4300	7.896327665719884	0.0	2169161	355.095539937176	0.044876486	0.9722464255195106
57308.78597453647	4300	7.637574279226581	0.0	2060638	258.753386493302	0.03985454	0.9705375893187737
57313.75823747513	4300	6.6653113405715425	0.0	2319473	4972.262938655039	0.044475324	0.6151453257297661
57316.67679936516	4300	7.746749450535686	0.0	1912632	2418.561890035856	0.054170072	0.8255539908225265
57321.09190525628	4300	7.331643559421017	0.0	2157326	4415.105891114669	0.051913377	0.67491177601716
57324.37638888189	4300	7.551470982130478	0.0	2015117	2780.1725772905384	0.04401381	0.7944023673614288
57327.91225382922	4300	7.995694032623675	0.0	2281782	1555.7769495068042	0.05874413	0.8928925500784122
57333.74644524826	4300	6.1615026135800095	0.0	2090499	5834.191419043665	0.04575193	0.5396579790212881
57335.9303601726	4300	7.977587689243506	0.0	1981922	2183.9149243365046	0.048655253	0.8491212855032286
57339.504181901466	4300	7.562773995412308	0.0	1967586	1414.8136938311973	0.04867752	0.8886427933140382
57341.42882546856	4300	7.8899562293763195	0.0	2146622	172.81776603598996	0.045114283	0.9845739039141508
57344.44988186933	4300	7.715340929522015	0.0	2125185	174.61529985430514	0.046723153	0.9788269818226616
57345.797883326115	4300	7.674560751592536	0.0	2077246	540.7801779294798	0.056310914	0.9523377116980379
57360.35422537996	4300	4.0	6.881781302254316	2138368	14556.342053846853	0.06137324	-0.12965025494783633
57362.73360852464	4300	5.620616855318776	0.0	2131715	2379.383144681224	0.060290854	0.7597775415577512
57364.132629862055	4300	7.914079425296181	0.0	2229526	1206.5374300225958	0.044527512	0.9142764869610158
57366.356536198495	4300	7.608368210771699	0.0	2076033	805.7112145244805	0.04446682	0.9319904786260564
57367.28179441477	4300	7.814836663593895	0.0	2105587	793.5315471778036	0.037183568	0.9394770358084986
57370.10029200079	4300	7.93145120512908	0.0	1933322	883.3854584648149	0.03379875	0.9370545210317285
57374.95764909099	4300	7.074094114921013	0.0	1978331	4857.357090208067	0.039333005	0.6362102632770592
57376.52954058203	4300	7.945382978279957	0.0	2190810	1128.7111366410568	0.05013752	0.9206356037938208
57378.330134755415	4300	7.976676068787772	0.0	598820	468.7069094921842	0.06856057	0.9670225274240665
57380.70424800251	4300	7.915563077184219	0.0	2004905	2061.1129916035525	0.06781776	0.8555671901253448
57394.57463115297	4300	4.0	5.954820073271811	1742561	13870.38315045603	0.058545433	-0.08248656153603262
57396.32538057103	4300	6.2492505819402036	0.0	1727085	1750.7494180597964	0.06574159	0.8232443857296442
57398.93752433619	4300	7.637106816778381	0.0	2019915	2112.1437651618216	0.052429207	0.8430910881770439
57400.97662426464	4300	7.581195147140374	0.0	1835131	1555.911669638008	0.047814928	0.8795347177110044
57404.70748329762	4300	7.850336114150487	0.0	1826656	1730.8590329898875	0.050091	0.8761735080413067
57406.781773036695	4300	7.695214890511989	0.0	1894977	155.121223638498	0.051906683	0.9795191725070147
57410.36012117603	4300	7.8256250785609485	0.0	1873213	869.5898119510408	0.046620317	0.9345950158563108
57414.98975983026	4300	7.195986424327842	0.0	1853979	4629.6386542331065	0.06498553	0.6557926737655229
57415.99460045632	4300	7.7727646021113905	0.0	1817381	423.22182221645164	0.058231246	0.963583105435037
57416.889422543594	4300	7.826162960392414	0.0	1850628	446.60164171897634	0.0622955	0.9636952527140067
57422.64860638781	4300	6.066979116176075	0.0	1890712	5759.183844216339	0.046797864	0.5417711437014114
57424.80678358961	4300	7.908801914377609	0.0	1964397	2158.1772017984663	0.06355688	0.8486757197465242
57427.02477304731	4300	7.800097931311559	0.0	1901737	2108.703983066051	0.049837504	0.8485765778639158
57431.02018326299	4300	7.804687715638432	0.0	1942560	3995.4102156731255	0.04725219	0.71900228073168
57435.68807265632	4300	7.136798322310777	0.0	1807011	4667.889393327656	0.04601468	0.6512566109399703
57443.69336923884	4300	4.0	0.8684982602084319	1885343	8005.296582519209	0.055440396	0.3207725015892965
57458.035460954954	4300	4.0	10.342091716117908	1872699	14342.091716117908	0.059340023	-0.11491928900793347
57472.45949307998	4300	4.0	10.424032125026057	1930169	14424.032125026057	0.057729553	-0.12055317218180628
57473.62482493292	4300	6.834668147060404	0.0	1893938	1165.3318529395963	0.050361793	0.8823481273959703
57475.78750820385	4300	7.62849519170502	0.0	1965207	1206.1729553553841	0.03865032	0.9051045593711504
57479.84179507464	4300	7.5742083209229225	0.0	1773325	2554.286870782098	0.037343096	0.8106655689345998
57483.34948452643	4300	7.960762188199973	0.0	1821855	3113.4461327229496	0.044176478	0.7846687187521814
57490.93078007383	4300	4.379466640795919	0.0	1937116	7581.295547404054	0.048799083	0.36214544398358084
57492.41443276498	4300	6.895813949645795	0.0	1973369	1483.652691150124	0.06523944	0.8624308512615037
57494.06286044674	4300	7.892695887576185	0.0	2000735	1503.1180620696096	0.059447266	0.8931961930439047
57495.99963529648	4300	7.956963272556142	0.0	1768362	1935.7326150200433	0.059816375	0.8655210822093015
57498.5275433581	4300	7.90353035910719	0.0	1868537	1553.4329134489537	0.06091335	0.8900856667954511
57506.94705269062	4300	4.0	0.5159789734233691	1803618	8419.509332530559	0.05634524	0.2922929482921145
57514.879074902696	4300	4.0	3.932022212073939	1789737	7932.022212073939	0.06896388	0.3258105438474268
57516.81100705568	4300	6.068067847023102	0.0	2054684	1931.932152976898	0.06989227	0.804952181673997
57518.913581869485	4300	7.965493033216873	0.0	1979976	1602.5748138062297	0.052971408	0.8887023262918237
57522.67386113313	4300	7.532110231169263	0.0	1964967	1433.3828020476099	0.04948654	0.886378558959219
57523.72474563267	4300	7.880116212195473	0.0	1859727	151.99401897378948	0.05199713	0.9856887694840484
57523.971594816656	4300	7.666136860488048	0.0	1965253	213.97935170742517	0.046437755	0.9745358991638111
57524.80371950415	4300	7.976509432879728	0.0	1948065	189.62742760832154	0.06182101	0.9862055104750201
57529.63884953806	4300	7.141379398972939	0.0	1958305	4835.130033906788	0.05913295	0.6399053666105737
57533.20068260827	4300	7.579546328764369	0.0	1776849	3561.8330702085705	0.060736857	0.7415627706637238
57536.84642362791	4300	7.933805309121606	0.0	1924643	3645.7410196427627	0.052149095	0.7472022043183544
57539.27535752752	4300	7.65193905114345	0.0	1808955	781.8662579781559	0.06587968	0.9350331194205236
57545.10730087478	4300	5.819995703881064	0.0	1739552	5831.943347262386	0.042304095	0.5288146195037395
57548.676766589284	4300	6.250529989371589	0.0	2021366	3569.4657145094757	0.04307805	0.6982381872819275
57551.3159290157	4300	7.611367562962154	0.0	2021716	1139.1624264094353	0.045803048	0.9091603457112659
57552.908603576594	4300	7.973349847410701	0.0	1953779	1138.0177155514518	0.044151627	0.9208963702253519
57557.742780586	4300	7.139172838008474	0.0	1885510	4834.177009402229	0.042439446	0.6398998322867584
57571.070637895034	4300	4.0	6.1886844710261375	2013255	13327.85730903461	0.06257996	-0.04518473146094082
57579.691093780515	4300	4.0	4.62045588548394	1940196	8620.45588548394	0.0644947	0.27847669549795506
57581.002662441584	4300	6.688431338933653	0.0	1795935	1311.5686610663465	0.063585356	0.8675840631713908
57582.88645614802	4300	7.8068923408841675	0.0	1898041	1381.5389980494858	0.043047123	0.8987922387439844
57586.83270546892	4300	7.544895034627867	0.0	2007497	1261.9973062563006	0.04271468	0.8985740391596118
57593.85936456196	4300	4.518235941593044	0.0	1927021	7026.659093034823	0.047123384	0.40474889210311393
57602.80977078941	4300	4.0	4.432170285865135	1974494	8950.40622745818	0.058672093	0.25579067641857767
57608.10200514523	4300	4.0	1.2922343558119929	1884700	5292.234355811993	0.06664962	0.5073114245991805
57613.923187642366	4300	4.0	1.8211824971346078	1907354	5821.182497134608	0.06423479	0.4709431409530831
57620.596731564416	4300	4.0	2.6735439220518966	1845998	6673.5439220518965	0.0629488	0.4123382992896414
57623.36660718397	4300	5.230124380449241	0.0	1732756	2769.875619550759	0.057591803	0.7203534317728072
57628.00852424748	4300	4.5882073169395206	0.0	1793207	4641.91706350972	0.05186282	0.5709672442220813
57630.688422555846	4300	5.908309008574592	0.0	1847179	2679.8983083649287	0.05673901	0.7483802344815216
57632.979764685355	4300	7.61696687906825	0.0	1970705	2291.3421295063417	0.055961996	0.8301215619050206
57636.99768888176	4300	7.599042682662516	0.0	1792025	1517.9241964057337	0.058766056	0.8827213431291536
57638.685250257244	4300	7.5988797086521975	0.0	1940135	1000.162974010318	0.0634905	0.9183152121249021
57642.695824614675	4300	7.588305351225286	0.0	1781437	510.574357426911	0.06502494	0.9516367600335309
57644.2526005947	4300	7.82890374066455	0.0	1856745	259.40161056073725	0.06472726	0.9766546160001879
57653.27262007487	4300	4.0	1.1911157395150822	1806747	9020.019480179632	0.067670375	0.2510043574532237
57657.201175244176	4300	4.071444830702251	0.0	1834962	3928.555169297749	0.0803586	0.6033731755206051
57666.327077687216	4300	4.0	5.054457612344133	1902487	9125.902443046383	0.07554269	0.24372428342328467
57667.18983695929	4300	7.137240727932591	0.0	1973478	862.7592720674089	0.06850255	0.9128958470420514
57669.06048517082	4300	7.808221989196532	0.0	1888412	829.0187387360588	0.046133697	0.9368240637496007
57673.30310373693	4300	7.56560342308669	0.0	1856158	4242.618566109842	0.046413198	0.6943057603951537
57677.27151539366	4300	7.5971917663541575	0.0	1713645	1968.4116567325332	0.050770245	0.8516880838556665
57680.27646183465	4300	7.601048393675972	0.0	2111308	2996.143372678185	0.055212956	0.7811497065160343
57687.66593475554	4300	4.211575472779574	0.0	1871295	7389.472920896398	0.052588608	0.3699275869818708
57689.72932357096	4300	6.148186657358279	0.0	1144674	2063.388815421294	0.10079001	0.7984939213121545
57691.347155211246	4300	7.900103239527715	0.0	1742217	1248.0834178305647	0.06670008	0.9109698662083865
57692.47445924982	4300	7.731325331471171	0.0	1961532	668.7779080565431	0.05836284	0.9453651708860077
57700.56809199414	4300	4.0	0.36230741284609214	1952126	8093.632744317263	0.05639098	0.3146988729336667
57703.137287116064	4300	5.430804878067685	0.0	1812229	2569.195121932314	0.07560417	0.7406141294276085
57713.54905871487	4300	4.0	4.9809667207344575	1943617	10411.771598802143	0.072048776	0.1553132454879601
57714.522014649236	4300	7.027044065630539	0.0	1951892	972.9559343694608	0.07459411	0.9017703949728868
57714.8094911459	4300	7.86884658226636	0.0	1876180	158.1974833641802	0.0554265	0.9848993165105532
57715.17125504902	4300	7.712604137350267	0.0	2019964	156.2424449160929	0.050126642	0.9800020872716055
57715.71928690421	4300	7.751348938862553	0.0	1915998	461.25519848771273	0.057970136	0.9602784155201581
57717.37185561342	4300	7.678452912605373	0.0	1971045	572.8960262571798	0.06660807	0.9502549025684176
57725.94485209775	4300	4.0	0.8945435717241526	1883168	8572.996484329526	0.0527152	0.28173980737607174
57732.44676826464	4300	4.0	2.5019161668914656	2005309	6501.916166891466	0.079588085	0.42413871296650973
57733.902814067194	4300	6.543954197452828	0.0	2020973	1456.0458025471726	0.07430544	0.8529976548441677
57736.46936064109	4300	7.977407623556928	0.0	1863148	566.546573895899	0.060088623	0.960319036360006
57737.72625291419	4300	7.873050342309835	0.0	2038296	604.3572812470944	0.035587873	0.954358594874917
57739.164248018686	4300	7.940320285994771	0.0	1980780	932.730056315063	0.044780638	0.9339474117317638
57741.72838524986	4300	7.620884194494696	0.0	1955496	819.4360915000747	0.051182773	0.9314498790974449
57744.47192200322	4300	7.581466387655073	0.0	2077369	2039.4178068396243	0.06485935	0.8462995731383154
57746.90043331623	4300	7.929270204407632	0.0	1895629	2152.196183247441	0.0727714	0.8497461129684831
57750.147772269345	4300	7.903758292735371	0.0	1963797	2025.5119116722615	0.08142942	0.8576348103153721
57755.491714961	4300	6.559815601080081	0.0	1883508	5343.942691655289	0.0760869	0.5861927682896252
57756.73459378606	4300	7.850761055098152	0.0	1946236	1209.0545459819293	0.07146084	0.9120643084479263
57758.80532265296	4300	7.792308761190865	0.0	1840004	1058.4522939072867	0.066121645	0.9205366912403574
57779.72771571443	4300	4.0	13.13008430027413	1911943	20922.393061464994	0.064688094	-0.5673535582842796
57781.07117228323	4300	6.656543431200455	0.0	1919507	1343.4565687995446	0.076172985	0.864364660862279
57788.845360836065	4300	4.0	1.1176451216385221	1874631	7774.188552838978	0.06468656	0.3366625326144267

