19979.033195661326	375	4.0	3.320543634106293	164106	3320.543634106293	0.15626457	-0.034749055326732115
19979.23081426438	375	7.802381396942315	0.0	171657	197.6186030576849	1.1352139	0.3024226626185284
19980.467743834848	1050	7.910997730289925	0.0	454445	391.38366665239175	1.1814282	0.26717181823701985
19982.806675425978	750	7.6243048866329195	0.0	324115	286.6928436570058	1.2147408	0.2922111962010151
19983.757309645996	560	7.885107150356744	0.0	263721	239.1977362761743	1.0872643	0.25425643023752637
19985.081310396796	750	7.538825016830029	0.0	358013	346.2821335267156	0.9565853	0.2818605185383956
19986.991812687218	750	7.78243318025252	0.0	347560	256.391836577509	0.885597	0.3624805592905739
19990.43999165575	750	7.595398922912704	0.0	343823	1687.0342573398145	0.39156324	0.25809223856874103
19993.030042506452	750	7.8909458531542676	0.0	357514	204.45306975843562	0.19229794	0.36954620834430013
19994.05170373865	750	7.782914127530214	0.0	364497	608.0317256240551	0.042112395	0.3383187452593772
19994.858195527308	750	7.546482986486452	0.0	352762	236.43114104376266	0.01760551	0.35625440699471395
19997.27972403023	750	7.830749058833444	0.0	296901	215.73392765300875	0.013977757	0.3668319988163079
19998.307064701214	750	7.879976010976183	0.0	336274	950.7730478572614	0.0135054	0.31787906335740856
19999.492267998703	750	7.781658173795848	0.0	375581	1098.3178371803342	0.021260455	0.30456825578974017
20001.78964498898	750	7.937412408810785	0.0	297908	844.2457649850618	0.020430865	0.3270531264950325
20002.722997401375	750	7.6488018152616135	0.0	364577	288.61059354917154	0.0889824	0.35596185121061336
20005.09668274921	750	7.994330050767774	0.0	369812	2154.4717644938396	0.06400557	0.23880039511186418
20009.367422837568	750	7.678566798258085	0.0	357011	2815.7632525096897	0.019137565	0.1831638550858369
20010.304689440385	750	7.647421914772776	0.0	370139	531.144883485309	0.07384941	0.3392417593769101
20013.92965741514	750	7.997998787061024	0.0	377314	649.4231277117525	0.14135334	0.34239945487065404
20017.76348415674	560	7.76435783978138	0.0	237987	2733.6409472796445	0.24530968	0.09217643170916948
20019.096375758934	750	7.843504935846555	0.0	356677	420.85290393482575	0.3107746	0.2732290772260972
20022.225019160862	750	7.945202584008802	0.0	352215	398.302351837753	0.4771753	0.3579652244762181
20025.32283080121	750	7.706967288880398	0.0	321678	2238.2352951284047	0.28775328	0.2237868983507722
20027.828232604646	750	7.830054559773285	0.0	400734	1876.912729107113	0.20708975	0.252593858198336
20031.725914957366	750	7.6554579205762945	0.0	325318	1174.59663919699	0.49680352	0.29525947385423823
20035.643262472146	750	7.738110405798286	0.0	404229	3417.3475147780086	0.6272614	0.14371896172908896
20036.52279020678	750	7.759063152628867	0.0	311616	479.0472531694199	0.45528316	0.34641908389078746
20037.139292402193	750	7.861052295657104	0.0	305358	398.01085697176404	0.45613432	0.35527528093456084
20038.56924543102	750	7.715321450461508	0.0	355472	145.73084519559586	0.4599566	0.367927876943175
20039.75521615267	750	7.97444718145566	0.0	330114	240.87426900584794	0.27200776	0.3697311238541187
20040.095135072137	750	7.7370359480415205	0.0	336772	237.41123341413788	0.17874005	0.3623236092948559
20046.71998278695	750	5.112188233225588	0.0	351544	6624.847714815933	0.21698034	-0.16138096701312193
20053.809551644008	750	4.0	1.977380623828938	379796	7089.568857054526	0.32485235	-0.22915030539840925
20056.412760979223	750	5.396790664785644	0.0	329358	2603.209335214357	0.39672643	0.12429560231160686
20057.84243794241	750	7.967113701596815	0.0	381773	1429.6769631888285	0.10840817	0.2877578056067681
20060.77313435522	750	7.865670773361073	0.0	319427	2601.442928235742	0.0881753	0.20392515084875593
20069.1584500763	750	4.0	0.5196449477177412	340429	8385.315721078814	0.072957024	-0.31824049364738277
20069.889039815953	750	7.269410260344739	0.0	317992	730.5897396552607	0.12978764	0.313355226432212
20071.47196153554	750	7.580528873203417	0.0	297606	688.8813871413228	0.40240902	0.3262422194550697
20074.46484010672	750	7.991109753835495	0.0	338013	589.419119367921	0.82220495	0.34630322677289543
20075.51328188078	1050	7.6286185927134	0.0	509863	362.491161122096	1.0402364	0.29687619204954274
20077.154779120723	750	7.860845279210324	0.0	334425	1267.7733135030746	0.7277001	0.16929274650690748
20081.120561691805	750	7.8950627081299976	0.0	336566	1965.7825710803272	0.66995335	0.24857706575726107
20083.94870265359	750	7.805745475997574	0.0	351945	2589.3172321324246	0.5943089	0.20282902235838707
20088.098421094033	750	7.656027035553307	0.0	296437	3149.718440444268	0.9573934	0.1594766062846386
20088.629091925646	750	7.740462704793598	0.0	355845	415.56433075971006	0.80808675	0.35018489577977746
20089.986981030837	750	7.5790714026268216	0.0	324500	161.39130216677694	0.2738961	0.36246331663564085
20092.18220828988	750	7.789706674615903	0.0	342276	289.3647280109186	0.29914108	0.36044771627269817
20093.652036377804	750	7.967723896172509	0.0	377565	821.9827784433949	0.13671565	0.32955999186088747
20098.0403605188	750	7.579399755171867	0.0	273909	3888.324141000642	0.1433369	0.10622542341634439
20100.613533614516	750	7.86539793255163	0.0	325232	1714.0018226202355	0.77503735	0.2649331394836431
20104.86701552165	560	7.611916025418352	0.0	227997	1253.4819071332793	0.7329944	0.17572057287105475
20106.003802367057	750	7.716849192828166	0.0	334893	395.06683259018666	0.3185817	0.2709231846524888
20107.887666180788	750	7.605777292371677	0.0	340549	111.07190045648821	0.14944187	0.36678310983898477
20108.300781661976	750	7.995615508417308	0.0	352136	110.16178395436795	0.0865477	0.37940008022741123
20110.396100803253	750	7.809432786394078	0.0	400880	686.1827220232301	0.060174298	0.33379941632289095
20111.16864166431	750	7.837730565491296	0.0	346348	471.7022209027807	0.088598974	0.34945751226261285
20114.328935677633	750	7.868002878907679	0.0	331611	2969.7276865836184	0.47224677	0.17867851944922677
20117.530032700808	750	7.727737530688777	0.0	326222	2140.265348218902	0.53796494	0.23119179341937138
20120.121998484632	750	7.905670476252777	0.0	352276	1822.0670544360005	0.08664165	0.25879996328691957
20124.04157794591	750	7.986091014976691	0.0	316774	1919.579461276085	0.01674505	0.25468528626148845
20126.30919368299	750	7.601022241770654	0.0	331824	1385.0687732060385	0.05557809	0.2790352287220518
20128.736563287406	750	7.538610921499172	0.0	376715	562.4113202714816	0.040691357	0.33358784698179655
20131.789152207915	750	7.904795603317978	0.0	315460	633.8153181811938	0.2951472	0.34047105721558973
20132.58905779943	750	7.924229608725054	0.0	372261	480.56599459292244	0.61147743	0.35163370098415564
20134.545046023413	560	7.565905295193202	0.0	274361	1358.3243135318519	0.6786908	0.11377433904565681
20138.53187190411	560	7.579079414497766	0.0	259775	2486.8258806954364	0.9525147	0.16977405693235328
20138.642900401297	560	7.985810061476168	0.0	270308	93.26935302159704	0.94759035	0.3474434915835283
20138.81072027845	750	7.870779694984021	0.0	317813	115.0303664921466	0.66805375	0.24187855852905568
20141.505445981406	750	7.50981159883625	0.0	350232	360.9680961477716	0.14112318	0.34651079214412606
20143.770317821887	750	7.754254482001115	0.0	304379	1255.557116835134	0.03832565	0.29287462247280893
20146.044221341304	750	7.581960084113347	0.0	416102	2172.294397887768	0.09491108	0.2242949750258096
20148.335907367884	750	7.936921631587804	0.0	326088	1645.038452525543	0.32302397	0.2719781326043391
20151.238021055604	750	7.758688574754393	0.0	362037	2178.233056833412	0.10408428	0.22957804197907294
20155.18914920371	750	7.807560426648688	0.0	323696	1451.1281481057051	0.052245025	0.28114463903279974
20156.598261230145	750	7.6105088029290435	0.0	357138	697.0516237196446	0.07409611	0.3266459449132775
20159.629959919348	750	7.904689659683239	0.0	346150	2705.8191432458043	0.047596153	0.19800524324436036
20163.889687537845	750	7.644962041185152	0.0	359564	2259.727618498088	0.21404323	0.2203123511062651
20165.765289634997	750	7.896464574835836	0.0	353189	1748.4974663493153	0.753763	0.2635618355841521
20167.07627217831	750	7.5140256185832275	0.0	323393	882.4389562526089	1.0662766	0.3107923241630855
20169.936297428754	560	7.755284786890268	0.0	265302	758.7408316929607	1.1005627	0.21435398434046077
20170.835874816476	750	7.564638302402429	0.0	396363	690.6464844878387	0.9878268	0.26852686859692704
20186.398487813443	560	4.0	7.997974694564686	265130	15562.612996967115	0.94801486	-0.9776905485451226
20193.246902357285	750	4.0	2.848414543840674	330878	6848.414543840674	0.996048	-0.3124527678235644
20195.32376525724	375	5.923137100044524	0.0	194319	2076.8628999554758	0.92006546	-0.045024045062186685
20204.90015580395	750	4.0	3.653253446662963	384365	9576.390546707487	1.0362859	-1.1880948926989818
20206.214256178726	560	6.68589962522161	0.0	271566	1314.1003747783902	1.1633743	-0.17759184498594335
20208.281481717553	560	7.6764429885528696	0.0	259634	1509.4566366687386	0.9376668	0.2401094262257566
20210.23307166714	750	7.676032464838991	0.0	333538	1500.4105237138792	0.9026379	0.1403538941427231
20212.82955260264	750	7.813381710023543	0.0	352774	1362.6507548154477	0.97929096	0.2874154474572997
20213.930304233516	560	7.585920984929233	0.0	262267	727.4607250943095	1.0080943	0.22436667461798324
20217.588904352804	560	7.902766378176624	0.0	264076	683.1546067526086	1.0394554	0.30421107616354565
20218.838554966445	560	7.72016382761973	0.0	250631	182.60255055689515	1.062254	0.33274640914749315
20221.965711442226	560	7.579609621270602	0.0	254280	2140.554206349129	1.0045878	0.1935993380731574
20222.541052098557	560	7.850740427817331	0.0	254492	228.86919345327124	0.79467314	0.3337704101716496
20224.30857875074	750	7.600212833165533	0.0	333358	250.52759465179778	0.68217516	0.22384896406167565
20225.587105771636	750	7.92944885148345	0.0	349818	170.76398168208294	0.5297613	0.37310248548951175
20228.228657257725	750	7.622554628044273	0.0	364602	306.8942234391773	0.17655855	0.3538594771154999
20228.876036463196	750	7.676193656632606	0.0	340560	446.36097141166664	0.038222592	0.34599771852182365
20232.563057486972	750	7.989172632854578	0.0	326019	2187.0210237780275	0.068297476	0.2363963527638456
20236.935196973434	750	7.617033146394257	0.0	322834	3372.1394864603203	0.04273907	0.14292809260918996
20237.914603827576	750	7.518919091474432	0.0	347271	98.11405491982342	0.05834672	0.3648768461881681
20239.411593648427	750	7.921070580660737	0.0	339925	97.84851081369428	0.04064789	0.37784603650615445
20241.319267755425	750	7.876804182180458	0.0	327593	1544.2663984802773	0.010280736	0.2769707724854064
20245.559310826866	750	7.636761110743398	0.0	351534	1740.0430714370605	0.008390136	0.2557796046716091
20246.75922157832	750	7.50853112499398	0.0	362594	628.2299857494176	0.016580481	0.3280937349097973
20248.394545158928	750	7.686709717542768	0.0	341237	1321.821407451212	0.2769122	0.2861433449440119
20250.58419632819	750	7.958635219487945	0.0	331139	228.0744980548227	0.0900386	0.3701019728628652
20251.65207534027	750	7.865484049050752	0.0	343604	93.1511704371943	0.018866317	0.37637889114844036
20252.691723242	750	7.7745240190096485	0.0	326162	90.9600300411049	0.028356867	0.37360025766526944
20256.62874052696	750	7.837506734045368	0.0	343932	1437.0172849642793	0.010087732	0.2830792378569167
20257.4983853324	750	7.635036909652148	0.0	333754	202.46982439321977	0.014090627	0.3614412471636696
20260.603246167037	750	7.871193982855533	0.0	333432	2763.842926796615	0.271313	0.19293706957142417
20267.565537469407	750	4.908902680485825	0.0	350922	6962.291302369708	0.13111272	-0.19112882184356988
20275.890142751883	750	4.0	3.415702601991147	337335	8324.605282476972	0.01941581	-0.3140662953113608
20277.807676943507	750	6.082465808377974	0.0	322256	1917.534191622026	0.008782793	0.19352134641031912
20279.908680187007	750	7.981462564878633	0.0	354141	2101.003243499341	0.038853027	0.24206228319548093
20281.374193264823	750	7.5914319898711256	0.0	357323	890.0305750075067	0.022168163	0.3127631595410817
20282.753431894394	750	7.89955392649115	0.0	322413	191.87806337997623	0.31451452	0.37068802908495746
20283.349309552774	750	7.655295380396917	0.0	345485	244.25854609423288	0.45621908	0.35922043383209007
20284.79331917817	750	7.569100123841246	0.0	371481	1086.1952565556703	0.4471982	0.29855651045074294
20287.883161442016	750	7.663086176339319	0.0	395581	906.0139475019276	0.660985	0.31397176866643733
20288.253817032008	560	7.529672539514861	0.0	266724	133.4136368244575	0.8484062	0.23011059759316255
20289.106868869338	750	7.931767597432972	0.0	348046	97.90494208188821	0.6752808	0.29827606250752414
20291.65734149336	750	7.744104733045649	0.0	353789	687.6628643873229	0.08327128	0.3315938157534671
20293.594170812026	750	7.916594953530995	0.0	378641	1327.5097795146542	0.014024112	0.29315548650049467
20301.09772729163	750	4.413038473925326	0.0	363752	7503.55647960567	0.012051912	-0.24431284155568145
20301.712418796356	750	7.798346969199635	0.0	365602	614.6915047256906	0.026115656	0.3383578474289377
20302.977524920596	750	7.649077668821214	0.0	389245	649.2693003784208	0.06872699	0.3311733357570391
20303.917832100677	750	7.696842490712006	0.0	377493	452.2351781092075	0.02016541	0.3462588098133846
20304.268471117517	750	7.975558983276503	0.0	361201	221.28350743550317	0.072546095	0.3711139080809388
20306.836113159243	750	7.71641571711639	0.0	386365	259.14326616011454	0.038194466	0.36016534844508874
20318.806400791327	750	4.0	4.2538719149692845	301117	11970.287632085674	0.104880676	-0.5647283156799561
20318.969003575246	750	7.837397216082203	0.0	345672	162.60278391779676	0.21442115	0.3706991742429637
20320.189518640535	750	7.673834279228151	0.0	349690	163.56293685405342	0.29656252	0.36536575855662956
20320.485795025706	750	7.51417215085916	0.0	340461	159.66212836899138	0.090787925	0.36049218452986126
20321.736001367328	750	7.667376108448629	0.0	367068	346.7960424105318	0.012696039	0.35255942937691026
20326.784780795577	750	6.61859668019863	0.0	384603	5048.779428249999	0.007943547	-0.004504488541706431
20329.48929807619	750	7.91407939958463	0.0	352412	704.5172806139989	0.015392336	0.33590885951717997
20330.400760450662	750	7.685201716384894	0.0	408726	228.87768319973773	0.016991332	0.36124106533591144
20332.942134362354	750	7.965807106173748	0.0	371518	219.39461021114542	0.027378557	0.37092973026470233
20337.016144186036	750	7.891797282493748	0.0	357632	3074.009823680001	0.010591176	0.17227478926729883
20343.751887575097	750	5.156053893430393	0.0	334078	6735.743389063355	0.0074682836	-0.16759303957433364
20345.171759403973	750	7.736182064555498	0.0	344390	419.8718288748944	0.014471621	0.34975087581979825
20345.895813117015	750	7.768457379586307	0.0	392879	467.72468496919083	0.07829827	0.347500109550288
20346.437730782833	750	7.58566306071384	0.0	378436	182.79431887246665	0.10600634	0.3612040123558047
20347.53145046241	560	7.9283648943969744	0.0	251821	157.29816631686384	0.053231467	0.2841089164949986
20351.468406164673	750	7.9914091921356265	0.0	386668	3436.9557022613476	0.031857464	0.08393367606901841
20355.647065195062	750	7.508768284703476	0.0	353163	3982.6409074321514	0.03064476	0.09746596919138562
20361.88029868446	750	5.275534795306823	0.0	379996	6233.233489396654	0.16289882	-0.1291947632900461
20363.205362279165	750	7.950471200599957	0.0	357655	325.0635947068648	0.7712609	0.3631704892423075
20364.050083036305	750	7.623268425558202	0.0	360777	327.2027750417541	0.12579589	0.3524861324286843
20364.635769124976	750	7.799184372268621	0.0	357037	324.0840532895805	0.0333902	0.3583657801113055
20365.95003186589	750	7.98285401950499	0.0	391496	316.33035276362955	0.06946545	0.36481381079896646
20366.375071430484	750	7.729300431283049	0.0	334492	253.5535882219412	0.06680936	0.36096461236174104
20369.52114981237	750	7.952004228526776	0.0	389131	277.2962027562735	0.18513864	0.3665041470989667
20370.75735805737	750	7.978291195591741	0.0	345456	473.71303293503524	0.18087824	0.353845887780966
20374.94808429122	750	7.724175684697302	0.0	350007	254.1155108944384	0.099859536	0.3607609389600482
20377.607370867754	750	7.572837757908888	0.0	394391	651.3379267884143	0.02002148	0.3285758667513098
20378.5117568668	750	7.834619083260183	0.0	356793	238.2186746487071	0.011859665	0.36541067143950934
20379.51200678425	750	7.627577786731515	0.0	398018	207.0412965286658	0.0117706545	0.36088671722301063
20381.91777933712	750	7.531295820758314	0.0	335745	596.2819659732023	0.010741523	0.3310234653111705
20383.277344412683	750	7.961758576423915	0.0	364966	1069.5372443343988	0.009359762	0.3123470641518745
20387.236315553284	750	7.888786921739169	0.0	353131	1072.9716546847462	0.009817418	0.30976094079634997
20388.644328678885	750	7.579280101899416	0.0	384158	309.5068198397527	0.035003126	0.35228622801163806
20391.25874535693	750	7.781324915756257	0.0	369457	1797.9551861431603	0.039704863	0.2564533568273597
20395.18146977812	750	7.858600494564169	0.0	360746	1422.724421192088	0.016471423	0.284741261857389
20396.54202601425	750	7.717915333046498	0.0	345128	640.6851615176703	0.051306903	0.33398040161608283
20400.775038513413	750	7.4849028338818835	0.0	354330	4233.012499164614	0.07516641	0.07948288970549672
20404.26829852228	750	7.991642825019556	0.0	378392	1493.2600088623265	0.16666552	0.28417603740426883
20405.25664183256	750	7.571542961197496	0.0	355889	420.0998638220608	0.31637558	0.3444331405451318
20406.985464914796	750	7.946753143310805	0.0	255089	1624.7898178866897	0.6307739	0.2736869599949917
20411.397462066554	750	7.534755991552969	0.0	385092	2411.9971517578365	0.5356538	0.20629384035723164
20413.80580588372	1050	7.734599291018433	0.0	462572	2300.1567005345373	0.39642227	0.11450198553498575
20417.245503422444	750	7.522844079972623	0.0	374286	3211.755211045808	0.8909613	-0.006788194247153184
20421.164675499498	560	7.6036720029181035	0.0	235835	1919.1720770545203	1.005516	0.10971232985871462
20422.67915025767	750	7.566491826198933	0.0	357012	537.1801767191703	0.839454	0.25630993379792505
20423.288155337163	375	7.960636577176141	0.0	171483	105.85524902279332	1.024184	0.15611014487330532
20425.980703677888	750	7.825937322047994	0.0	313611	134.69925512814783	0.6195641	0.2408123910102174
20426.91512976154	750	7.597648823022653	0.0	304288	228.28849902534114	0.35021535	0.3584620117969042
20435.994221282028	750	4.0	1.4814426974641375	358767	9079.09152048679	0.2862437	-0.36594164445694416
20443.504054201276	750	4.0	3.5098329192466973	395224	7509.832919246697	0.46304953	-0.25804592186063596
20445.531824077534	560	5.972230123737842	0.0	279184	2027.7698762621587	0.67566496	0.049706453844339
20446.86551469927	750	7.695800763182801	0.0	338425	1276.42936055504	0.47540313	0.2096465012083791
20458.141542040164	750	4.0	3.5802265777106714	340452	11276.027340893472	0.12009318	-0.516993853221754
20458.999869491447	750	7.141672548718736	0.0	380427	858.3274512812644	0.0631528	0.3004588304939712
20459.904203052858	750	7.91531379469081	0.0	315924	726.358754027927	0.122409135	0.3344468828594283
20463.226286269433	750	7.553259590095538	0.0	379091	862.0542045952707	0.3306222	0.31345739057792205
20463.682431300127	750	7.765201580738967	0.0	375520	288.05800935657123	0.79121965	0.3597483959867137
20465.89794001784	750	7.951490732551438	0.0	347359	1313.710848187529	0.78742176	0.29522803153577104
20469.803471643732	750	7.659623854367388	0.0	326380	1791.8668781840495	0.7157371	0.2529526887529104
20472.490253968568	750	7.568065065803723	0.0	354366	2591.558788563664	0.62742996	0.19502061507641547
20476.43082597659	1050	7.627493057783029	0.0	452590	3440.572008020694	0.89922905	-0.019910115346455648
20478.404472231083	560	7.8140677026819505	0.0	247533	313.4253551010786	0.84300613	-0.01665386099305275
20479.329329893473	750	7.641749321182951	0.0	342807	172.31838149899855	0.35048193	0.2638472684783501
20481.134523462075	750	7.8254221773263595	0.0	386355	316.32714385659074	0.35078478	0.3597440783583242
20482.780225640523	750	7.707004300476761	0.0	378250	1118.417876849599	0.14811158	0.3007820984186765
20487.12263150028	750	7.364598440724231	0.0	343052	4342.40585975253	0.14835735	0.06808715881362454
20489.58716554373	750	7.871676499671361	0.0	380817	1992.9219410528713	0.75405085	0.24595794293618864
20493.766949477045	750	7.691892566357179	0.0	368098	1679.783933314183	0.74874127	0.2616982331649387
20494.23681327801	750	7.899658683734242	0.0	365289	292.23388262293656	0.30686265	0.3637913521750908
20495.56160176399	750	7.7860793999160505	0.0	368030	113.57928381819167	0.12399572	0.372417182259281
20495.90860139273	750	7.678184186624724	0.0	325674	107.89521329132728	0.081891075	0.36933332560600507
20497.72521873217	750	7.599427724631169	0.0	329837	578.7564619935546	0.04943072	0.334422574019404
20498.289809609465	750	7.646062724701853	0.0	330134	453.3649999293157	0.085333034	0.3445458105450221
20501.826108628993	750	7.643526153624845	0.0	384620	3502.5365710770084	0.5138288	0.13481571292726577
20504.830197622792	750	7.773362880948553	0.0	357915	2370.163272676291	0.3532317	0.2168542882218785
20507.30948386836	750	7.794182618725232	0.0	384047	1979.1802622233208	0.054744847	0.24440714204841518
20511.261289150694	750	7.8423773363948746	0.0	326055	1951.8052823303562	0.014043009	0.24784140050313447
20512.834435535817	750	7.935759776669562	0.0	330293	1406.6175597253125	0.04152341	0.2883335493037654
20514.329403341882	750	7.981540286337893	0.0	292228	454.21949033166857	0.037412968	0.3552908171315077
20516.787030715164	750	7.9831007575642685	0.0	308573	498.4395287736249	0.30395168	0.352300684012266
20517.517930666414	750	7.557244704192915	0.0	321417	425.85605337135325	0.605395	0.34357690608427316
20520.564924440212	1050	7.646269766230775	0.0	523279	2910.974937962141	0.6656286	0.01710747322091799
20524.519219404458	750	7.691974801985442	0.0	382691	2954.294964245333	0.8224844	-0.14127114294057339
20524.643172252494	750	7.595155278008779	0.0	342628	96.81952397666274	0.8509642	0.3674209716550916
20525.319936879947	750	7.980339626314096	0.0	315865	114.81565169468173	0.6296133	0.37858815329843803
20527.255844960204	750	7.7533600740641555	0.0	320138	226.97955224994115	0.1353747	0.3635665525142038
20529.009833506676	750	7.6908300648305445	0.0	279321	1062.5300092336104	0.028674452	0.30410383980885625
20532.961239711254	750	7.7394238602533445	0.0	389445	1951.4062045772	0.08987899	0.24455331390267337
20535.201954236283	750	7.8504989686491315	0.0	362648	1888.924891604212	0.25900757	0.2524263457357858
20537.578693809937	750	7.5375239985328575	0.0	299014	1812.9749701162748	0.0702649	0.2475692660293341
20541.123763351952	750	7.992454456519212	0.0	313364	1545.0695420136465	0.042376168	0.2806399663391454
20541.872185002852	750	7.8426607038448415	0.0	332902	649.793752674369	0.044617362	0.33737144681467196
20545.027496056427	750	7.518319126170696	0.0	353862	2824.341577674146	0.027073352	0.17741341059264262
20548.8218413982	750	7.723973784400207	0.0	367933	2294.345341770489	0.14146999	0.2204766830431405
20550.59269103549	750	7.547706374588388	0.0	360654	1676.2674098118187	0.6276356	0.2572966261285133
20551.682089354366	750	7.509798328890541	0.0	386049	1037.9080456978459	1.0715554	0.2999667773010553
20554.29062555025	560	7.6882753675380515	0.0	285365	821.5229613524896	1.1050715	0.2078793660933385
20555.685224029447	750	7.5929827452028515	0.0	334470	595.2926223352014	0.9985997	0.2664836902493735
20564.859347057914	560	4.0	1.5811402832640669	253792	9174.123028466918	0.9630053	-0.5051611181909944
20569.335486656626	750	4.0	0.4761395987104424	137752	4476.139598710442	1.1466334	-0.24917828462296374
20571.581837118338	1050	5.753649538286776	0.0	52011	2246.3504617132244	1.1541166	0.0018541412456995199
20574.59651823512	1050	6.738968421504857	0.0	60812	3014.681116781919	1.1582706	0.19102120518384996
20577.663302659043	750	7.672183997583361	0.0	49103	2066.7844239214965	1.1922535	0.07674461517483802
20578.772875886323	560	7.786589627175156	0.0	33128	385.59437040820575	1.1281977	0.2210454820253091
20587.499640505233	750	4.0	0.9401749917325615	329603	8726.764618907717	1.084332	-0.7409506926595508
20588.72537077518	560	6.7742697300504195	0.0	252120	1225.7302699495806	1.1239915	-0.16867000157361645
20591.86032020608	1050	7.625031887465835	0.0	491873	2649.237842584585	1.081591	-0.2703760154554351
20594.365266723296	1050	7.561914423011838	0.0	476343	2063.1174644539965	1.0733523	0.28294902843602565
20596.815247816052	750	7.7678384030173255	0.0	335246	1294.0760199945114	1.1398342	0.1644890772464608
20598.418144104053	1050	7.500342795395553	0.0	481019	1267.4956076217734	1.1393044	0.23052082576978794
20599.22717181216	750	7.7175292815296945	0.0	379857	782.8135138658583	1.1624198	0.21904680540258506
20600.13836080801	750	7.98504188072153	0.0	377839	232.48740080816438	1.0844262	0.37064896308683754
20603.746444844728	750	7.909850659886199	0.0	375739	3075.191220835331	0.89028794	0.1727749543241558
20604.79750846469	750	7.716265257842548	0.0	331229	693.5854020436517	0.68891287	0.3302900609443083
20606.0994092443	750	7.954053976997987	0.0	356198	262.21128084456063	0.5402152	0.36760733419237435
20607.386248438845	750	7.790479129106754	0.0	322110	163.57484789123413	0.68132246	0.3691213837046143
20609.563269805898	750	7.973600618908706	0.0	380646	316.87851019804907	0.23465675	0.36447812419154235
20610.820917436435	750	7.9848482320652545	0.0	379966	488.75238684345	0.035089284	0.35302300764260797
20614.38427461965	750	7.797617262306296	0.0	312699	687.2309697589577	0.059041288	0.3333468346591014
20618.189738868947	750	7.992153013008796	0.0	345853	3305.464249297501	0.05941625	0.15959280892851443
20618.669259985083	750	7.894687686318619	0.0	334834	97.46532669017613	0.062912084	0.3770227449093028
20620.165105419514	750	7.79779286382414	0.0	321762	96.89482249447936	0.061762486	0.3739415584568749
20622.143173251254	750	7.96823425392359	0.0	391420	1829.5586099005475	0.011164308	0.2602996860180116
20626.0398637451	750	7.804143617920779	0.0	338804	1664.0906360028107	0.008049209	0.2663921850144114
20626.942573125303	750	7.679088856740371	0.0	358319	625.0547611804076	0.012984341	0.3338047109238786
20629.223103602944	750	7.887650927431359	0.0	332888	1291.4379293090117	0.2112149	0.2947035208043677
20631.58239735758	750	7.662550324280692	0.0	315274	225.1006031506684	0.068298355	0.3607712936929769
20631.82153985674	750	7.570075650442716	0.0	325929	92.47467383797715	0.017304474	0.36691203835934116
20637.094459861968	750	6.297155645215454	0.0	388763	5272.920005227262	0.031355925	-0.030267190269813338
20639.815768713863	750	7.5758467933218965	0.0	385094	221.30885189355803	0.012315797	0.35823978836776954
20640.320596084715	750	7.874881449114719	0.0	329654	200.96534420717796	0.041963704	0.36926867000226804
20643.570150097876	750	7.857035455855844	0.0	354507	3017.8459932588735	0.39436114	0.1750169078084906
20650.786851835815	750	4.6403337179139985	0.0	373982	7216.701737941846	0.13172702	-0.21727005541714756
20659.26431713302	750	4.0	3.837131579290967	388193	8477.465297204966	0.010484471	-0.32457631687958793
20661.510369833388	750	5.753947299631718	0.0	343226	2246.052700368282	0.0798572	0.16035412658226572
20663.244388221607	750	7.533901983229958	0.0	325857	1720.0453164017595	0.07176086	0.2538420803704098
20664.076691259062	750	7.833237000409743	0.0	331429	200.66498282021524	0.04776226	0.36794819901286574
20666.026240359653	750	7.634281477433851	0.0	342809	198.955522975892	0.4403866	0.36165854794957036
20666.71456987603	750	7.875413508052403	0.0	376213	258.86796938144823	0.16680904	0.36530465977638205
20668.318135128735	750	7.748361655197365	0.0	386565	1127.051852855039	0.26644412	0.3015203389716535
20671.345050119828	750	7.933160859576703	0.0	363456	815.2007956206605	0.6655039	0.328913220925246
20671.78127935906	750	7.780903337695378	0.0	360822	152.25752188132458	0.80629194	0.36959113628916135
20672.17938995063	750	7.683833900587981	0.0	331805	97.06943710739648	0.23312773	0.37025960517862755
20674.741653342266	750	7.763222781998669	0.0	332115	420.6111185893121	0.027017592	0.3505708676814404
20676.253680688522	750	7.5330352453924245	0.0	349102	1230.187536606244	0.0080637215	0.28749476011960773
20683.348154858773	750	4.438561075141749	0.0	359874	7094.474170250675	0.007914985	-0.2153641033391932
20683.940843109445	750	7.8458728244699145	0.0	350557	592.6882506718342	0.021137344	0.34140122813977875
20685.32076667601	750	7.764412156474813	0.0	342880	581.4606679951007	0.04914848	0.33954982154792035
20686.404426665667	750	7.831813610930626	0.0	357579	432.59854554418837	0.017791495	0.35195556875668965
20687.41645454184	750	7.611330394901328	0.0	359155	220.4832160292971	0.046223305	0.3594392736387735
20690.096285212683	750	7.877187389551813	0.0	332446	234.1430053495152	0.025414098	0.36706177219178865
20701.942420575906	750	4.0	3.968947973668752	355672	11846.135363220565	0.08073797	-0.5561921198288793
20702.10782854532	750	7.834592030587252	0.0	357411	165.40796941274868	0.14862938	0.37041596279066347
20703.344933371045	750	7.670655116793117	0.0	351255	163.93691379413346	0.30681184	0.36523766333991464
20703.65955572207	750	7.509927897243828	0.0	345013	160.72721954929	0.08849122	0.36028227084179865
20704.869882118146	750	7.691712264947135	0.0	327746	318.215632296692	0.012727279	0.35530822438571574
20709.5255495532	750	7.036044829894933	0.0	336622	4655.667435052202	0.00808709	0.03596781211379019
20712.625162928365	750	7.936431454730122	0.0	375327	1099.6133751648108	0.016060213	0.3094635164242608
20713.480596502442	750	7.730910454686867	0.0	344603	205.52100004325447	0.018001217	0.3643189835839353
20716.46262512672	750	7.524852429567036	0.0	335973	206.0580251198304	0.029995129	0.3576461437286297
20721.418650860214	750	6.568826696072912	0.0	369442	4956.025733494124	0.011725748	0.000270073118067482
20726.86155958628	750	5.125917970005402	0.0	324836	5442.90872606751	0.0074682836	-0.07967358293628268
20728.264182715062	750	7.723294841223644	0.0	326912	402.62312878175754	0.018806228	0.3505218033897701
20728.953297368724	750	7.786001608140937	0.0	362043	437.29323308270676	0.10301042	0.3501574465004024
20729.45260326399	750	7.622259370798016	0.0	308296	163.74223734292184	0.13236663	0.3636925063410376
20730.57569549767	750	7.938495082918587	0.0	338042	183.7642878794274	0.06943733	0.3724999641469503
20734.647872193593	750	7.832070707860971	0.0	352610	3106.4243750576165	0.04004801	0.16812265750578384
20738.534582794302	750	7.945360107153043	0.0	343181	3886.710600707928	0.037779972	0.11812179284310093
20745.156618491434	750	5.323324410021562	0.0	350622	6622.035697131481	0.16198309	-0.15438817070956679
20746.969941261337	750	7.510001640118775	0.0	340520	313.32276990278785	0.73149776	0.349792807572715
20747.783005423265	750	7.675380253454392	0.0	371604	334.62138666438267	0.14816831	0.3536542746889494
20748.377769029838	750	7.827219837802501	0.0	392255	348.1604156518915	0.02920034	0.3576132464857192
20750.100130304134	750	7.549340796112254	0.0	327799	277.8790416902471	0.06893368	0.3534966542243019
20750.48755419773	750	7.787869965616421	0.0	349751	261.47083049583296	0.061809093	0.36230643556094577
20751.046393425913	750	7.531426883077151	0.0	348002	256.4430825392701	0.17342016	0.3543936002954799
20751.458556001708	750	7.686543668001021	0.0	348583	344.883215076131	0.19494708	0.3533082217453171
20752.03221199556	750	7.643355351432892	0.0	319736	543.1883165681277	0.1010212	0.33828274272259395
20754.554572616973	750	7.607408879369368	0.0	314737	535.9464720635237	0.019459255	0.33762303765754803
20755.457172570485	750	7.859315977287941	0.0	379060	248.0929020814279	0.013864122	0.3655271020568321
20756.424316826495	750	7.662997374998189	0.0	364424	196.31860228975196	0.016536666	0.36276462174877167
20758.862844937466	750	7.539146146373561	0.0	356973	623.8512286246275	0.011908429	0.3293807297697925
20760.659753821983	750	7.503530145288856	0.0	352455	1035.6160010847052	0.009259535	0.2999225074941021
20761.496333619012	750	7.7188866884908425	0.0	346553	784.6434567980128	0.012950125	0.32411370705402937
20762.55043828986	750	7.927802523182705	0.0	332604	291.08416530813815	0.04327533	0.36477674940441995
20764.417792545293	750	7.585635648237195	0.0	378965	1842.1668749455087	0.05386823	0.24711154462268647
20768.144626099267	750	7.858802094262735	0.0	346953	1226.8335539744605	0.027255038	0.2982163989774207
20769.059578374236	750	7.697336424008072	0.0	66838	161.46567025466402	0.06322491	0.3662668236840589
20772.795615350795	750	7.961299447451414	0.0	314502	3736.0369765566575	0.0756656	0.1289947995899045
20777.22463919492	750	7.532275603326294	0.0	386556	1929.0238441251201	0.15075679	0.23942120612951995
20778.197576221628	750	7.606080802670316	0.0	349728	426.1948006559787	0.3491701	0.34512633853105146
20781.004778293212	750	7.681350879902167	0.0	387182	2424.7299227681488	0.59392583	0.21013934632305165
20784.835860827072	750	7.850268346038186	0.0	383283	2331.08253386398	0.53720254	0.22201799037978243
20786.85861596521	750	7.8416681183112305	0.0	339919	2008.600227726957	0.4748611	0.2439135755241647
20789.882260189646	560	7.796923461298294	0.0	234121	2044.744657012935	0.93664753	0.07401865439754379
20793.69343179997	750	7.98575185097265	0.0	366938	2311.171610325643	1.0751677	0.12786687502950483
20795.166136989745	560	7.534934844953954	0.0	289571	450.81700601869636	0.8932872	0.22842937661757243
20795.843153049056	560	7.917370907178556	0.0	249140	117.5639377753989	1.0702895	0.3435690741864327
20798.613845638945	750	7.7717506730012245	0.0	376225	145.62023417733246	0.5453083	0.3031583642314098
20799.665791289004	750	7.518314025827735	0.0	355892	253.4366471734893	0.30769324	0.35417802238426593
20808.703334166534	750	4.0	1.5192288517012276	365110	9037.542877528962	0.26279718	-0.363084931833997
20814.74729081883	750	4.0	2.0439566522953436	314507	6043.956652295344	0.42443565	-0.1572583404291823
20818.222281759325	750	4.525009059504343	0.0	362657	3474.990940495657	0.6949496	0.03628055483447548
20819.323180605938	560	7.42411021289159	0.0	288774	1100.8988466127535	0.37656942	0.16019077999441877
20822.742730184997	750	7.881284583273937	0.0	382802	2042.8256296176537	0.08705354	0.14295295750179476
20831.94861105008	750	4.0	1.3245962818074732	318911	9205.88086508141	0.055426046	-0.37465915471416894
20832.741032921083	750	7.2075781289959595	0.0	348214	792.4218710040408	0.097578935	0.30711265611034905
20833.9572902342	750	7.916962815201268	0.0	347331	790.6153137946909	0.24593894	0.3300819731631158
20836.986525415403	560	7.8251662242628734	0.0	248087	591.7965909383945	0.8060154	0.17482687944908126
20837.880201500513	750	7.5570474768383535	0.0	339532	268.1187474245189	1.059345	0.28782154745466476
20839.725195895622	750	7.6573289481251745	0.0	371575	1399.718528713179	0.80295914	0.27984127982159884
20843.549483527597	750	7.833041316152036	0.0	383640	2324.2876319731386	0.70680386	0.22193039845084916
20846.63223580993	750	7.581446924171696	0.0	373769	2751.5943919803394	0.61837244	0.18444818064560187
20850.279578243735	750	7.934104490363379	0.0	391832	3147.3424338083173	0.92672396	0.16859520885625107
20850.713414514143	560	7.611936517239079	0.0	256804	322.16797312430015	0.8619913	0.2197818696820824
20851.599303276515	750	7.934826284696981	0.0	387170	177.1102325420987	0.38560086	0.27295608473622596
20853.866528740844	750	7.615602817443097	0.0	391090	319.22346725388326	0.35584822	0.35278789246572756
20854.96703258318	750	7.999351894814398	0.0	279224	616.2509226286993	0.1601491	0.3447238139519871
20859.473959107137	750	7.492425370855751	0.0	368218	4506.926523958646	0.14335163	0.06089195237234368
20862.315987772843	750	7.6215007598357465	0.0	356531	1870.924611020006	0.7576452	0.24628928594616306
20866.01191135117	560	7.925577181512159	0.0	300380	1195.923578323586	0.7272284	0.18977922497742386
20866.961075490755	750	7.651508928224048	0.0	334023	274.068253288112	0.2697923	0.2771383205067849
20868.77954126936	750	7.539823982070267	0.0	347268	111.68494615378036	0.11080783	0.3646169913989255
20869.13297685546	750	7.926496605244436	0.0	389094	113.32737682583104	0.061091237	0.3769565140993083
20870.895925412147	750	7.875076431538488	0.0	311759	551.4201737059475	0.04543252	0.345179126512949
20871.54514807111	750	7.86622929354847	0.0	379192	508.8471379900194	0.07455017	0.3478213578947432
20875.457676763795	750	7.9537006008637166	0.0	375279	3412.5286926847534	0.39333782	0.15099317530728903
20878.581343262347	750	7.743319458415775	0.0	328716	2210.3811424479413	0.34278414	0.22687272396583225
20881.041379595226	750	7.913443970027549	0.0	353855	1829.8754883882264	0.061470896	0.2585134261893066
20885.06729489751	750	7.887528667742601	0.0	342531	2025.9153022849466	0.012232533	0.24419996109009318
20887.224722692437	750	7.54085284366827	0.0	320669	1346.6758240743316	0.040367447	0.27973726672028576
20889.06822149387	750	7.984479428378221	0.0	372000	556.3734152900499	0.040008724	0.34836178877175933
20892.00622000485	750	7.869042865957677	0.0	394851	615.4365624205441	0.28201485	0.34058331910139916
20892.648868305245	750	7.918999690039349	0.0	343895	450.043175918329	0.5907868	0.353563898690824
20894.769235661828	750	7.915118573987453	0.0	390392	2003.881116051895	0.6230755	0.2466034489843518
20898.748614098215	1050	7.9357401375995575	0.0	495948	2979.378436387895	0.82557124	-0.08335247945537169
20898.866421207582	750	7.844768921376377	0.0	223493	90.97121622318166	0.84496087	0.06051973930780352
20899.027821774183	560	7.737486584644495	0.0	247519	107.28233673188205	0.56379044	0.20531642787889476
20901.20389093741	750	7.886511117969807	0.0	337776	350.975466674689	0.14421463	0.22616256711522956
20903.50037435436	750	7.8608162577697165	0.0	395140	1525.6948602000905	0.036044687	0.2777327975982229
20907.718030467226	750	7.643160144900683	0.0	344240	1717.656112869034	0.07290249	0.2575249144595644
20910.394018441184	750	7.709388492729881	0.0	383706	1933.7716521708023	0.26220736	0.244798530280716
20912.778175321528	750	7.837918213452886	0.0	309107	1871.470279276995	0.13316375	0.25322130051315206
20916.88158582868	750	7.734507706300747	0.0	326645	1603.4105071521392	0.08592402	0.26832173650619434
20918.158064383606	750	7.574316982946209	0.0	337126	660.190723354536	0.08246384	0.3280148222542924
20919.23272492929	750	7.799130625888563	0.0	89639	775.1863570576461	0.08272123	0.32734812301522004
20923.48709583668	750	7.5447597184991535	0.0	356638	2254.3709073894106	0.2476702	0.2174537293050059
20926.438643568992	750	7.99240840035092	0.0	386936	2052.351318148233	0.7904607	0.2457598890375916
20927.33486097186	560	7.703397905999722	0.0	258893	789.010494351198	1.0662037	0.21060179663952483
20930.516510866375	750	7.623176413002346	0.0	389025	1080.2214929973761	1.1130574	0.2207981387303573
20931.19247195801	750	7.544410067941009	0.0	323743	578.7663450613361	0.9932203	0.33265009958490394
20947.890492241215	560	4.0	9.153610215267946	285978	16698.020283208956	1.0009738	-1.0557564514456181
20954.05004450823	750	4.0	2.1595522670153198	346325	6159.55226701532	1.0190719	-0.265089450478243
20964.58849480525	750	4.0	6.538450297021913	388354	10538.450297021913	0.9508992	-0.46628111023848634
20965.901668125553	560	6.686826679699912	0.0	271362	1313.1733203000874	1.133994	-0.1774982495906891
20967.815242135654	560	7.907235131710054	0.0	256419	1279.5915479898572	1.0488186	0.26334645437949344
20971.83402761223	560	7.888449655138602	0.0	256688	1518.7854765714533	0.9783332	0.24629550079383428
20974.050729354458	750	7.509482753366265	0.0	369983	1378.9669017723368	0.9333581	0.1965962379946065
20975.823088207424	750	7.500670747108778	0.0	376234	1008.8120062574873	0.8695598	0.30167335478771173
20978.834398223138	560	7.8337891626057425	0.0	267507	666.8815845030352	0.97927725	0.22319800966181919
20979.478073625396	560	7.638665677081859	0.0	273596	195.12348552388318	1.0060811	0.32926094574091136
20982.59384007035	750	7.694558412970471	0.0	357988	2944.1072641113883	0.9728321	0.07497121385383768
20986.65312041001	750	7.635278073310186	0.0	383824	1059.2803396602844	0.7298299	0.3025382709350064
20987.46829779448	750	7.868659141322616	0.0	367749	266.61893198756945	0.6306268	0.3645542172873595
20988.189354463175	375	7.7424100332183645	0.0	178251	126.24910810425126	0.7611678	0.10826044642609779
20989.79161072237	750	7.948685683917682	0.0	343439	293.724349300683	0.41705012	0.1024390253238564
20990.462461433857	750	7.97752628311624	0.0	363612	471.1594008014415	0.054193787	0.3539968316220816
20993.156496122265	750	7.940354594258497	0.0	387353	537.1716888577434	0.104110375	0.3482610187500916
20995.981309187257	750	7.520379561538031	0.0	104920	2419.975032720465	0.101617396	0.20528233410298294
20996.858637003275	750	7.921634669663207	0.0	359365	98.74489187482497	0.07409223	0.37780257104342996
20997.752185019308	750	7.824152123722688	0.0	335625	97.48254594051701	0.09836749	0.3747500256506489
21000.12395503739	750	7.746299849725594	0.0	335107	1577.8522739970947	0.013576742	0.2704587703098189
21003.73514045827	750	7.547666011326475	0.0	365621	1698.6338383991192	0.008165817	0.25575750326260704
21004.734929643433	750	7.964047209987868	0.0	331079	583.6188013386068	0.015171609	0.34583050735874543
21005.640506668347	750	7.679343889441378	0.0	327849	284.70332054649117	0.19469368	0.35721407957497026
21007.336532230856	750	7.851767960371391	0.0	344505	327.5759290699868	0.038036194	0.35981910108586496
21007.810574984127	750	7.758971400457067	0.0	334339	92.79655991432318	0.010481849	0.3729731271681965
21008.257807595975	750	7.667478191208505	0.0	342029	91.49320924856075	0.022462584	0.37011628237555555
21012.28332134468	750	7.641964442504552	0.0	339490	2025.5137487039544	0.008691692	0.2363193918241627
21013.150177879692	750	7.938662750652368	0.0	336021	203.30169185218483	0.011845212	0.37116205275160774
21014.118887306573	750	7.746085458787867	0.0	334909	192.5772918645008	0.09931804	0.36569763692371854
21017.986264182382	750	7.645963088393499	0.0	338025	2100.1223703943688	0.085723266	0.2313183848260583
21029.505161466084	750	4.0	3.8729341953083387	340690	11518.897283701837	0.008918088	-0.5336925846835567
21031.448168593015	750	6.056992873067745	0.0	340666	1943.0071269322546	0.0074682836	0.19094959954490062
21033.51282019514	750	7.992341270940752	0.0	331303	2064.6516021269936	0.016459154	0.2449120106075923
21034.68628583742	750	7.8715137088867975	0.0	343726	1120.8275620539546	0.012986561	0.30591429826845146
21036.043571146394	750	7.67919009451049	0.0	323697	192.3236143763067	0.032815315	0.36356077276639337
21037.10496511409	750	7.940973957963161	0.0	332776	238.2161365473304	0.27111194	0.3688359105116427
21037.46006577684	750	7.635012542162584	0.0	354314	305.96141580057724	0.14450806	0.35432480919838527
21040.167774734975	750	7.765727686569562	0.0	336482	869.2848555930216	0.2743611	0.3198025878667599
21041.218201355758	750	7.619726427446869	0.0	329581	146.00125912269436	0.7063519	0.3648307313344255
21041.83825639305	750	7.971911589631942	0.0	336479	147.814837814926	0.43331462	0.37604784846314143
21044.224222227374	750	7.975048772207898	0.0	379460	996.8628174240426	0.07725561	0.317771855763894
21045.88719732611	750	7.79761273129232	0.0	333091	1177.4360409155788	0.014819997	0.2996422181523075
21049.586811878664	750	7.895574983922641	0.0	341608	1402.0377473696797	0.010991717	0.28735432256793736
21053.84300932902	750	7.639377533569584	0.0	320904	4256.197450353057	0.022838391	0.08286350939484438
21054.88060561706	750	7.561966517317597	0.0	340111	577.411016251988	0.02501215	0.333308676286939
21055.56141605833	750	7.661653932577058	0.0	324837	400.3125847405399	0.029137386	0.3486955759492386
21056.677194356667	750	7.954013711675507	0.0	326321	207.64022090155015	0.113584146	0.3713581175679807
21058.96388583526	750	7.724737011098228	0.0	352942	229.27670057727886	0.05753497	0.36248682971131974
21071.200210568433	750	4.0	4.511587722072141	363692	12236.32473317037	0.13221966	-0.5830199250018846
21071.340079377802	560	7.860131190632654	0.0	250536	139.86880936734573	0.37361276	-0.05904145764959767
21072.543212520628	750	7.701368779496983	0.0	329601	158.7624111356712	0.37235063	0.1668659950806086
21072.823142720597	750	7.543589045360308	0.0	332416	157.77973413667542	0.20485282	0.3615689552004628
21074.00838076036	750	7.722045258394187	0.0	332325	321.54378696612065	0.021066563	0.356056241447809
21078.865986027093	750	6.864439991663354	0.0	358706	4857.605266730834	0.008080963	0.01655702124017089
21081.78114423057	750	7.94928178818887	0.0	324504	915.1582034744848	0.016221764	0.3225597237491967
21082.62557401801	750	7.74379575596657	0.0	344507	205.48603222230065	0.020607414	0.3647363475442965
21085.601589502636	750	7.535259891264715	0.0	342577	208.53586470185442	0.035980795	0.3578109408287211
21089.959942605667	750	7.176906788235091	0.0	353311	4358.353103029624	0.012561855	0.060946248940908776
21096.027213884754	750	5.109635509150463	0.0	361345	6067.271279084628	0.0074682836	-0.12312652862123741
21097.46377978679	750	7.673069607110705	0.0	361306	436.56590203975895	0.018094445	0.34657057967866256
21098.16070745176	750	7.757940726665129	0.0	339584	415.1288804455766	0.10092859	0.35077769975765327
21098.700708661258	750	7.5888395141796865	0.0	328025	169.10121248544237	0.1307854	0.3622477885143658
21099.864205704576	750	7.9025409910255515	0.0	346298	186.29852315413453	0.06754143	0.37116785093243443
21103.79766812188	750	7.884409042456842	0.0	341792	3018.1319485687095	0.037174214	0.17587878882285524
21107.61796346569	750	7.641926604916296	0.0	329938	3742.4824375405465	0.03574497	0.11826651679559286
21113.94320372202	750	5.316686348582736	0.0	341761	6325.24025633356	0.16157149	-0.13419551822018155
21115.261440714014	750	7.998449356590958	0.0	347692	318.23699199177764	0.7474438	0.36518495220288577
21116.055884566522	750	7.67987250763374	0.0	348188	318.5768489572181	0.13865855	0.3549020997238591
21116.58645064118	750	7.862522972080293	0.0	347186	317.3495355534477	0.02807703	0.36086858118168996
21118.291196476646	750	7.5767583239007035	0.0	340862	285.7646481795888	0.065524295	0.3538374297832942
21118.651884444742	750	7.8159049334930755	0.0	348561	260.8533904076272	0.056225367	0.363251729499948
21119.17806263449	750	7.562733127465272	0.0	341550	253.17180602780354	0.15129697	0.3556267095998642
21119.559238168753	750	7.718648552193851	0.0	347532	344.08457527142167	0.156331	0.3543970422774776
21120.11979993275	750	7.666913149693104	0.0	325636	551.7354025007469	0.07939902	0.33845373852279964
21122.660635493223	750	7.610908550201945	0.0	328583	556.0045994911586	0.015777238	0.33635662768325325
21123.53989232932	750	7.87369561264478	0.0	354525	237.21293755716303	0.011067068	0.36673824678347733
21124.469755537342	750	7.68978595790299	0.0	325547	183.90965474178947	0.012416672	0.36448051218378147
21126.79948118606	750	7.607899910186059	0.0	341809	581.8860477169313	0.009508542	0.3344802358994192
21128.433968142956	750	7.620076232237982	0.0	334828	987.8236779480776	0.007905966	0.3069617732378589
21129.338652292558	750	7.744065796912419	0.0	346664	876.0104353255618	0.009622335	0.3186425628823755
21130.36260340449	750	7.956427098085315	0.0	327175	287.6386988271039	0.02276462	0.3659354744985645
21132.894688435223	750	7.768540789270759	0.0	345786	1687.8863088145545	0.030784443	0.2636095355272746
21136.76294276405	750	7.9002864604414285	0.0	335941	1368.2543288293311	0.016284782	0.28982885944761627
21137.92433143782	750	7.845818648930477	0.0	333408	554.4678115109513	0.025357962	0.3440273625775782
21141.879511207713	750	7.890638879035054	0.0	332454	3955.1797698954238	0.034422643	0.11165188762750028
21146.19511021747	750	7.575039869277509	0.0	338010	1815.5990097575452	0.058348432	0.2485970133277342
21147.042411933104	750	7.6912388324139025	0.0	317905	383.80103686360707	0.10183853	0.3507835971032914
21149.608253282757	750	7.8455684969761	0.0	374127	2345.670335437802	0.19567701	0.2208636390791959
21153.76403127388	750	7.689790505851983	0.0	334724	2155.777991124118	0.18022746	0.2289031580033946
21156.023801225256	750	7.8938800328280445	0.0	228694	1295.9104730239374	0.13808636	0.2945966100442701
21160.142229155455	1050	7.775452102629201	0.0	429962	3618.4279301988445	0.3272832	-0.027373861972687624
21164.41423166462	750	7.503449593462767	0.0	351720	2272.002509166434	0.45949423	0.057200727439408156
21165.546192090722	750	7.965114339268888	0.0	357914	538.3352541938789	0.24957441	0.34897838247965035
21166.29353901599	560	7.848253462591052	0.0	244477	116.86087667783653	0.37823257	0.2614809656850052
21169.12398490494	750	7.7082735424088735	0.0	343887	139.97992018217911	0.21252608	0.3015019440814266
21169.740357306462	750	7.955320326034605	0.0	354900	252.95321637426903	0.11398058	0.3682846620139837
21179.091089055266	750	4.0	1.3954114227681076	349896	9350.731748802713	0.08467812	-0.3846185016028674
21185.452393458174	750	4.0	2.361304402907139	340927	6361.304402907139	0.07965796	-0.17907785751802568
21188.744668161497	750	4.707725296677536	0.0	355052	3292.274703322464	0.19068938	0.054727581236749895
21190.06225179312	750	7.390141665054398	0.0	350066	1317.5836316231384	0.07849524	0.2768840053398949
21193.757532326104	750	7.694861132068274	0.0	340206	2195.2805329861235	0.022505216	0.226350421845474
21202.67795313536	750	4.0	1.2255596771873807	348802	8920.420809255655	0.017543029	-0.35503210346119957
21203.492773860642	750	7.185179274717406	0.0	359162	814.8207252825944	0.024952026	0.3048512683834032
21204.816292992124	750	7.90033757864048	0.0	344509	784.8416960769272	0.069706865	0.3299435421850778
21208.283652565704	750	7.645996509554201	0.0	374966	754.3410690862784	0.29193652	0.3238498100722052
21208.959740039416	750	7.874462024944756	0.0	345697	271.5344846094445	0.4446522	0.36440312097463745
21210.964968737193	750	7.534124170608368	0.0	354856	1340.3378543363895	0.20489368	0.27995634831414473
21214.876802780105	750	7.622290127695833	0.0	383484	2411.8340429125346	0.17661402	0.20912401438913558
21217.869928299097	750	7.5690898113782135	0.0	343845	2553.2003163176196	0.14290735	0.1976909857966011
21221.87698435416	750	7.5620337563111315	0.0	358408	3007.056055067082	0.23508361	0.16625851076335427
21222.45303551229	750	7.65299880611369	0.0	348921	409.03495019744213	0.14588545	0.3478171315389993
21223.38883288861	750	7.978608221921035	0.0	376327	174.39058419265535	0.060724966	0.37443626931428364
21225.64150659284	750	7.692974765868613	0.0	336176	285.6334560524213	0.07328871	0.35758909761481195
21227.018254890107	750	7.948120741323348	0.0	358658	744.8540245452662	0.038855433	0.3342317433195794
21231.38397445014	750	7.5824011812937915	0.0	366120	4365.719560029556	0.032254696	0.07349834972858882
21234.1042931364	750	7.775548754539141	0.0	343713	1806.8524267546518	0.15524662	0.2556556032521453

