6159.539382626258	300	4.0	0.13591207574390385	131284	135.91207574390384	0.019135678	0.16149248487639298
6159.711683291439	480	7.827699334818613	0.0	216726	172.30066518138773	0.09614288	0.26961452503202055
6161.124256311	480	7.65551919550051	0.0	216443	172.1801393181026	0.09993281	0.30193406876302853
6161.471332316168	480	7.812177633038205	0.0	204674	343.3415624623055	0.05532334	0.29521076440454697
6162.6976250852495	480	7.66089846985023	0.0	226046	1151.2791631879757	0.05008769	0.23478850942550902
6164.000267726313	480	7.50708395226534	0.0	224887	153.81451758488834	0.049213745	0.2984165872859232
6165.182617445383	480	7.9503231544699196	0.0	218422	556.7607977954217	0.020948092	0.2849857958136508
6168.6128007026555	480	7.758025986470222	0.0	221394	692.2971679996974	0.009422485	0.2694741162831693
6171.956640926604	480	7.640548919133309	0.0	224718	2617.4770673369126	0.007628689	0.13332347429100222
6174.60076804659	480	7.6121669374429	0.0	231311	2028.3819816904077	0.008529117	0.17291319615203274
6178.619333060222	480	7.593601923810576	0.0	221523	2018.5650136323231	0.0109956665	0.17299030039560817
6179.674553283306	480	7.748146888232673	0.0	190602	845.4550355779024	0.009842573	0.2586254679756503
6185.700061406409	480	5.722638765129485	0.0	213444	6025.508123103188	0.02031513	-0.16276322551084388
6187.4768131543315	480	7.945887017207599	0.0	234624	276.751747921886	0.026140137	0.30409519659944223
6189.548007197851	480	7.705302524707677	0.0	191495	240.5844924999214	0.039228044	0.2988340967576467
6193.650808755288	480	7.6025009672704105	0.0	229488	1602.8015574372648	0.070159175	0.2018630596425287
6194.856066963	480	7.88657741764369	0.0	234779	715.9235496267204	0.064051166	0.2719895491361696
6196.237851265824	480	7.65035259527296	0.0	224821	736.2248223707306	0.083734	0.2629863064687838
6197.055098108397	480	7.7745089142140245	0.0	234678	375.84368105893475	0.06783481	0.29176296559782916
6198.123419108972	480	7.671049994682892	0.0	239754	603.4589195311328	0.027427243	0.27278128154049947
6199.7500711523635	480	7.550155013508971	0.0	203988	120.8949811739204	0.020227714	0.30206706366674374
6203.798996873928	480	7.5012292919449575	0.0	228367	4048.9257215640137	0.021264419	0.03041632770783692
6207.36779459365	480	7.658171823976047	0.0	227150	1343.0574679689112	0.015982963	0.22151481819096436
6209.828031759374	480	7.7219233669876015	0.0	205032	1436.2484569884448	0.023638315	0.21716045371188086
6213.366516424494	480	7.815175388793914	0.0	253530	2906.7479781936872	0.03448151	0.11905809525217775
6217.196353726961	480	7.985338086326573	0.0	209250	3829.837302467341	0.023642864	0.06107023513222226
6221.291240134938	480	7.890451678350327	0.0	255098	4094.886407976246	0.014648486	0.03979082354730201
6225.549691596644	2850	7.6320002166441325	0.0	1204950	3758.451461706194	0.026268741	-0.8593482770245946
6226.663746682178	480	7.675928603416014	0.0	196481	456.0716132281191	0.21840309	-0.9628397889811328
6230.725197256023	480	7.614478029570213	0.0	229773	3561.450573845801	0.055337578	0.06758017538094424
6232.619978470905	480	7.66130444520279	0.0	212576	453.1735843674227	0.13671485	0.28280043201315264
6233.069875197365	480	7.867159897229987	0.0	212592	294.14454797280285	0.12058684	0.3003640025111645
6233.7537155460595	480	7.563115812126787	0.0	224628	304.0440851031998	0.09960207	0.2898918808050169
6236.345662096873	480	7.667040668515547	0.0	241756	396.0751436112405	0.0512914	0.2869110143281725
6236.855115186826	480	7.715749827140013	0.0	211326	451.2908413755339	0.039106414	0.28468324693822444
6243.008918339664	480	5.5619466743026695	0.0	237886	6153.803152837343	0.038477324	-0.1767592069352898
6244.675378979963	480	7.895486034003326	0.0	206227	166.4606402993444	0.023976747	0.3100552373730567
6245.498162599874	480	7.7233072449017275	0.0	219866	172.1787891016	0.022477943	0.30411721570311606
6246.345864201388	480	7.584758859549858	0.0	202947	138.5483853518689	0.011680293	0.3019676749242363
6247.852582933379	480	7.895976101635347	0.0	192555	188.7827579145099	0.009057128	0.3085362432033316
6248.88096163409	480	7.500754738318412	0.0	213066	395.22136331693605	0.01021431	0.28161462558925815
6249.137800491851	480	7.8989139781346385	0.0	232907	101.84076018377476	0.010778602	0.31460862662256883
6250.520461954059	480	7.745082295819193	0.0	214278	153.83168231544494	0.008445736	0.3060799330172594
6252.714284646161	480	7.722585839714882	0.0	215197	2022.4964561043105	0.0074811573	0.17687380348936785
6253.979876936205	480	7.885452812691386	0.0	221406	337.13302702349586	0.007468284	0.2979973998654117
6257.408883496653	480	7.755179163977207	0.0	190143	1630.2736487141788	0.007468284	0.20489105854617418
6259.95214742867	480	7.507913653833133	0.0	226937	747.2655101440752	0.0074720983	0.25764007452098137
6262.557218163678	480	7.813377497265242	0.0	207173	194.53615656789032	0.007468284	0.30548064842582356
6263.484253649561	480	7.515127043544735	0.0	217964	298.2504537205082	0.0080995355	0.2887447911072922
6264.2632078254455	480	7.650042471682816	0.0	239651	365.08457186191924	0.008537404	0.28849438582219755
6264.770020539551	480	7.813570916641915	0.0	171650	336.47155504090244	0.008952955	0.2957279871285509
6265.370029221701	480	7.808737155099345	0.0	208758	504.8337615425708	0.01788863	0.2839964320435365
6266.944547173508	480	7.529065639498891	0.0	195426	279.67151560045465	0.026400764	0.2904710820909341
6267.951498101376	480	7.883013393668836	0.0	214039	146.05224583005446	0.012324843	0.3110567637212989
6268.977266759429	480	7.76057840566081	0.0	219173	122.4349880080253	0.011984598	0.30873767818929765
6272.591328243006	480	7.850214498894584	0.0	223974	1910.3639067662255	0.00855373	0.18869374115742266
6273.76002727409	480	7.562213771757735	0.0	257449	288.0007271368481	0.008717635	0.2909659062465391
6274.547887380283	480	7.818632870634326	0.0	221875	243.58090112340912	0.010347206	0.30227777954661367
6275.301904566671	480	7.923763879975862	0.0	207294	394.8689906584643	0.00964609	0.29526148810734365
6278.082353071998	480	7.6731137251770996	0.0	210336	2250.650154798762	0.0075558308	0.15959369438670967
6284.668451359596	480	5.087015437580182	0.0	222745	6586.0982875969175	0.007795727	-0.22177677005060065
6286.029366737131	480	7.726100060043918	0.0	200319	360.9153775362637	0.008097034	0.2912304096423372
6286.506231515839	480	7.85607367851975	0.0	206816	370.02638152416847	0.008234713	0.2947896600314962
6289.932112059609	480	7.906552605227382	0.0	236806	1449.5210732923679	0.008502139	0.2221937047098824
6291.3892293780655	480	7.6161736812395135	0.0	200909	1290.3789239878668	0.020686368	0.22378426371805957
6295.116166109628	480	7.8892369496776915	0.0	237142	1726.936731561822	0.02973498	0.20256211756434064
6297.337691845858	480	7.575311644579622	0.0	235166	1313.9253050980703	0.0490875	0.2208493863589799
6297.913530419871	480	7.906192573136756	0.0	222664	169.11907144286573	0.052232396	0.31021724926925554
6300.578823098931	480	7.736905984892394	0.0	231692	169.28658824436158	0.042997506	0.30475400683623227
6301.375127612959	480	7.9817567732859755	0.0	204047	755.1492116064185	0.033013504	0.2723577219323798
6301.607649152095	480	7.821073654928195	0.0	221161	160.68311835777985	0.025587346	0.30805609107899606
6302.866911093814	480	7.687361894458867	0.0	192037	133.71176046932797	0.03438764	0.3056044611055531
6305.3142527517775	480	7.986466156101602	0.0	267229	1700.8957383572654	0.024343614	0.20748376890924586
6309.127748351907	480	7.892941315841581	0.0	207111	2093.52484026002	0.00955347	0.17747633320637518
6310.3505721269485	480	7.581514808256954	0.0	232277	311.4265075846265	0.010618759	0.28997681938637576
6311.177915037224	480	7.8335419868475835	0.0	205961	247.97282140936932	0.009374004	0.30245594418181976
6314.086958576227	480	7.628705261779022	0.0	223329	204.83672506856254	0.007468284	0.2988252181768566
6314.990688607762	480	7.738943652978161	0.0	221039	389.76160880086024	0.0075411703	0.2896606787799526
6320.273541119036	480	6.456091141704634	0.0	228597	5282.852511273528	0.010608776	-0.0880811169097448
6321.6398181390805	480	7.586863098687594	0.0	226449	869.2280430170401	0.011369498	0.2517969328102674
6325.539954584238	480	7.686726653530315	0.0	205244	1900.1364451572788	0.017227313	0.18413195777049643
6328.363553288717	480	7.864520012384379	0.0	227401	1822.2066411459355	0.019502098	0.19521576604717536
6329.619951555766	480	7.68201691052752	0.0	252546	182.5031018568588	0.013920343	0.30207764005848026
6331.525668274315	480	7.976106133849	0.0	227254	205.9107766785211	0.014121217	0.30993910829844257
6332.397703994122	480	7.849991244880388	0.0	214506	126.11488896861133	0.018415518	0.31136412475113634
6336.763302313357	480	7.484392925645972	0.0	250807	4365.598319234416	0.017553931	0.00810103107111726
6339.4976084141435	480	7.842999450289178	0.0	245011	141.3934753567944	0.02792598	0.31008846787123284
6341.299889612716	480	7.948315163717878	0.0	232770	394.6842865713006	0.031515457	0.29606483994825766
6341.846942308848	480	7.83858727165269	0.0	222543	109.72789206518836	0.0100444	0.3121235719345743
6344.153761134164	480	7.613840261027955	0.0	215238	724.7470106247348	0.008893777	0.26259962587821345
6345.192866133201	480	7.840323668853831	0.0	223064	773.5165921741245	0.007470191	0.26654012902048946
6346.783283150189	480	7.623909363790038	0.0	224800	1216.4143050637927	0.007505592	0.2291188854096517
6349.007050217627	480	7.64902718603229	0.0	226350	974.8821777577481	0.0074898587	0.2465345314413901
6353.345360358519	480	7.310717045139066	0.0	214826	4338.310140893223	0.007634865	0.004384175262278356
6357.0853767382105	480	7.570700665448716	0.0	217954	740.0163796903518	0.007596949	0.26016049482121906
6357.768731174216	480	7.919629152574417	0.0	218136	151.07151287430025	0.008350137	0.3118908377981785
6365.765659174049	480	4.0	0.07729884725804823	213800	7996.927999832465	0.01640445	-0.35378594796340757
6368.129749105444	480	5.63591006860397	0.0	225821	2364.0899313960313	0.014111901	0.08618770531952583
6370.065691872426	480	7.699967301622054	0.0	232933	1935.9427669819163	0.042113785	0.182096466715023
6372.398638440186	480	7.827615828413804	0.0	213871	1372.351473208249	0.0758686	0.22495747782759742
6376.1652387020395	480	7.550113244762591	0.0	207918	1777.5025836512127	0.06761421	0.1881642403613169
6378.474308924557	480	7.765126972604866	0.0	206847	1784.9862721577238	0.03128125	0.19457401964302876
6387.8108856711515	480	4.0	1.5714497739903417	216462	9336.576746595209	0.05177271	-0.4458946478570909
6391.733048441948	480	4.0778372292031655	0.0	218865	3922.1627707968346	0.047817763	-0.07111528673940992
6392.93665294758	480	6.874232723571126	0.0	213218	1203.6045056320402	0.051564798	0.205856961807735
6394.953064255388	480	7.617741056355528	0.0	223254	1256.4916672155985	0.14486213	0.22616468708295526
6398.331157449131	480	7.7686542797801446	0.0	230775	849.086776575382	0.15864421	0.2590361868904529
6402.514018751733	480	7.585792977178349	0.0	221532	3682.861302601795	0.16485897	0.05830869976240832
6402.9787418658025	480	7.879365280028498	0.0	212393	206.42769714985138	0.14465518	0.3067881134541058
6405.734238098825	480	7.590764871977381	0.0	223016	288.6004080511175	0.122539125	0.29184413757098837
6406.307428076442	480	7.747617795653477	0.0	212835	343.14707632390326	0.0834958	0.293145044070615
6409.8680119210385	480	7.778347324003385	0.0	217632	3469.270471650093	0.053608708	0.07919536298058169
6411.120409766974	480	7.61980508751194	0.0	212002	1158.5422364914448	0.05375278	0.23296575459387744
6412.107096476151	480	7.883389537645409	0.0	214608	236.41554986653065	0.05493727	0.30485587054412033
6417.648188196737	480	6.342297817059359	0.0	216990	5541.0917205860505	0.024401812	-0.10950118874355202
6420.034594029101	480	7.955891984695423	0.0	215658	386.4058323639367	0.01440181	0.29687803698603005
6421.181173615768	480	7.582986547490127	0.0	206156	372.90543720529604	0.01603818	0.28579717884926004
6423.753225482931	480	7.884797688639322	0.0	228254	2198.1888588508054	0.021014681	0.17001781043391148
6427.695716722307	480	7.942306449263968	0.0	225061	1942.491239375355	0.031973157	0.189450538531673
6428.379402485953	480	7.6251406912866875	0.0	204720	317.1657579772792	0.031534486	0.2909871452298791
6430.627691423557	480	7.644256225318937	0.0	223247	1980.8844659677507	0.044262767	0.17721233573106834
6433.293043437316	480	7.90528245425762	0.0	237107	738.9737710613167	0.028036559	0.271007090509888
6435.318823997279	480	7.815581295625314	0.0	250398	89.70115863230586	0.025154715	0.3127596401017962
6438.350503412001	480	7.7277812889297	0.0	228620	87.80000669561419	0.04646092	0.3100628339667439
6438.645992377037	480	7.5119765104244705	0.0	219615	215.80477850522914	0.017117633	0.2943119541706187
6439.330626635961	480	7.9195014742281895	0.0	221222	92.47503619628182	0.010185132	0.3159155770988607
6442.014580578353	480	7.833604114396174	0.0	234951	85.8973598320157	0.012050584	0.31360158247384834
6443.003368212715	480	7.848238588495279	0.0	229605	485.3655259008965	0.007891174	0.28660709598586065
6446.57491424077	480	7.5196766286969945	0.0	238668	2828.561959798285	0.007468284	0.1149175661771843
6450.434377263636	480	7.6602136058312515	0.0	260176	1359.463022865742	0.0074717407	0.220452593953804
6450.7122827722405	480	7.972984397088629	0.0	238587	187.22920874262297	0.007468284	0.31112304277501457
6452.191722577506	480	7.738602644387549	0.0	228380	1234.3817527010806	0.007468284	0.23157711366031117
6455.284602211101	480	7.5246918538716185	0.0	247440	1713.9107905159312	0.007468284	0.1917178753193487
6456.536720743169	480	7.788617009377507	0.0	194382	1236.074844494112	0.007468284	0.23307137201716963
6460.307375587868	480	7.863311430815378	0.0	217782	925.3055785621283	0.0083666565	0.25684404744379064
6461.532641275961	480	7.618353219837289	0.0	219081	244.958210978089	0.018100541	0.2957332526181935
6463.223786216222	480	7.972934488264615	0.0	212298	1145.4187315726742	0.019985212	0.24524029209917286
6464.817383860934	480	7.908998770253025	0.0	235499	1063.9357180115899	0.033834383	0.24878373347958788
6466.922122459806	480	7.801960434166407	0.0	243274	607.0383360866184	0.036448706	0.27675103046435656
6468.221088537427	480	7.844327526748711	0.0	227093	957.6329074176953	0.045070563	0.2540099943697074
6469.841616657538	480	7.664730051794566	0.0	259134	1179.597474954145	0.053518243	0.23296485228773153
6472.860298374313	480	7.835854515985909	0.0	239130	828.8755358086552	0.032517582	0.26258995220540243
6473.227170783816	480	7.707321401717701	0.0	222285	128.53311426820832	0.041313857	0.30660330162900484
6476.662859925868	480	7.568646478308496	0.0	213426	138.67492340920535	0.033509303	0.30144008972105163
6476.967856167316	480	7.774655466905606	0.0	216048	293.99101140288974	0.019367388	0.2973955357837452
6477.09035618786	480	7.678908071656557	0.0	246530	95.74739524904925	0.017981635	0.3079424857574535
6477.914721641842	480	7.990101657313373	0.0	244267	188.8064143431841	0.01856062	0.31156584685789646
6479.867443317968	480	7.791520339070252	0.0	215846	1198.5813182431211	0.010499081	0.23574277077081235
6482.546185354959	480	7.783719499515461	0.0	246673	1007.8008395547904	0.0075325295	0.24860882726938702
6483.734624919709	480	7.975470315857049	0.0	226364	808.2491836584114	0.008550607	0.26850433796398304
6484.983694117968	480	7.746030907274155	0.0	243804	729.4394085828932	0.007483064	0.26653407873522306
6486.906223705637	480	7.504581008278059	0.0	230277	241.44989899609573	0.007468284	0.29231053629276804
6497.578328388079	480	4.0	3.167523674164004	231042	10672.104682442063	0.0074735284	-0.5377200178578544
6498.614535001469	480	6.963793386609577	0.0	226286	1036.2066133904225	0.00802902	0.22025076947496003
6501.788375806815	480	7.789952581264795	0.0	252213	173.84080534478068	0.011536336	0.30614919639246924
6503.013737693326	480	7.633387532932576	0.0	212260	156.5650483322189	0.026087046	0.302294967156441
6505.555810488694	480	7.606749554338292	0.0	245829	1526.6379785942847	0.02279315	0.20723657388931305
6507.918875377521	480	7.642934518311918	0.0	220022	1463.8150360263733	0.014681894	0.21272132397251808
6510.99007252496	480	7.51696087099209	0.0	225876	125.97364731982711	0.026409095	0.3006488876485936
6511.847107415884	480	7.771055175589725	0.0	254471	245.90569540236413	0.02336848	0.3005857387807802
6512.689492999539	480	7.615426981523222	0.0	227898	155.62819406650294	0.0076302835	0.3017809777218165
6515.120743029669	480	7.953180661251863	0.0	252324	162.24632027135772	0.007643651	0.31220300094734094
6515.928485109559	480	7.893811476236448	0.0	219617	559.3691850154157	0.008301791	0.2829865453540703
6518.928575948238	480	7.71795250433237	0.0	231505	2675.858971904077	0.008051881	0.13180209023259168
6523.0049636677595	480	7.641564784810684	0.0	226548	2576.387719521686	0.007715399	0.1361813227366319
6526.827174624536	480	7.819353828034127	0.0	243174	3322.2109567765556	0.011112437	0.09062714435176497
6528.686600247425	480	7.7970562881253604	0.0	232226	1022.2975399087665	0.0075352704	0.24804159365621845
6531.433184742746	480	7.787328081955471	0.0	234187	1009.7282061698901	0.007468284	0.24859252072489132
6535.966036358448	480	7.254476466253284	0.0	219858	4532.851615702187	0.009938305	-0.010802868926346354
6536.432703371875	480	7.984996911960263	0.0	225952	269.4795542930219	0.021752512	0.3058547020455566
6537.051487019376	480	7.734198817777436	0.0	240852	250.79809418282548	0.05005616	0.2990624313345778
6538.23468849929	480	7.536590854479033	0.0	228017	697.6079632984037	0.072003305	0.2619778456467732
6540.925148679932	480	7.644157522465765	0.0	164350	1392.433332013269	0.06482822	0.21766862009074467
6541.236068372576	480	7.84771110045849	0.0	246569	296.44642200727503	0.064383365	0.2995794039072269
6543.457000531948	480	7.9544816560903895	0.0	213691	393.2294443681004	0.06268343	0.2963634552996021
6544.907372351656	480	7.853147103738547	0.0	238781	601.3345523518415	0.021772671	0.27879162038056643
6547.890635704103	480	7.746034061193346	0.0	202144	107.11304254520093	0.01441972	0.3093227639714298
6551.659994771861	480	7.754429682264133	0.0	230042	2991.604378929212	0.016783642	0.11126745886775496
6554.22374014947	480	7.560934337873529	0.0	214358	1693.4953443906054	0.01386969	0.1942887139523714
6557.911204034612	480	7.517327411911123	0.0	192831	2043.6069259624066	0.013729719	0.16881216909592625
6560.1391026156225	480	7.891306600993634	0.0	191218	2126.02081091749	0.027858706	0.17518940029651395
6564.652088325493	480	7.378320891122962	0.0	236197	4512.9857098706725	0.019733073	-0.005448671473781974
6568.101524092224	480	7.928885124391294	0.0	247450	2949.4357667316676	0.009729249	0.11978498104190682
6569.263810573559	480	7.653391507073635	0.0	239300	775.4936173176595	0.025224524	0.26038421221704344
6570.969334917486	480	7.673525767117575	0.0	212196	479.8657399560587	0.04506256	0.2813587667863369
6574.783056518251	480	7.859804166352034	0.0	221808	2313.7216007655416	0.0634466	0.16126936330604588
6575.636231672953	480	7.587906691367676	0.0	244140	771.8974749843594	0.13670589	0.2585225875679072
6577.565193086969	480	7.874064824218655	0.0	200245	213.84186714902185	0.11786881	0.306107649343708
6578.84725753369	480	7.550592374291278	0.0	244107	323.47244992737683	0.09864262	0.2881527606730512
6580.2080720511585	480	7.559481113954082	0.0	242040	491.11126033719677	0.049348332	0.2769128643075604
6582.372319418593	480	7.6177090588018075	0.0	217657	441.77205515227456	0.033523124	0.28218040312901704
6586.861014384652	480	7.129014092743618	0.0	206418	4488.6949660581895	0.03871451	-0.011807245206500283
6587.0980263856845	480	7.956093231394785	0.0	221636	172.9208613488316	0.029201739	0.3115628604520784
6588.358940114054	480	7.817681937052487	0.0	208007	138.41129434229833	0.019128084	0.30947818219239664
6588.815777517177	480	7.610514452504818	0.0	212171	207.1674845476681	0.011226945	0.2980791459027754
6589.79187858501	480	7.9572988778755045	0.0	216185	153.2155746293141	0.009525216	0.3129565411380407
6592.438743909969	480	7.505308961997685	0.0	247055	451.98991587781774	0.009392514	0.2778581197535791
6593.259189272263	480	7.902523985391517	0.0	242976	102.78497660616837	0.010965805	0.31465996329873513
6596.20308918416	480	7.749404222287387	0.0	220999	153.11976310412996	0.008014386	0.3062680654487852
6597.63804334908	480	7.637317214222318	0.0	241331	612.0870080650694	0.007468284	0.2711017155802803
6600.6701710328025	480	7.912686950788146	0.0	239873	2724.6302634341723	0.007468284	0.1347200286163897
6602.030524014778	480	7.7512591699429745	0.0	231211	1161.4277808451716	0.007468284	0.2370007188365007
6602.428693690166	480	7.861636932814561	0.0	236563	389.6222371284132	0.007482468	0.29362148983145797
6602.930793916459	480	7.574860538797413	0.0	206505	286.77639401714754	0.007468284	0.2914573642553041
6604.2062384141345	480	7.7548002060973795	0.0	206905	320.0603327000333	0.007492481	0.29496369612059853
6605.417659590355	480	7.836781700476047	0.0	212339	418.01850562133126	0.008388369	0.29086863926012807
6607.903537780333	480	7.700543940785365	0.0	248162	636.2377596906827	0.010681062	0.27147737065667765
6610.239591173914	480	7.667337459139006	0.0	222700	533.2064816463585	0.022575017	0.2774919893108554
6611.197354029199	480	7.799879487463681	0.0	253164	367.45797167532567	0.026230147	0.29315656909293414
6612.974570988646	480	7.666423449545389	0.0	207659	133.45603791829097	0.019850262	0.3049477394516397
6614.473402921034	480	7.938887944115222	0.0	206720	1227.5355054301674	0.012332849	0.23849784399558074
6615.9051598235255	480	7.548157706347735	0.0	180399	890.7302377674869	0.011499118	0.24907205806024746
6618.301327873563	480	7.830587013691045	0.0	193114	217.57069265669037	0.013924346	0.30445110635558204
6618.861127896162	480	7.599985681082689	0.0	204270	230.60133260835505	0.020811899	0.2961288617970837
6621.382706242448	480	7.713795852934447	0.0	241867	386.18982814824193	0.010787215	0.28909639699360345
6624.901281315561	480	7.7322025754467685	0.0	244943	2481.5932774876774	0.008572573	0.14561790578325054
6630.0805701517875	480	6.552913739221116	0.0	222852	5179.288836225653	0.0132174045	-0.07784242148847093
6632.943023896473	480	7.690459994534671	0.0	201416	362.45374468644553	0.0140555315	0.2899768811374608
6634.010655236506	480	7.8260065127870035	0.0	202842	364.45348174766644	0.0133237885	0.294204543092874
6638.205063960626	480	7.6315977886670625	0.0	178726	694.4087241199408	0.01604717	0.2652574262706515
6640.837001002603	480	7.6644225588822446	0.0	246570	1967.1752297848177	0.015944658	0.1788043649516333
6642.92875414303	480	7.640926894766644	0.0	228960	1523.495664115601	0.026227469	0.2085532774040244
6646.19552370455	480	7.9616708521635156	0.0	188970	1179.256042603129	0.046480577	0.2425510432976361
6646.434137083379	480	7.80112092220554	0.0	201254	160.54992995797477	0.049073517	0.3074226884725582
6647.432301892499	480	7.546070242081551	0.0	213593	755.050680123989	0.041258056	0.2583335976111189
6651.42104099538	480	7.557331139200227	0.0	222624	1988.7391028813236	0.035697676	0.17387293799909675
6653.152088690256	480	7.8927339076992595	0.0	231890	164.5972315009679	0.037925903	0.3100947278544132
6655.929963289901	480	7.747021839565594	0.0	234942	145.71206813366618	0.05377543	0.30670066535125023
6658.359435333234	480	7.5433670836547355	0.0	247892	1703.6547559108596	0.02601423	0.1930244570234113
6659.116373591964	480	7.96280659800307	0.0	244598	580.5604856516655	0.0116074085	0.2837514460840489
6661.08624266966	480	7.526060945693	0.0	213597	436.74565231006915	0.019626725	0.27957455144397125
6661.437396514131	480	7.827045736151475	0.0	217536	199.01520954152534	0.01726323	0.3056128608227482
6665.371525254794	480	7.892916995489814	0.0	99821	2934.128740661662	0.008879157	0.119679107021393
6665.462417274705	480	7.810604673329901	0.0	36579	82.31232215991207	0.01347224	0.31310739818375843
6669.623873104331	480	7.649148843703977	0.0	42911	3161.455829625924	0.0156192565	0.09619870034966979
6670.559833585992	480	7.926686366561818	0.0	40876	222.46247714215795	0.016576035	0.3072095620763082
6671.904216170386	480	7.552744076626441	0.0	28395	373.9422899353769	0.0282488	0.2847519571549725
6675.2601978857	480	7.809973366198605	0.0	210498	1742.7707104278365	0.025287664	0.19892082523310897
6676.0954520582445	480	7.648451782370738	0.0	216102	161.52158382786695	0.036128443	0.30243930711622735
6676.647810350602	480	7.919138930549885	0.0	227452	229.31285182085242	0.03381907	0.30649550018956917
6679.138202855032	480	7.795465398603344	0.0	217272	123.67353194654177	0.035413615	0.30977602575266633
6682.3941290215325	480	7.560861801594976	0.0	207997	2734.603597008368	0.035659518	0.1227040861133955
6683.04753142136	480	7.70482188642738	0.0	204185	356.03991516759476	0.034355953	0.29088038150434276
6684.719225827466	480	7.727655925703468	0.0	244967	477.16596072391224	0.038245164	0.28328760625076843
6685.311151463576	480	7.738957330340462	0.0	241500	488.6985953630056	0.016161516	0.2828586217824479
6688.603830235676	480	7.854231464663517	0.0	241181	384.72586567694555	0.009999975	0.29371965751067025
6690.158673696055	480	7.981286187685473	0.0	208825	872.9452769780436	0.0076705934	0.2642433975177879
6692.162009828847	480	7.766567212985177	0.0	229605	1214.7189747002947	0.008925056	0.23382961901462262
6695.586697455519	480	7.90303197869555	0.0	209840	863.5352342896276	0.011269114	0.2623702855763232
6699.52682011972	480	7.869546842782907	0.0	234044	3533.4851359126424	0.015006836	0.07771722834561492
6700.091494744687	480	7.701528294444306	0.0	246996	168.01854833860074	0.027892342	0.3037018848147639
6702.687687714198	480	7.5617598480036685	0.0	200107	139.76844644063874	0.020780727	0.3011431257751846
6709.3510873628375	480	4.8983601993645856	0.0	221788	6663.399648639083	0.01978191	-0.2331671663979787
6711.271121212739	480	6.97832634946328	0.0	211866	1920.0338499013064	0.016442785	0.1599504901165931
6714.514276863447	480	7.735170698755157	0.0	204015	1743.1556507081227	0.03926347	0.19648540466618986
6716.5486758590905	480	7.6599780370926815	0.0	249603	1575.1926616624758	0.052395917	0.20561233111613056
6720.310978968641	480	7.897674927541557	0.0	219810	1762.3031095511258	0.018845564	0.2004022094830957
6723.106571068623	480	7.935633599317165	0.0	229199	1962.0413282243921	0.019167928	0.18789146216213057
6733.1778426519695	480	4.0	2.13563798402988	210189	10071.271583347045	0.025533237	-0.4964092222149903
6735.299439227851	480	5.878403424119648	0.0	197520	2121.5965758803513	0.026673198	0.11066982798568897
6737.443174159673	480	7.734668492296977	0.0	201857	1143.7349318226732	0.057222687	0.2376829177807001
6739.182098977603	480	7.963283014731998	0.0	242855	1271.385477564977	0.16200346	0.23626852315642868
6744.940659870504	480	6.204722121831846	0.0	245442	5758.560892900152	0.1629116	-0.12888397186107553
6747.1482953372015	480	7.997086655134426	0.0	214422	207.63546669742144	0.13316806	0.3104961848650516
6747.774729805361	480	7.780737271035883	0.0	229061	216.34938409854422	0.111056775	0.30292971165382443
6749.354810330233	480	7.905739550630038	0.0	238596	374.99772040584503	0.099314295	0.29604729679025754
6750.234263647448	480	7.77855429425602	0.0	241979	627.1852563740179	0.05641851	0.27461203765080644
6754.176913494179	480	7.835904447524328	0.0	216888	2942.6498467316933	0.06249279	0.1172571924340308
6754.63997918436	480	7.569830556224289	0.0	211152	266.0738913000374	0.056596182	0.29271879647141297
6757.780661456245	480	7.8079853197220705	0.0	212335	261.84523650221865	0.022895228	0.30067910453594554
6761.74217450198	480	7.846472273987507	0.0	219400	3461.5130457345645	0.012285464	0.08192263515017711
6762.720342588119	480	7.929063271474475	0.0	237479	417.40900251303134	0.011820247	0.2938823924485678
6765.834761509579	480	7.862233352558015	0.0	248519	566.829918916461	0.0121484045	0.2814566306777274
6769.985871307036	480	7.711123555101102	0.0	235005	3651.109797456914	0.020506538	0.06452796204460498
6770.5999377823155	480	7.86093971746326	0.0	233221	350.18383763784203	0.017934864	0.29631065764981485
6773.460683338187	480	7.522508258348127	0.0	204878	338.4314591151336	0.023281379	0.2862198170660394
6774.597049962995	480	7.925481994322381	0.0	212247	1097.0262640257465	0.026591701	0.2470393922099717
6774.73400589341	480	7.836674209506567	0.0	227339	88.80778481581235	0.017784746	0.31350034339947375
6775.87796142026	480	7.748770518879766	0.0	231659	87.90369062680118	0.028210688	0.3107316446536487
6777.284394717554	480	7.533579788345102	0.0	218622	215.19073053466389	0.016058713	0.2950498880018738
6779.259226020397	480	7.851785420303189	0.0	221502	181.79436804191226	0.00891903	0.30759361418816283
6780.157385021608	480	7.759224387098475	0.0	222747	92.56103320471377	0.009165905	0.3107480826347109
6781.343048241751	480	7.779191761030688	0.0	226831	480.0326260677873	0.009027546	0.2847501721553844
6784.445016952384	480	7.791022702750961	0.0	211378	488.1690582797282	0.007468284	0.28457174977400734
6786.812860953612	480	7.609500528313013	0.0	223712	1681.5221744379476	0.007473171	0.19667597069125814
6787.265377455725	480	7.926903190650128	0.0	228281	182.59733766288485	0.007468284	0.30995750659978777
6789.8543584360605	480	7.977372282707027	0.0	226825	449.53090794310214	0.007468284	0.2932295721879724
6792.219897269932	480	7.824327901967601	0.0	219909	1153.044380739426	0.007468284	0.2399302405219529
6793.911699135701	480	7.794674195649004	0.0	212705	1529.6537063185974	0.0075044	0.21308117160666784
6796.296981167553	480	7.625607259448621	0.0	213728	1169.0669362003828	0.008598317	0.23242897363760398
6797.424069691411	480	7.8651705453457685	0.0	239638	260.4367141028537	0.013967508	0.3026175482567787
6797.674688808073	480	7.633186891892561	0.0	220818	231.98365345320803	0.014851045	0.29710303473497507
6801.717424742823	480	7.590450957143687	0.0	214028	2542.7359347488737	0.015638001	0.13684900453547952
6802.851727515287	480	7.96448526989042	0.0	242748	625.9656872532665	0.021234982	0.2806836326017275
6803.739071088248	480	7.947982026014695	0.0	203713	516.5032438757252	0.030590607	0.28767834453233143
6806.740157096658	480	7.59285918635258	0.0	211229	1355.1228396621152	0.045707192	0.21858191753961914
6807.535009347615	480	7.978414645247751	0.0	230379	614.4445411048282	0.023110414	0.2819243620969234
6807.880951144702	480	7.855647601630775	0.0	195876	122.76704361697628	0.022298973	0.3117764666934213
6809.284277737196	480	7.725571682118042	0.0	213914	130.07591951273398	0.022124663	0.3070849588493725
6810.5819721943035	480	7.923349790055492	0.0	224358	302.2218920625488	0.014045799	0.30161818352495295
6812.708988846055	480	7.817577746702207	0.0	221918	105.77204335328463	0.01327056	0.31171896656237097
6813.839546745569	480	7.7229211011439585	0.0	229454	94.65664555824989	0.017931659	0.30943488183023105
6817.0816794190105	480	7.5798053914013614	0.0	217692	143.1157097425954	0.00917468	0.30149412255851177
6818.989858010029	480	7.8802245777419415	0.0	234308	1199.5808136594198	0.007468284	0.2385306910642395
6820.4748323727745	480	7.946036285047998	0.0	250325	934.1882926939425	0.0074722175	0.25889738948425745
6822.738386641551	480	7.795152185686335	0.0	212113	650.8840993616636	0.007468284	0.2735171237479303
6823.6579506476755	480	7.5972052673308355	0.0	226032	197.94691835549958	0.007468284	0.2982845033254261
6824.084661629117	480	7.954658320494647	0.0	223284	142.54694683618766	0.007468284	0.31360503499049597
6834.035272738867	480	4.0	1.9959527892558053	222947	9950.611109750453	0.007468284	-0.48811310774588423
6834.191485999895	480	7.843786738972204	0.0	204836	156.21326102779594	0.007468284	0.30909487471708047
6835.32125923274	480	7.688894325240042	0.0	201286	154.892413732161	0.008409493	0.3041975176797167
6837.544906556484	480	7.524511072923968	0.0	242320	164.38325231607428	0.010612395	0.2982511498436066
6840.979509792572	480	7.546841490594245	0.0	235066	1477.669582329722	0.007939132	0.20867415187753613
6842.6859832742875	480	7.882071576615104	0.0	227489	1164.7699139791393	0.007900486	0.24098362532586848
6843.354765300223	480	7.7785323475157275	0.0	229476	103.53922909937646	0.008481273	0.3106150631174562
6845.2334532906625	480	7.581809750714201	0.0	222563	196.72259680152615	0.0074945074	0.29787288362521064
6845.637874382183	480	7.930581901772806	0.0	214638	151.2278489413951	0.007468284	0.31223281236694295
6846.198160191835	480	7.737035618236667	0.0	242031	193.5462835361384	0.007468284	0.3030901853825478
6848.700734170188	480	7.629118392117807	0.0	222528	1107.9172261188596	0.007480442	0.23674644737990921
6849.611625936866	480	7.566500884894536	0.0	43041	562.6175072232711	0.0091622695	0.27222245641011417
6851.813117397056	480	7.56539228452566	0.0	200693	2001.1086003688763	0.007537416	0.17328206462515924
6855.518652416671	480	7.859857264910757	0.0	247038	3205.535019614903	0.010253204	0.09995367591580784
6857.053460783602	480	7.919912021162447	0.0	223932	939.9452437483094	0.0074910503	0.25766025658576586
6860.87506243142	480	7.502042758845655	0.0	248095	917.8692623167912	0.007468284	0.24572100007440256
6864.779849888733	480	7.5972553015324795	0.0	239665	3404.787457313176	0.012144953	0.07779703977357441
6865.2721396033385	480	7.834370365631683	0.0	218088	262.8849359007956	0.03168002	0.30145732615065945
6868.821782073044	480	7.884251520130834	0.0	200675	2450.1188455008487	0.06275046	0.15267855900504324
6869.522392524965	200	7.543708106272934	0.0	96191	340.5434138578998	0.097800605	0.10034159173241664
6873.28346446452	480	7.7826361667175785	0.0	248203	1761.0719395553551	0.076128	0.049585792921823496
6874.7795224346055	480	7.51517667048403	0.0	213548	267.4594962335475	0.0863768	0.2908634480200731
6875.285688953896	480	7.586392647764045	0.0	237947	428.7840227199854	0.059336297	0.2820648891644173
6875.938821078622	480	7.508517833687111	0.0	228036	577.8748140769346	0.029553818	0.26930613435620276
6881.111319727922	480	6.336019184387302	0.0	230412	5172.498649299809	0.03268185	-0.0843604534346416
6883.027727835481	480	7.66569311058216	0.0	203349	1170.3260738051413	0.036534224	0.23363332989023053
6885.410181116328	480	7.7835074870326135	0.0	228113	1882.185623549546	0.04435767	0.1884829229676044
6889.680104364121	480	7.513584239241147	0.0	247520	2769.9232477914657	0.037227523	0.11875312116461789
6893.630264213047	480	7.5634243903141885	0.0	243403	2950.159848926958	0.029411104	0.10796585682257556
6897.224545170107	480	7.651959288790782	0.0	207041	3411.4651015234062	0.04395526	0.07909960608142735
6900.464840818612	480	7.70521939230773	0.0	223614	2446.7398964830522	0.05407151	0.1471453104021741
6901.169250307726	480	7.7062925237614	0.0	218871	498.9268685463309	0.09753264	0.28110342690580237
6903.798948093501	480	7.678684941157498	0.0	212646	527.6075826039009	0.11391516	0.27824238203233476
6906.108526915929	480	7.749940631527239	0.0	216940	1428.7443096302602	0.1342403	0.21857867900231526
6907.211743844456	480	7.84874942366297	0.0	237693	401.1912078642688	0.11816115	0.2924110244942745
6910.322663169874	480	7.6043026212851705	0.0	246034	244.4468023777994	0.105040394	0.29531592787103944
6911.277129079087	480	7.770305928199665	0.0	237220	333.9966930855067	0.07441575	0.2945048377456451
6912.363138063476	480	7.747036044068043	0.0	252294	523.269884131621	0.03550968	0.2807418109599056
6915.2537672622375	480	7.789090994816914	0.0	220117	457.9450492511298	0.029359322	0.28658761852358633
6919.053490898598	480	7.9893673584557146	0.0	244455	3799.723636361199	0.030157357	0.06327048524391993
6919.335535352055	480	7.80454902465946	0.0	250014	184.81833379625505	0.020410314	0.3058644925321699
6921.640208457712	480	7.660825531661187	0.0	183814	143.72349299827314	0.015608665	0.3040615157727909
6922.659894313113	480	7.941457410290142	0.0	232527	219.3681213710433	0.009903007	0.3078980055479102
6923.6918533099615	480	7.785636778880531	0.0	223877	155.8206314096119	0.008977839	0.30724920233053
6926.816643390891	480	7.871310921135768	0.0	257468	414.3258577447635	0.009476444	0.2922345134114252
6928.647136801419	480	7.77129632746403	0.0	213433	100.01459367173851	0.011280157	0.31062437283448135
6929.605416142688	480	7.617396065257359	0.0	223358	153.90026220667178	0.007764175	0.3019631957585929
6931.68549078556	480	7.689548283352531	0.0	248172	427.84778190482865	0.0074811573	0.285451297105612
6934.17831688275	480	7.639248665241361	0.0	195678	2050.2996181111703	0.007468284	0.1722783733029445
6935.940969795225	480	7.854185448540389	0.0	239792	785.0632167009704	0.007468284	0.26619263727668846
6937.285184264848	480	7.630873061615865	0.0	235810	223.31238692452425	0.007483422	0.29762472025570197
6938.406766490234	480	7.840532990272226	0.0	210064	290.34007134363856	0.007468284	0.2997680866080699
6940.794597158666	480	7.522238733077411	0.0	226621	318.29425719481424	0.007468284	0.2875956878525099
6943.1335805901	480	7.597515222978913	0.0	216551	424.7235100984977	0.00751036	0.2827022658821074
6946.27109059744	480	7.945890179976544	0.0	207310	651.6250430023676	0.009057978	0.27832056315963366
6947.306239126682	480	7.881258397523796	0.0	238142	564.6317824527487	0.014079797	0.2822204501642398
6948.117350627191	480	7.920961020665191	0.0	253530	460.2973768586054	0.014818589	0.29067263963088813
6950.6401199166285	480	7.794983437771039	0.0	221047	125.97758289415185	0.014813271	0.3096020876295255
6952.732015563093	480	7.642431467809932	0.0	254969	1652.5519699611068	0.009669521	0.1997283537219966
6953.086409624119	480	7.879406275547881	0.0	226536	263.0251922620521	0.00996549	0.3028980243037566
6956.4817067422755	480	7.687442150852267	0.0	145123	191.96412469561443	0.014239913	0.30160185436996845
6957.577874984425	480	7.951024526507743	0.0	212159	236.41762434452446	0.0150905065	0.30703385283727713
6958.056000764429	480	7.601836945408271	0.0	212638	349.1875810994715	0.010582343	0.2880349807844847
6962.509728110267	480	7.148109599570154	0.0	249687	4453.727345838117	0.008413703	-0.008788062564466126
6966.262246720509	480	7.395590989327644	0.0	219272	3752.5186102425105	0.010194425	0.04739406516797595
6969.688477493111	480	7.969360216725865	0.0	246895	426.2307726017793	0.009396346	0.2945735715101289
6970.848612785306	480	7.610000034421646	0.0	199210	359.3601823042202	0.009336385	0.28759843990706935
6972.693221012605	480	7.798083475717282	0.0	204484	1311.9165587043635	0.011791089	0.2281616689999254
6975.658998449942	480	7.7715405913477955	0.0	213546	1526.5428843694865	0.013023261	0.21255006159917111
6976.278720862678	480	7.836296661465188	0.0	56347	435.2439298826073	0.04766235	0.2896686701723247
6980.214252596657	480	7.900764927485272	0.0	227941	935.5317339799166	0.04809685	0.2573470960424571
6981.318688669003	200	7.778551999728617	0.0	105469	122.212927756654	0.046705224	0.17197330362865368
6982.773571510538	480	7.997222151255333	0.0	221908	781.329848473284	0.04120387	0.15329273566207027
6986.856799792678	480	7.913993869115806	0.0	247506	1583.228282139528	0.044211447	0.21324019007014688
6987.5976641137295	480	7.756952346190526	0.0	211179	157.0415229252788	0.046117082	0.3062415021312556
6991.412098134011	480	7.601646735112376	0.0	245124	155.30561107814958	0.05746293	0.30135937655888917
6993.727251306546	480	7.963634353448044	0.0	223330	2138.012381664331	0.029072953	0.17669416077479136
6995.443356403594	480	7.63415220036064	0.0	250399	329.48215308740384	0.015282972	0.29043052857847484
6996.1869341900365	480	7.6656747791201125	0.0	232596	468.47742124052695	0.020838741	0.28188894630195327
6997.298365542668	480	7.957509285405215	0.0	219787	208.16549371489802	0.018482616	0.3091851882558967
6999.502853368644	480	7.766898301875503	0.0	220018	2190.610983529713	0.008176433	0.16674198840740007
7000.613685950597	480	7.678420432122013	0.0	235757	88.47786975349055	0.009683484	0.3084266042255844
7004.459823554122	480	7.832282828596566	0.0	240667	2846.137603525447	0.009518419	0.12377634355676628
7006.429851748122	480	7.687514889459859	0.0	229291	1144.7679391367074	0.008005765	0.23609335245086177
7009.428653264622	480	7.5417442586423	0.0	234510	2145.770630817558	0.010277091	0.1625741387720847
7013.194831413732	480	7.775566109532132	0.0	227348	1266.178149110168	0.016137285	0.23058130078665073
7013.967445015919	480	7.6033638258360625	0.0	244415	172.2022836960699	0.013367865	0.3002529287107323
7014.248537477415	480	7.973023254333785	0.0	234162	130.3405715022795	0.0077147945	0.3150357212399504
7014.5711749861775	480	7.847080444949872	0.0	228125	125.94280938391321	0.009990085	0.3112822164964859
7017.502622604244	480	7.939703985605391	0.0	217882	1907.376459344481	0.010166061	0.1917810753468936
7018.242045893492	480	7.542027920341894	0.0	234983	397.67606526349584	0.011432343	0.28277501672890604
7020.229243291135	480	7.9293028335131455	0.0	244980	112.725086828747	0.030402439	0.3148389115762971
7021.424331611426	480	7.728994828774612	0.0	71090	200.30800473853446	0.014445251	0.30236633093069754
7022.899611342474	480	7.948745121027361	0.0	227682	780.2497077472499	0.008268859	0.26956880473804895
7025.781306992255	480	7.555912307786599	0.0	213055	892.8328132407623	0.007468284	0.24917722375082918
7027.388376695134	480	7.942308874614553	0.0	209372	1113.603433172046	0.007507976	0.2464415094907192
7031.815522393169	480	7.515163176579516	0.0	235248	3927.145698035038	0.007911573	0.03923814621009353
7035.69285471922	480	7.637830850528273	0.0	209799	2377.332326051243	0.007566915	0.14974729918949461
7036.842616977365	480	7.983921868348308	0.0	207402	153.9089821799643	0.017771	0.31376623514006585
7037.065561023494	480	7.8303764832665115	0.0	219136	153.54538508179843	0.015524352	0.3088464414083114
7043.135298741811	480	5.760638764949536	0.0	214253	6069.737718316976	0.016682755	-0.16458051296290477
7045.064065495262	480	7.831872011498446	0.0	214784	1928.766753451089	0.02503556	0.18683773406735835
7049.342833866716	480	7.553103640044408	0.0	210480	1778.7683714540383	0.06529219	0.18817351306610766
7050.832623777072	480	7.776544437002138	0.0	214306	1276.5592030422702	0.06649519	0.229899048679562
7052.73001787102	480	7.559962743684322	0.0	214796	1716.5816933178169	0.023388866	0.19267010287791345
7056.22557027927	480	7.857592739874279	0.0	216449	1702.3700038100428	0.020970868	0.20323215026967467
7066.059897511176	480	4.0	1.9767344920308534	219264	9834.327231905132	0.026357662	-0.48011790987568814
7067.71076099779	480	6.349136513385566	0.0	215430	1650.8634866144337	0.026317488	0.1581950280470365
7069.505241491799	480	7.644082827857605	0.0	213493	1205.0536855279627	0.061846353	0.2305496631075449
7071.73951209358	480	7.781660931208033	0.0	221210	862.4218966495706	0.15398124	0.25853818695121894
7076.571381491227	480	6.9497915335604485	0.0	207841	4831.869397647584	0.14794764	-0.041174201739734184
7077.026622810756	480	7.74402992518523	0.0	211274	205.7616083752181	0.13953896	0.3024755556961948
7078.353474176958	480	7.915344097660476	0.0	225886	328.68582752475385	0.10328197	0.2995408166840257
7078.957154942552	480	7.572586484202369	0.0	212520	342.7576134581057	0.09727089	0.28753509352894263
7079.601168571517	480	7.582041245789443	0.0	211536	490.54523841292564	0.0528711	0.2776783106997961
7083.663017513954	480	7.5201923033524	0.0	211613	2061.8489424370437	0.061660353	0.16765018488143543
7084.718082682422	480	7.727318385615403	0.0	241564	292.8739177369963	0.04909028	0.29594789373188723
7085.4213266717825	480	7.966792016300475	0.0	210795	260.5263693149277	0.023734635	0.3058840134221884
7089.8262047086	480	7.561913979482821	0.0	217033	2904.8780368176544	0.014526509	0.11103060525271685
7090.717345773183	480	7.691641275620921	0.0	204303	370.2727038618987	0.013232613	0.2894773239968437
7091.5106636508535	480	7.7654165171467175	0.0	221071	426.224758474203	0.01405682	0.28800615876340074
7095.392241510583	480	7.883838657418426	0.0	206426	2881.577859728292	0.02344318	0.1229999281248495
7096.001004046301	480	7.561292879022789	0.0	209364	322.5457783956383	0.016990937	0.2885610750495207
7096.792332434927	480	7.518737063371753	0.0	229711	542.5558156510357	0.019789468	0.2720636236630647
7098.703680866827	480	7.647449133908761	0.0	231904	871.2879294629912	0.02636368	0.253606423164415
7099.840381081327	480	7.559129277877586	0.0	214745	88.31985603117646	0.01757744	0.3045958026043648
7101.482831543729	480	7.972094225910878	0.0	206199	87.03505196670872	0.025917746	0.31798331088286225
7103.382380337998	480	7.760027533993834	0.0	213570	212.06669191704478	0.016695667	0.30255723308915194
7104.346073334316	480	7.581922087010298	0.0	213475	178.10544698353613	0.009442389	0.29915653943779097
7105.725403066602	480	7.995050995535524	0.0	226202	86.87109147477318	0.009964732	0.31873388656486346
7106.8346218066135	480	7.546670945935084	0.0	208883	448.3800496004409	0.009603839	0.2794383452759024
7108.26951384353	480	7.619644272682286	0.0	216770	927.0266732527991	0.007468284	0.24887862703956362
7110.589045447883	480	7.909311152336511	0.0	213882	1210.333120345774	0.0074986513	0.23872811436410377
7110.956562718528	480	7.730651759016793	0.0	219519	178.65939331971921	0.007468284	0.3039081597689528
7111.491043998527	480	7.767840057679876	0.0	234977	462.8117013369175	0.007468284	0.28556864006776367
7112.567284537589	480	7.725554577479952	0.0	222991	1042.2854801999238	0.007468284	0.24436465638182486
7114.730014043715	480	7.871167353848259	0.0	214275	1354.3872236316934	0.0075173923	0.22759516354434625
7117.26398526677	480	7.950852883567559	0.0	206212	920.3144702807002	0.009275231	0.26000641034748573
7118.264651280897	480	7.702348252892158	0.0	223791	248.50463067540096	0.015649118	0.2981944011488257
7118.895140240542	480	7.973184464795024	0.0	216721	229.1637880971329	0.016294194	0.3082462377670483
7123.049424260504	480	7.818900444832925	0.0	211466	2154.284019962099	0.017681802	0.17091436294635431
7124.0215601595	480	7.751137091089058	0.0	216870	567.7633537438658	0.019942066	0.27781469483955673
7125.192432209596	480	7.8108873386676185	0.0	222595	940.2497524214392	0.027189406	0.25412827647185243
7128.72339749603	480	7.870715844287701	0.0	216627	1440.1714943799175	0.043494657	0.22168245188348096
7130.414266103221	480	7.780678436719194	0.0	219858	590.037407568508	0.024904152	0.27723457602010415
7131.688415116032	480	7.65401953012527	0.0	213701	126.65890659392394	0.022199541	0.3050156248110273
7134.017884396687	480	7.523029942905614	0.0	217817	130.9895872196545	0.022073552	0.30049946148059176
7135.220560502114	480	7.7309317369107395	0.0	214137	292.0982059948743	0.015114817	0.29611759323764514
7138.2550052099305	480	7.628998332718231	0.0	224284	101.93340419250796	0.015232256	0.3059098624532932
7140.293899548678	480	7.535806815155873	0.0	206517	93.19151756235712	0.020059194	0.3035097680726997
7144.043471764457	480	7.7862345993782744	0.0	209520	249.5722157775983	0.009797182	0.3008224839258296
7145.571542864431	480	7.784336567872815	0.0	222787	1001.8980315054587	0.007475674	0.24903455204539168
7147.026400844066	480	7.523994112288911	0.0	211473	760.3424555839057	0.007626383	0.2572588148339019
7150.145328054243	480	7.767788269227527	0.0	214339	756.2058430613844	0.007468284	0.2653944061248541
7150.802171310849	480	7.576227324481228	0.0	213794	191.56094474629998	0.007468284	0.2980480003507933
7161.058795505401	480	4.0	2.6803968700699534	222751	10256.624194551181	0.007468284	-0.5091533001542026
7163.710714821531	480	5.348080683870329	0.0	215498	2651.919316129672	0.007468284	0.05712845835999569
7165.373318006912	480	7.685477498488945	0.0	222010	162.603185381383	0.0074732904	0.3035573210740755
7166.078112636059	480	7.525794687874728	0.0	214161	159.68281061421726	0.01314844	0.2986156704317753
7166.352848615665	480	7.870982607337815	0.0	211793	154.81208053691276	0.017019177	0.31006703294370724
7168.104187224811	480	7.515275252299325	0.0	213677	1355.7073550384903	0.012274621	0.21604320678723704
7169.261456491414	480	7.844456246052103	0.0	213247	170.81900624722175	0.015723243	0.30811220504573206
7169.84824674614	480	7.5042862488666255	0.0	202209	340.1699971854771	0.016952608	0.28551345870838934
7170.844049001375	480	7.589695250019331	0.0	244722	914.5909988472945	0.008488722	0.24876917075633276
7171.643242631846	480	7.940704062977828	0.0	210192	148.99118704150462	0.009499282	0.3127125712148696
7173.016902552562	480	7.538975324334953	0.0	147396	401.72873864287465	0.008069683	0.28239806553948027
7176.10549282687	480	7.940645778216811	0.0	198532	598.329546118143	0.0075666206	0.2818160494961414
7179.077585843145	480	7.88522963417591	0.0	222690	2555.416144040901	0.007550229	0.14547025212548
7181.3343983413915	480	7.895661821165891	0.0	226703	1989.5678130100189	0.010483574	0.18471159934421794
7185.563409704429	480	7.6666504581278625	0.0	209551	2229.011363038029	0.014891909	0.16087334430258893
7186.695851915937	480	7.713557376511239	0.0	219738	953.093081616625	0.009076803	0.2501107970991437
7192.759402907886	480	5.650006384561403	0.0	223229	6063.550991949836	0.018965796	-0.1677179571248663
7194.526981394034	480	7.8824278984137495	0.0	223685	267.5784861476535	0.019114133	0.3026822673616509
7196.643254213691	480	7.618530792574066	0.0	219295	263.89710583968383	0.029148199	0.29443681121255866
7200.717867272623	480	7.543917733641629	0.0	225274	1574.6130589324362	0.049564753	0.20191456289803017
7201.851702044255	480	7.8604947342002776	0.0	222780	683.4229994413503	0.0459391	0.2733841826471279
7203.254274437409	480	7.594414423718381	0.0	218989	766.0803104818974	0.06291908	0.2591321274660431
7204.036963809713	480	7.73131577890275	0.0	224568	363.0986448156319	0.051980406	0.29124826483318894
7205.054691895114	480	7.642247099945829	0.0	233163	589.0686789569204	0.024000581	0.27284312316747594
7206.65269765757	480	7.517573921940704	0.0	222834	124.6731780051247	0.018757625	0.30075804529593875
7210.757364067906	480	7.4129075116047884	0.0	234191	4104.666410335915	0.016596587	0.023739504061618344
7214.3262515187025	480	7.5814632836004385	0.0	224710	1331.44422800435	0.011679821	0.21984296585906804
7216.989998317816	480	7.549311495437858	0.0	223548	1532.1517881625798	0.0197483	0.20500772535231812
7220.521087284627	480	7.700064517504641	0.0	247506	2849.2469779332177	0.025988648	0.11930458221976598
7224.50277704522	480	7.718374756912203	0.0	218110	3981.689760592438	0.020374916	0.04203217135505244
7228.331186233288	480	7.889965568844299	0.0	231866	3828.4091880679043	0.014794174	0.05809703889067286
7232.379771175556	480	7.623643566481093	0.0	226320	1766.3220023632073	0.021384139	0.19130094972815256
7233.606531204825	480	7.582895021797961	0.0	240721	540.7485446831299	0.026216637	0.2742540343696842
7237.6473628216645	480	7.542063404958129	0.0	218404	3540.8316168398333	0.032682516	0.06666580061203833
7239.608147608133	480	7.559592562435937	0.0	229265	482.4708425221905	0.08181997	0.2775105327533296
7240.136741078646	480	7.744452799152128	0.0	233435	315.1397632838076	0.06952016	0.29496878501786883
7241.370036448541	480	7.944531967818792	0.0	220494	299.9208313333375	0.062428795	0.3024585482093247

