73175.90651541375	375	4.0	1.1477233496462422	164106	1147.7233496462422	0.0074682836	0.22011138596560834
73176.70886523955	375	7.197650174199039	0.0	171657	802.3498258009615	1.1515498	0.4944725014150642
73179.74092817286	375	7.721655295260753	0.0	178919	975.9948789382861	1.2516263	0.5164083801809602
73181.67010333155	375	7.930101743105333	0.0	166609	291.55355215541874	1.2247629	0.6004859964475906
73185.64716946808	1750	7.953035606575826	0.0	764417	1477.0661365295077	1.3449826	-0.7633007592339704
73188.40487993613	3000	7.551524244078191	0.0	1383420	901.511362497634	1.1593817	-1.327703219473877
73191.92847920897	3000	7.927824160439028	0.0	1368708	1123.700083639163	0.034898266	0.7612865711108712
73197.61474857393	3000	6.241554795483698	0.0	1362929	5686.269364955329	0.023578126	0.17855944060760476
73200.18043110638	3000	7.6758722630378875	0.0	1420497	2565.6825324458105	0.01948708	0.5981919339251209
73204.07560727277	3000	7.780696096644266	0.0	1423381	2895.176166393622	0.027182495	0.5731043580508182
73206.40434490088	3000	7.946340909098256	0.0	1373809	1334.3551875460093	0.023681326	0.7416098168696287
73209.86856491936	3000	7.921422120126188	0.0	1112193	2524.9187889720683	0.012411034	0.6206845475541176
73213.86741334463	3000	7.922573694862142	0.0	1328854	2498.8484252640474	0.011031367	0.6233779520301163
73216.41558997172	3000	7.770060208716033	0.0	1381679	652.5134861461088	0.014164753	0.796572934480952
73226.19700039875	3000	4.0	2.0113502183152887	1285439	9781.410427031322	0.011840635	-0.39907127526127173
73227.68105021415	3000	6.51595018461731	0.0	1402207	1484.04981538269	0.009484237	0.6193610497498897
73230.04305458606	3000	7.545509690333696	0.0	1454643	1470.4404942836136	0.011492125	0.6979389447885262
73236.22928274506	3000	5.359281531317783	0.0	1466920	6186.228159015914	0.013337334	0.0623930663891028
73237.79928856251	3000	7.789275713878571	0.0	1445444	1570.005817439212	0.01116431	0.7062648642388322
73239.10766457506	3000	7.838986634649449	0.0	1544415	950.2890792291221	0.009951269	0.7719648571176568
73241.92692360358	3000	7.8184005870474	0.0	1230619	1520.5860476020487	0.009381903	0.7133912067102106
73242.68548310954	3000	7.548457324523355	0.0	1344752	269.9432625240453	0.011269243	0.8182097405287075
73243.09726884172	3000	7.796872580145137	0.0	1424444	251.584744378218	0.0074682836	0.8386767365149238
73245.94466533612	3000	7.663274826857041	0.0	1320762	1633.5977532880954	0.0074682836	0.690455604127329
73246.33223057065	3000	7.536391580138476	0.0	1528509	126.88324671856589	0.0074682836	0.8316108112803895
73249.07354365326	3000	7.5060760327542155	0.0	1325340	2530.3155473842603	0.0074682836	0.5889939151600005
73252.71687292174	3000	7.862746764270533	0.0	1564943	1143.3292684836833	0.0074682836	0.7544428479137819
73254.09997814421	3000	7.518357554876707	0.0	1275856	344.3892093938236	0.0074682836	0.8085076631182312
73264.16642664843	3000	4.0	2.5480909493279067	1212680	10066.448504204614	0.0074682836	-0.42757508297860103
73265.2293710831	3000	6.937055565327402	0.0	1341570	1062.9444346725986	0.0074682836	0.6930544913741556
73266.9308689356	3000	7.992861115058302	0.0	1236403	944.1944502690991	0.0074682836	0.7841149060443232
73268.64728131547	3000	7.973306626233818	0.0	1289105	1019.5544888244835	0.0074682836	0.7751123155269484
73281.21684316381	3000	4.0	4.596255222109934	1405471	12569.561848343752	0.0074682836	-0.6778864173925149
73281.80572109546	3000	7.411122068359694	0.0	1440996	588.8779316403061	0.0074682836	0.7760161294048069
73283.32430973	3000	7.871976586606161	0.0	1300168	539.1454817535325	0.0074682836	0.8155534632619693
73285.14724053773	3000	7.660232759124301	0.0	1437767	711.7438274818588	0.008193525	0.7824128416279972
73285.41622306292	3000	7.541334986670181	0.0	1308691	118.89777245411983	0.0074682836	0.832780114196712
73288.21384533776	3000	7.927566225611072	0.0	1197775	113.7687610591089	0.0074682836	0.8622603582567799
73293.8455992098	3000	6.295812353556556	0.0	1293979	5631.753872054515	0.0074682836	0.18808030675315057
73296.2273834727	3000	7.627723915024361	0.0	1079502	1668.0884385321963	0.0074682836	0.684340217215468
73299.43968731306	3000	7.588419907024688	0.0	1285314	1539.304007999672	0.0074682836	0.6942708596687449
73304.34780208615	3000	6.680305133938126	0.0	1424204	4908.114773086562	0.008278486	0.2892811751785636
73305.82734492572	3000	7.886091016879924	0.0	1394874	1294.2141170582026	0.0074682836	0.7411051820020345
73308.34829834785	3000	7.678278667077851	0.0	1379930	1207.8123498020718	0.0074682836	0.7341594324924922
73311.04958533881	3000	7.676705707753066	0.0	1472916	2501.572959324785	0.0074682836	0.604665399590862
73315.82693599252	3000	6.899355054049171	0.0	1170132	4777.350653703895	0.0074682836	0.31878633112515875
73320.6605736245	3000	6.065717422082221	0.0	1439880	4833.637631966951	0.0074682836	0.250634810901332
73325.03996366833	3000	5.686327378248982	0.0	1230048	4379.390043833239	0.014781095	0.2676053164272102
73330.75873334719	3000	4.0	0.03244230060947757	1372727	5718.769678858459	0.013529381	0.007192799556014484
73331.28141566123	3000	7.477317685961131	0.0	1536210	522.6823140388699	0.009306384	0.7876003624850582
73331.83184093818	3000	7.583377224500527	0.0	1089446	393.94046146060157	0.009601105	0.8084290131333399
73333.29744980184	3000	7.888815200420322	0.0	1258527	694.5620240802064	0.0082480125	0.801274705065364
73343.48125594766	3000	4.0	2.2949909453866293	1175949	10183.806145806951	0.007922386	-0.4393108471388346
73359.38913713137	3000	4.0	11.90788118371512	1325592	15907.881183715119	0.008657322	-1.0117183509296517
73359.51594407628	3000	7.873193055078533	0.0	1299792	126.80694492146654	0.013722668	0.8568785520806037
73360.33567680942	3000	7.741597245510653	0.0	1432775	131.59580956788028	0.0074682836	0.8465299798983713
73362.12858654601	3000	7.899210839015624	0.0	1569666	342.38640649502753	0.0074682836	0.8372719397185295
73364.11458916387	3000	7.591471195121309	0.0	1350199	1307.7396438943165	0.0074682836	0.7176561426865269
73367.64375958817	3000	7.876017469955299	0.0	1313429	1215.4537251660104	0.0074682836	0.7482257051719069
73368.70887051892	3000	7.710320354144553	0.0	1238991	665.6971158107461	0.007989479	0.7907740824216274
73369.21248566054	3000	7.868219690813141	0.0	1438759	342.100663331413	0.0074682836	0.8349761779197047
73370.85155260617	3000	7.589443457138754	0.0	1259522	278.77623367438633	0.0074682836	0.8204004033598283
73380.53026524215	3000	4.0	2.0892691788507727	1306445	9678.712635989526	0.0074682836	-0.38880149615709225
73390.08515503106	3000	4.0	5.5548897888968565	1471908	9554.889788896857	0.0074682836	-0.3764192114478252
73392.59163863136	3000	5.493516399694889	0.0	1232684	2506.4836003051105	0.0074682836	0.44043513738846607
73394.8013972679	3000	7.283757763146558	0.0	1440839	2209.758636548331	0.0074682836	0.6043757360230191
73404.00681172448	3000	4.0	1.921656693428814	1487895	9205.414456575372	0.0074682836	-0.3414716782156768
73407.59963852855	3000	4.40717319592916	0.0	1157120	3592.82680407084	0.0074682836	0.25032507672946347
73409.69699377705	3000	6.309817947435846	0.0	1458289	2097.3552484933143	0.0074682836	0.5425705886502175
73410.72724433693	3000	7.505058608909559	0.0	1262490	804.7593385262871	0.0074682836	0.7614732292574485
73413.83564310755	3000	7.773604834273312	0.0	1379866	2231.453774636247	0.0074682836	0.6389447525487342
73415.78050725849	3000	7.949645256796064	0.0	1233655	1323.9595774772479	0.012727606	0.7428972039538404
73427.38402744442	3000	4.0	3.6538749291388775	1584221	11603.520185934942	0.013726858	-0.5812822511516337
73430.28295903633	3000	5.101068408101661	0.0	1332640	2898.9315918983393	0.011839245	0.371756738859651
73433.25153731591	3000	6.132490128523555	0.0	1462198	2968.5782795781047	0.013690919	0.44214869912331656
73435.59968052873	3000	7.577885837547743	0.0	1255023	2054.604290975812	0.011808026	0.64195077616036
73442.4562086449	3000	4.721357721383313	0.0	1420815	6856.52811616443	0.010553526	-0.05248121507083403
73443.32391044075	3000	7.853655925529263	0.0	1257496	367.70179585404946	0.0119889565	0.8313237822711501
73444.38517559327	3000	7.955407766211741	0.0	1391009	398.24815931752113	0.008027208	0.835900533975989
73447.80160960698	3000	7.538699255953045	0.0	1474415	416.7085102586976	0.007674652	0.802801360612469
73449.80095072744	3000	7.7488914474522534	0.0	1254935	1289.8078085007903	0.0074682836	0.7312558451507004
73465.44387443743	3000	4.0	7.894032262551718	1396226	15642.923710003972	0.007945475	-0.9852226035585366
73468.10073517772	3000	5.343139259717052	0.0	1564597	2656.8607402829475	0.008078161	0.4141191378923446
73477.26257591393	3000	4.0	3.818701476495024	1352493	9161.840736212076	0.008392946	-0.3371143061793471
73480.34585579601	3000	4.91672011792851	0.0	1296879	3083.2798820714897	0.0074682836	0.3394957880793497
73483.35945662501	3000	5.90311928892052	0.0	1503627	3013.600829007991	0.0074682836	0.4204436312101004
73486.9173181268	3000	6.345257787133667	0.0	1539330	3557.861501786853	0.0074682836	0.3991779512982002
73491.70168749089	3000	5.560888423048267	0.0	1451338	4784.3693640854	0.0074682836	0.21769946276194052
73496.3957680157	3000	4.866807898225891	0.0	1377803	4694.080524822377	0.008042074	0.17467230732656458
73500.70570002809	3000	4.556875885834064	0.0	1242461	4309.932012391827	0.012474421	0.18984225764023244
73502.0209742945	3000	7.241601619423444	0.0	1168173	1315.2742664106192	0.015725736	0.6906624622575568
73503.84088564277	3000	7.520424384796566	0.0	1295928	1221.1772346268788	0.017977433	0.720983872838915
73507.538221001	3000	7.823089026558877	0.0	1492556	2697.335358237689	0.016649757	0.5960679086100074
73508.86938071504	3000	7.975543905480392	0.0	1338861	347.54512107848467	0.016505826	0.8424810482450413
73511.41331023269	3000	7.655386443141688	0.0	1315797	320.157462338704	0.0107813105	0.8212080044436167
73515.01239227365	3000	7.607231450303089	0.0	1355553	3548.154992838599	0.0074846903	0.4947966269307323
73522.65004798638	3000	4.0	0.030424262421052846	1308409	7637.655712724141	0.007524905	-0.18469580383055373
73526.82645234656	3000	4.0	0.17640436019234584	1408605	4176.404360192346	0.008124286	0.16142933142262583
73528.98039822864	3000	5.84605411792523	0.0	1463362	2153.9458820747695	0.012817584	0.5021292380787757
73531.22953825718	3000	7.596914089395042	0.0	1376798	1749.1400285301875	0.0074682836	0.6739243212934698
73533.53153481272	3000	7.754452327459876	0.0	1311328	1842.4617619351661	0.0074682836	0.6764075158078346
73540.77245954749	3000	4.513527592690352	0.0	1318190	7240.924734769525	0.0074682836	-0.1065081365833156
73541.69248741865	3000	7.593499721522161	0.0	1378890	920.0278711681905	0.00776672	0.7565794594392034
73543.8064621867	3000	7.699756037273561	0.0	1335745	893.7436842486017	0.0076730857	0.7671771018125174
73547.14974540322	3000	7.848229970905871	0.0	1360629	1351.526066367688	0.0128107285	0.7325344086230321
73549.10733342537	3000	7.575314534912297	0.0	1453048	772.9154359935742	0.010836497	0.7699268139609253
73551.58263664215	3000	7.639999219596983	0.0	1423784	435.31531531531533	0.012252606	0.8085381773801027
73558.3644878636	3000	4.858147998153121	0.0	1379703	6781.8512214438615	0.009277043	-0.034754254841041554
73561.91402318023	3000	5.308612681515985	0.0	1365075	3549.535316637136	0.008039942	0.32226218689184577
73564.79376523012	3000	6.42887063163141	0.0	1343371	2879.742049884575	0.008496409	0.4732608598257587
73567.66589853319	3000	7.55673732855094	0.0	1303612	372.13330308046983	0.010291927	0.8086117367751341
73568.77028659052	3000	7.616168196141319	0.0	1399913	440.5691324096219	0.0075119757	0.8062254689114973
73570.85007919646	3000	7.618181355628443	0.0	1391373	1497.9868405128761	0.0074682836	0.700634685062706
73574.18405554483	3000	7.702096064163144	0.0	1382649	1916.0852914652983	0.0074682836	0.6651184431075664
73583.70235949889	3000	4.0	1.8162078899057361	1392142	9518.30395406888	0.009004646	-0.3727606279650276
73586.10958381943	3000	5.592775679454576	0.0	1424721	2407.2243205454242	0.0091050025	0.4578055113464113
73588.15352567547	3000	7.548833823406252	0.0	1324912	2043.9418560483236	0.0075363414	0.640838118592497
73591.30259365977	3000	7.916980425037851	0.0	1443471	3131.8533983684015	0.0074682836	0.5596579594828591
73598.72818555965	3000	4.491388525169943	0.0	1405784	7425.591899867908	0.0074682836	-0.12663528315718464
73601.0519378762	3000	6.167636208619768	0.0	1347214	2323.752316550175	0.0074682836	0.5092672514333255
73603.77503737832	3000	7.444536706495117	0.0	1434388	2723.0995021246513	0.008288612	0.5651000702165292
73616.00920865314	3000	4.0	4.789634568316837	1496199	12234.171274811953	0.01606484	-0.6443473600393349
73618.16342123019	3000	5.845787422949252	0.0	1548116	2154.212577050748	0.0102011	0.5020825664579796
73620.32649927812	3000	7.682709375014911	0.0	1502696	163.07804793434235	0.015692756	0.8389651657745445
73621.30703567536	3000	7.52250127851873	0.0	1450785	160.20809649618076	0.0074682836	0.8272365536811471
73623.97706398813	3000	7.807651272510884	0.0	1480010	214.85000600784608	0.0074682836	0.843158612279392
73625.99460854445	3000	7.986468147728919	0.0	1530857	1821.1831247819644	0.0074682836	0.695936566043333
73626.96560630253	3000	7.809149984465206	0.0	1435867	677.3181632637144	0.0074682836	0.7970241999503794
73630.0668782101	3000	7.615353828081527	0.0	1442022	693.7961563836807	0.008477112	0.7808416889096069
73634.24006916933	3000	7.442162868854755	0.0	1516569	4173.190959226771	0.0074682836	0.41991288668329
73635.82989831307	3000	7.81658165219062	0.0	1526659	625.5812166641352	0.0074682836	0.8027552696897435
73638.54254719577	3000	7.902381174371873	0.0	1457488	914.2004778187481	0.0074682836	0.7803283077378761
73641.50763380306	3000	7.779062073165485	0.0	1592907	1123.3191012063878	0.0074682836	0.7501675128086329
73644.17104023462	3000	7.578242610439433	0.0	1196808	700.8194627260525	0.0074682836	0.7773560169522127
73644.79785625027	3000	7.956128087021705	0.0	1368911	122.1145234177281	0.0074682836	0.8635679216267155
73645.51401140395	3000	7.810401256300742	0.0	1401508	145.7268307209627	0.0074682836	0.8502771785923198
73647.40605571572	3000	7.859593261891636	0.0	1303258	450.80799440910624	0.0074682836	0.8234584626428225
73650.1848822035	3000	7.650798176695898	0.0	1379183	1208.795085195738	0.0074682836	0.7320001221744789
73653.6404116226	3000	7.9180491684234475	0.0	1421281	1232.7490082724519	0.0074682836	0.7496485542463737
73659.75728831654	3000	5.801172474479114	0.0	1411013	6116.876693944334	0.008158099	0.10247003363336071
73661.95753785517	3000	7.600922935864236	0.0	1517615	2200.2495386148776	0.0074682836	0.6291140337701904
73664.15010466972	3000	7.904592850288929	0.0	1483668	1196.330085575306	0.0074682836	0.7522812226559996
73665.02747971538	3000	7.67402369194584	0.0	1469160	730.5691583430893	0.0074682836	0.7815646285034895
73666.46703719461	3000	7.987647895989314	0.0	1414724	686.3757959565274	0.0074682836	0.8095057800454063
73668.90430742047	3000	7.605603624703035	0.0	1403620	1382.0442712862791	0.0074682836	0.7112856121659602
73671.0553614127	3000	7.767689605856431	0.0	1516777	1337.9140188466044	0.008419746	0.7278550859964323
73672.0589339012	3000	7.632473348314697	0.0	1475611	135.216257541733	0.011500165	0.8379836428112895
73675.11084804627	3000	7.50069439125091	0.0	1361850	131.77895706378695	0.0074682836	0.8284439510792999
73679.03527851574	3000	7.57626392178236	0.0	1475282	3924.430469468551	0.0074682836	0.45484651462868225
73680.33189919847	3000	7.7702364091581	0.0	1400920	806.0275126242587	0.0074682836	0.7812347468662921
73682.30388737484	3000	7.739538906027807	0.0	1453291	530.6975031302939	0.0074682836	0.8064654350809165
73691.88376635774	3000	4.0	1.8403400768680822	1360243	9579.878982895889	0.009315988	-0.3789181308477284
73693.83643475975	3000	6.047331597993778	0.0	1474820	1952.668402006222	0.0074682836	0.5373527970907716
73696.04553793918	3000	7.838228418570413	0.0	1419805	2209.103179423365	0.0074682836	0.6460265808923048
73700.18053102451	3000	7.7032353332244385	0.0	1408356	2634.993085345974	0.0074682836	0.5933131088990959
73701.63408068151	3000	7.805427666182919	0.0	1377183	897.8076670415196	0.0074682836	0.7746960757014274
73704.48922349224	3000	7.615727255792351	0.0	1542976	1189.7004103905679	0.0074682836	0.73127927058723
73710.72706639253	3000	5.377884355513298	0.0	1392558	6237.8429002790535	0.008322204	0.058626804077452466
73713.19219573155	3000	6.912755016490011	0.0	1374985	2465.129339023287	0.009720175	0.5510134597762826
73716.2743933702	3000	7.830557377839393	0.0	1469212	3082.1976386506176	0.009726125	0.5581418069147531
73718.54648661998	3000	7.976316892097228	0.0	1395588	1354.2404857421664	0.015515168	0.7418694857749359
73721.56354928085	3000	7.636711943683516	0.0	1469731	2839.604948413711	0.011275048	0.567862668376753
73725.24830336073	3000	7.951957863802603	0.0	1349760	3184.7540798809127	0.01046764	0.5569911992389643
73726.73842759087	3000	7.7905016448958415	0.0	1403261	661.4562189067611	0.013263529	0.7972117689183725
73727.8035783697	3000	7.8822602611116706	0.0	1375674	408.24138378417075	0.011691131	0.8294151486468188
73735.44414149178	3000	4.241697139014246	0.0	1454716	7640.563122097426	0.008497464	-0.16685925934181367
73736.97478646331	3000	6.711052167489119	0.0	1448741	1530.644971525127	0.007880937	0.6293341828510316
73738.82700985928	3000	7.828999213822103	0.0	1463939	1382.0529536670158	0.0106781535	0.7280394131118165
73745.28230755142	3000	5.373701521688052	0.0	1436105	6455.29769213405	0.013841484	0.03656761235505934
73746.79659307182	3000	7.85941600128798	0.0	1473247	1014.2855204000732	0.007960932	0.7670974154984516
73747.7619930695	3000	7.976592829869069	0.0	1424690	882.8231714189113	0.0074682836	0.7890319125401495
73751.28366916196	3000	7.967043196767383	0.0	1425806	1509.549633101685	0.007837149	0.7256430438892456
73751.66151139014	3000	7.744185312359287	0.0	1011399	222.85788440809668	0.008558684	0.8375978774279973
73754.49696721064	3000	7.61394957399282	0.0	1531817	1630.2357383664666	0.0074682836	0.6870924116546754
73756.39789264352	3000	7.726096898617818	0.0	1325715	1887.8526753750032	0.007954621	0.6697417673006965
73757.86192241801	3000	7.710618390129892	0.0	1437520	515.4785084879261	0.008523632	0.8058182958528096
73760.87520222357	3000	7.88825412035848	0.0	1211748	2322.3642697714113	0.008385924	0.6384523994916054
73762.33227775505	3000	7.715174122509925	0.0	1359817	673.0799978485544	0.00830474	0.7903998268452493
73764.02878993921	3000	7.968915797243528	0.0	1379357	246.25832526639724	0.0074682836	0.8521126197084854
73773.75266516229	3000	4.0	1.7549594258362013	1246619	9723.875223079729	0.0074682836	-0.3933177548661124
73774.69999793646	3000	7.052667225833508	0.0	1240893	947.3327741664921	0.0074682836	0.7132865319627244
73776.61834907757	3000	7.9767225833508055	0.0	1424898	1075.9446424827008	0.0074682836	0.7697294969449008
73778.70940433379	3000	7.812398204554687	0.0	1477654	1164.3243787961185	0.0084245	0.74856719490385
73791.07713826992	3000	4.0	4.555335731582207	1481257	12367.733936136894	0.0074682836	-0.6577036261718289
73791.6419805694	3000	7.4351577005080856	0.0	1372934	564.8422994919152	0.0074682836	0.7802223650307752
73793.17540036602	3000	7.8906013587184445	0.0	1315490	544.5563417896415	0.0074682836	0.8164092351667795
73795.10082341917	3000	7.632321559560587	0.0	1540715	758.2797991578561	0.0074682836	0.7756659044931188
73795.4234968761	3000	7.5145564580827955	0.0	1270583	117.76510147779189	0.0074682836	0.830884991650291
73798.289914257	3000	7.893801945367266	0.0	1445559	120.75451271553038	0.0074682836	0.8590294620728522
73804.2138008772	3000	5.969915325162399	0.0	1480172	5923.8866202048675	0.0074682836	0.13442475480855354
73806.563502871	3000	7.620213331375682	0.0	1380075	1849.7019937867167	0.0074682836	0.6656155679163649
73809.91298927131	3000	7.530095872302307	0.0	1324144	1590.1174590733754	0.0074682836	0.684815211957196
73814.73524808438	3000	6.707837059238395	0.0	1402479	4822.2588130639115	0.00821116	0.29993166557834894
73816.13851006175	3000	7.9520199477186395	0.0	1350764	1255.8171115197545	0.0074682836	0.749889552368783
73818.56604053633	3000	7.771977143337612	0.0	1351416	1180.0428043810277	0.0074682836	0.7439637727540787
73821.8009562331	3000	7.987763130054965	0.0	1352709	2284.214013282646	0.0074682836	0.6497306008677182
73827.83950725287	3000	5.949212110276667	0.0	1516204	6038.551019778299	0.0074682836	0.12140557373478067
73832.3037907013	3000	5.484928661847485	0.0	1507611	4464.283448429182	0.0074682836	0.24401107223750362
73840.08971420152	3000	4.0	2.300994838357371	1342733	7785.923500204856	0.013521781	-0.1995225825786252
73841.9299288558	3000	6.159785345721314	0.0	1498235	1840.214654278686	0.011230383	0.5570322029430903
73844.43746779862	3000	7.652246402891494	0.0	1483659	507.5389428298186	0.009922649	0.8022343533757407
73845.3177504018	3000	7.654211725807654	0.0	1450677	498.0346770838399	0.009782374	0.8033321791690505
73853.9579730365	3000	4.0	0.9860109088934914	1363221	8640.222634701146	0.007834054	-0.28495249602825423
73863.38540949587	3000	4.0	5.427436459361015	1286859	9427.436459361015	0.007879214	-0.36367387849424104
73872.90067854144	3000	4.0	5.515269045578218	1259367	9515.269045578218	0.010879992	-0.3724571371159614
73873.02721245016	3000	7.873466091269243	0.0	1292210	126.53390873075713	0.017253865	0.8569263334139781
73873.87173068259	3000	7.74056196228107	0.0	1469106	132.9041289881735	0.0074682836	0.8463215017141232
73875.65506525579	3000	7.914701727399446	0.0	1470802	325.86023488162414	0.0074682836	0.8400863735086564
73877.84809821856	3000	7.506922415173303	0.0	1460217	1407.7793122261437	0.0074682836	0.7013110173572438
73881.52185105052	3000	7.772672824457986	0.0	1335171	1234.2495907153163	0.0074682836	0.7385952702046777
73882.76469977766	3000	7.581000081520118	0.0	1299835	691.6727429378681	0.008505394	0.7784774992620824
73883.35944718555	3000	7.769214369674199	0.0	1272350	311.78571184591954	0.0074682836	0.8305822739828332
73884.63427014704	3000	7.983283736949092	0.0	1304855	285.9306327251063	0.0074682836	0.8492229844405317
73894.50022571528	3000	4.0	1.8826718312945467	1259290	9865.955568243638	0.0074682836	-0.4075257893825034
73904.12813625368	3000	4.0	5.627910538411419	1475829	9627.91053841142	0.0074682836	-0.3837212863992814
73907.19193786709	3000	4.936198386595277	0.0	1527245	3063.8016134047225	0.0074682836	0.34290448509603394
73909.16282827943	3000	6.965307974272081	0.0	1330322	1970.890412323196	0.0074682836	0.6043788242799468
73917.82063578929	3000	4.0	1.6924995355915244	1240575	8657.807509863605	0.0074682836	-0.2867109835445001
73921.73122977366	3000	4.089406015620122	0.0	1268150	3910.593984379878	0.0074682836	0.19471582017538175
73923.6577068903	3000	6.162928898984403	0.0	1130096	1926.4771166357186	0.0074682836	0.5486417232021188
73926.12763000061	3000	7.693005788665829	0.0	1550196	969.9231103185739	0.0074682836	0.7590528905599403
73928.27312015923	3000	7.9288868005331645	0.0	1365767	1764.1189881326634	0.0074682836	0.6973243786685814
73930.03148413276	3000	7.700390399006159	0.0	1146989	1228.4964015270043	0.012422028	0.733749407214622
73939.72336150456	3000	4.0	1.991486972780498	1241655	9691.877371786657	0.0127872825	-0.39011796973680524
73943.82260531267	3000	4.0	0.09924380812348409	1290529	4099.243808123484	0.012113133	0.16914538662951206
73946.61896361159	3000	5.203641701089802	0.0	1442209	2796.3582989101983	0.013907172	0.3897070651325757
73949.29191668442	3000	6.530688628258118	0.0	1453223	2672.9530728316836	0.011731888	0.5015761072780509
73955.24254619904	3000	4.58005911364534	0.0	1325252	5950.629514612779	0.010311267	0.027511249503983093
73957.29704487238	3000	6.525560440313369	0.0	1525000	2054.4986733319697	0.012110523	0.5630369331321661
73957.78444977023	3000	7.626572147182629	0.0	1394244	398.9882931307403	0.0104012415	0.8111638491674837
73959.09479244845	3000	7.725609110443571	0.0	1395786	400.9630367390582	0.010467717	0.8183941470512225
73961.6587942567	3000	7.8582980270574625	0.0	1297592	867.3110833861077	0.0074682836	0.7817110111325595
73962.67142672003	3000	7.910327157826254	0.0	398047	447.9708692312078	0.0074682836	0.8275472173557087
73974.35019930085	3000	4.0	3.768445423006706	100416	11678.77258083296	0.007701737	-0.5888074906414354
73974.63572246322	3000	7.7144768376294435	0.0	126276	285.5231623705572	0.0091376575	0.829103214027013
73974.98492881889	3000	7.934352328443838	0.0	122959	280.1245091856041	0.0074682836	0.8461337411565879
73976.4079877307	3000	7.717363795777233	0.0	81158	216.9885326666034	0.0074682836	0.8361731988584925
73982.82985257465	3000	5.295498951823129	0.0	1270389	6421.864843954105	0.0074682836	0.034045704433184665
73985.85531290753	3000	6.270038618931678	0.0	1354769	3025.4603328914504	0.0074682836	0.44677663057259126
73988.85085597013	3000	7.2744955563346	0.0	1427208	2995.5430625970785	0.008086912	0.5251026279072476
73992.33990558535	3000	7.785445941116665	0.0	1305445	2989.049615217935	0.015809376	0.5640732515038168
73997.38584534524	3000	6.739506181214113	0.0	1382505	5045.9397599025515	0.013943825	0.27993875504266374
74001.90503125906	3000	6.2203202673950635	0.0	1390243	4519.185913819049	0.021851396	0.29367519611458526
74006.21361921798	3000	5.9117323084844555	0.0	1459050	4308.587958910608	0.022621565	0.29159089468713384
74008.13776204917	3000	7.987589477287464	0.0	1526417	1424.1428311969928	0.022169229	0.7357246951187209
74009.88866603668	3000	7.6340598323482265	0.0	1464726	1353.5296449392374	0.018766189	0.7162712903740536
74013.83993101458	3000	7.682794854449361	0.0	1345911	951.2649778988648	0.015908927	0.7601528837356761
74014.25745949039	3000	7.818350276784654	0.0	1423430	364.4445776647071	0.014117522	0.8290015804342388
74017.70474897696	3000	7.580747482566581	0.0	1270580	3237.6027942180726	0.00949008	0.5238655492125468
74024.80118644549	3000	4.484310014030918	0.0	1477220	7096.437468535663	0.009030992	-0.09425072835938708
74029.746631204	3000	4.0	0.4611347444917128	1435890	4945.444758522631	0.009188117	0.08452529158959737
74032.63259948704	3000	5.114031716968259	0.0	1250428	2885.968283031741	0.011584838	0.3740253179113058
74034.37913609456	3000	7.3674951094537855	0.0	1376403	1746.5366075144727	0.008687389	0.656978239899447
74037.65318466246	3000	7.777007730481988	0.0	1241433	1590.4873789717974	0.0074682836	0.7032966093308298
74044.18475168751	3000	5.2454407054344285	0.0	1283451	6531.56702504756	0.0074682836	0.019321117844686597
74047.01454592812	3000	6.415646464832911	0.0	1570460	2829.794240601518	0.010699125	0.47726382824417696
74048.1021223195	3000	7.997319496431657	0.0	1376098	918.3269684012536	0.008203168	0.7870360328341094
74049.32445847678	3000	7.930776129289589	0.0	1390072	1066.5433671420678	0.019937513	0.7672236404243729
74050.29449937657	3000	7.733652074461425	0.0	1294113	697.1240548281628	0.011956547	0.789381267543651
74050.93415773693	3000	7.760281316760458	0.0	1207899	473.370757700966	0.01119556	0.8137537904287981
74058.54243311058	3000	4.152005943110077	0.0	1452285	7608.275373650381	0.010065731	-0.17035732418992178
74062.28920659058	3000	4.405232463112212	0.0	1443683	3746.7734799978643	0.009229569	0.23478485417548994
74065.9246505748	3000	4.769788478879871	0.0	1514428	3635.443984232342	0.009365955	0.2732595049346166
74066.88812611553	3000	7.8063129381462	0.0	1380969	463.4755407336702	0.010105491	0.8181956837294585
74067.92339468816	3000	7.898806642469279	0.0	1461460	407.50629567692187	0.008018609	0.8307296360593642
74071.081091971	3000	7.843839139522472	0.0	1487948	554.9675029468075	0.0074682836	0.811860952611365
74073.54100141437	3000	7.625249307787377	0.0	1498856	1718.5898317350945	0.0074682836	0.6791044823524043
74083.36101566526	3000	4.0	2.194764943099237	1280001	9820.014250886614	0.008183533	-0.40293165764680083
74086.26916252708	3000	5.091853138178221	0.0	1334370	2908.146861821778	0.008634444	0.37014406662304916
74088.37343874476	3000	6.987576920493484	0.0	1282494	2104.2762176847377	0.009520856	0.5927104147103981
74091.63077245891	3000	7.73024320634936	0.0	1359406	2757.333714144124	0.0074682836	0.5831046365036501
74099.16985301484	3000	4.191162650413626	0.0	1347884	7539.080555935733	0.0074682836	-0.16050108937069085
74101.69573102404	3000	5.665284641207554	0.0	1528728	2525.8780092060724	0.0074682836	0.4513783146118198
74104.26845437654	3000	7.092561288711107	0.0	1414242	2572.723352496447	0.007646124	0.5537395288455489
74114.51176497844	3000	4.0	3.1507493131896207	1549878	10243.310601900728	0.010275632	-0.44526129274821236
74119.63949146049	3000	4.0	1.127726482047875	1277024	5127.726482047875	0.010376845	0.06629711923707304
74119.79061562523	3000	7.84887583525049	0.0	1286477	151.12416474950953	0.013998681	0.8526230386106961
74120.7192468253	3000	7.688527146461593	0.0	1453328	160.34868878889802	0.0074682836	0.8396744345475902
74121.72418883552	3000	7.530197396991735	0.0	1448203	158.32974946985752	0.0074682836	0.8280015972692548
74123.91544110086	3000	7.817877394691215	0.0	1419088	1712.32000230052	0.0074682836	0.6941785718136495
74127.90967290083	3000	7.5202276262391115	0.0	1361088	1297.649768452104	0.0074682836	0.7133218625645835
74128.87209184011	3000	7.847309172346383	0.0	1416043	672.9184538927294	0.00749568	0.8003261099785662
74135.11869151659	3000	5.600709495856101	0.0	1456173	6246.599676490281	0.0074682836	0.07446301198203997
74137.19967338903	3000	7.519727623419109	0.0	1401860	580.9818724369914	0.0074682836	0.7849511519545944
74138.72142018404	3000	7.906395243070852	0.0	1492384	613.3323803482565	0.0074682836	0.8107161726373486
74142.70834389873	3000	7.919471528387769	0.0	1449700	986.9237146830835	0.0074682836	0.7743377606026347
74143.766923306	3000	7.507850889420777	0.0	1529135	911.6206389669911	0.0074682836	0.7509965202517196
74144.57675992312	3000	7.886411965026107	0.0	1346951	121.43892439467012	0.0074682836	0.8584067723793514
74146.42311321152	3000	7.767434167176356	0.0	1298377	118.97779784975127	0.0074682836	0.8497295501951121
74148.32810857528	3000	7.888624230574576	0.0	1387771	1378.8099366017784	0.0074682836	0.7328355910747758
74149.25001589397	3000	7.650763284817125	0.0	1506615	237.86094575745074	0.0074682836	0.8290909192273996
74151.03665690972	3000	7.809465963397015	0.0	1492074	1341.2973214201104	0.0074682836	0.7306499825546254
74158.59903807129	3000	4.247084801828944	0.0	1307533	7562.381161568072	0.0074682836	-0.15863698857777597
74160.84444483506	3000	6.001678038048005	0.0	1294220	2245.4067637809385	0.0074682836	0.504654943917367
74162.33932936822	3000	7.510801581311167	0.0	1299490	990.876456736839	0.0074682836	0.743292240366514
74166.32528806981	3000	7.524842879714066	0.0	1273614	985.9587015971007	0.0074682836	0.7448371132607052
74167.08355649751	3000	7.810692054874504	0.0	1437301	714.1508248395609	0.0074682836	0.7934565890734921
74170.76758871574	3000	7.700734747191836	0.0	1189360	609.9573076826678	0.0074682836	0.7956291427129812
74174.54386921981	3000	7.924454243118287	0.0	1324150	1276.2805040735498	0.0077389805	0.7457757852683768
74175.93927338965	3000	7.571929865503547	0.0	1422950	1352.5243776147404	0.0074682836	0.7117120695931523
74176.67166218358	3000	7.937175364659655	0.0	1314698	134.75450084389195	0.0107517755	0.8608824697069453
74182.8359201527	3000	5.77291739553726	0.0	1315758	6164.257969122395	0.0074682836	0.0956127751949154
74185.10273216706	3000	7.5061053811946765	0.0	1325251	766.8120143425831	0.0074682836	0.7653464695972029
74187.08165267404	3000	7.910997265974634	0.0	1488865	595.1081152200419	0.0074682836	0.8128837508679538
74187.83767177314	3000	7.684893912297397	0.0	1503514	226.10335367723826	0.0074682836	0.8328264754964414
74195.48986678442	3000	4.032698901020414	0.0	1453798	7652.195011276984	0.0074682836	-0.18369731610930684
74197.34981218472	3000	6.172753500728368	0.0	1401796	1859.945400292045	0.0074682836	0.5560317399672836
74199.55272432677	3000	7.969841358679656	0.0	1385680	2202.9121420487127	0.0074682836	0.6565166551379634
74203.6054284962	3000	7.917137189263912	0.0	1354635	2552.704169415743	0.0074682836	0.6175846396950797
74205.39308749222	3000	7.5921439254825	0.0	1254564	824.9932637814125	0.0074682836	0.7659812354749067
74208.20084296651	3000	7.629599054465603	0.0	1227129	962.5448710168966	0.0074682836	0.755035209425091
74214.53627435026	3000	5.294167670725117	0.0	1520011	6335.431383740486	0.0074682836	0.0425892043721956
74217.22071015179	3000	6.609731869193818	0.0	1479701	2684.4358015312987	0.0074682836	0.5063560774782669
74220.03077475008	3000	7.7996672708966654	0.0	1449779	2810.0645982971528	0.0074682836	0.583038352929395
74221.86028271611	3000	7.5289844813031435	0.0	1304073	1270.682789593522	0.015897209	0.716675324580244
74225.03708101163	3000	7.67999792175994	0.0	1302040	2848.9865595432047	0.0111476	0.5701709556195353
74229.06396220149	3000	7.653116731887727	0.0	1291320	3026.881189872212	0.010675937	0.5503654033462186
74230.63490346666	3000	7.947492562227737	0.0	1509854	705.6241696599911	0.0135444505	0.8045692926429415
74232.23930077338	3000	7.5379524566156215	0.0	1381117	409.54010561211635	0.011809895	0.8034621911268205
74238.14022805126	3000	5.637025178735674	0.0	243937	5900.927277879948	0.0074777002	0.11175392805904116
74239.94878353033	3000	7.8284696996694	0.0	1226943	1308.5554790662745	0.008257983	0.7353494470104379
74242.24994361938	3000	7.760059634180208	0.0	1525704	1568.4100654891909	0.011485154	0.704233233456457
74248.68506522386	3000	5.3249380296979245	0.0	1467073	6435.121604482284	0.014866902	0.03492795922097636
74250.1432851044	3000	7.866718149161465	0.0	1558489	958.219880536459	0.008051088	0.7732516405753245
74251.3435105023	3000	7.959651204497879	0.0	1467713	907.0669446635861	0.0074682836	0.7853369133128427
74254.97775555105	3000	7.9991079067368664	0.0	1376928	1460.5432977610117	0.007910438	0.7329485306710242
74255.58947217016	3000	7.740100472688555	0.0	1267329	259.007434048312	0.008886687	0.8336765594886709
74258.30382475584	3000	7.7692787723615435	0.0	1374297	1470.8217003270101	0.0074682836	0.7146835053362752
74260.18110847726	3000	7.9124023543427375	0.0	1532270	1856.8764180188064	0.007911513	0.6868123022156851
74261.56474153337	3000	7.940789477990405	0.0	1292719	471.61287635233134	0.008081721	0.8274676906559076
74264.48727503946	3000	7.645532814810476	0.0	1455093	2795.256663179929	0.008230917	0.5729590622346533
74265.90128582275	3000	7.7121658446241526	0.0	1494824	433.3669701863226	0.0081625655	0.8141455087700397
74267.87061178731	3000	7.927824768903844	0.0	1448247	284.34107572030985	0.0074682836	0.8452225175376177
74277.38461374238	3000	4.0	1.586177186169869	1282183	9514.001955073712	0.0074682836	-0.37233042806551087
74278.48315781172	3000	6.901455930663311	0.0	1457231	1098.5440693366886	0.0074682836	0.68682455530794
74279.81221280408	3000	7.708193891102257	0.0	1592744	1193.262039561054	0.0074682836	0.7378581053184243
74282.27444351281	3000	7.504975013138115	0.0	1517223	1203.2188779641413	0.008586972	0.7216210056308049
74294.01258024901	3000	4.0	4.233161723054708	1270338	11738.136736192822	0.0074682836	-0.5947439061774219
74294.80660036685	3000	7.205979882169584	0.0	1385658	794.0201178304158	0.0074682836	0.7401162468215376
74296.31506761654	3000	7.639830599712414	0.0	1376635	566.1492824571703	0.0074682836	0.7954421341745744
74297.94269185034	3000	7.5071774664305195	0.0	1268520	632.6531332818944	0.0074682836	0.77884276409596
74298.5936366753	3000	7.889190604216022	0.0	1278044	117.98686221449765	0.0074682836	0.8589603765366124
74301.28723781042	3000	7.768869018022306	0.0	1401881	120.32158619371788	0.0074682836	0.8497027851741615
74307.48719233957	3000	5.5689144888690745	0.0	1546123	6199.954529153231	0.0074682836	0.076742901191718
74309.37475616923	3000	7.6813506592074825	0.0	1463925	1887.5638296615914	0.0074682836	0.6664146839162626
74312.37870445377	3000	7.834775470803195	0.0	1590129	1846.575188404287	0.0074682836	0.6820204089116715
74317.69336889322	3000	6.520111031361517	0.0	1432116	5314.664439441678	0.00905982	0.2366116508498064
74319.29281870046	3000	7.611404895544405	0.0	1526401	1408.7061358171115	0.0074682836	0.7090545210259797
74321.57325284656	3000	7.776559658205072	0.0	1526198	1334.8452373393347	0.0074682836	0.7288272180733073
74324.38150269394	3000	7.80472918889098	0.0	1182436	1971.830469314091	0.0074682836	0.667241409677275
74329.86960311556	3000	6.316628767275251	0.0	1473059	5488.100421615729	0.0074682836	0.20400688282593138
74334.5703911229	3000	5.6158407599261	0.0	1455773	4700.7880073491515	0.0074682836	0.23017902370140286
74343.07313027924	3000	4.0	2.8868983964057104	1541660	8502.73915633181	0.013533866	-0.27120414819132055
74344.58817050282	3000	6.4849597764332625	0.0	1334236	1515.0402235667377	0.010974179	0.6139377283176815
74347.56872939928	3000	7.5044008799620245	0.0	1390032	480.5588964712366	0.00985297	0.7938439437918885
74348.70719815807	3000	7.845489542264673	0.0	1528092	658.9113376973513	0.009721053	0.8015903493419757
74357.07515468706	3000	4.0	0.5224669867215053	1213301	8367.956528986178	0.008191857	-0.25772588545675745
74371.22431449241	3000	4.0	10.149159805355234	1451200	14149.159805355233	0.00842548	-0.8358462130936629
74376.20810193261	3000	4.0	0.9837874401923745	1552703	4983.787440192375	0.011436591	0.08069102342262302
74376.33323032795	3000	7.874871604659297	0.0	1253180	125.1283953407033	0.016988184	0.8571722982572374
74377.19480982995	3000	7.740376649139762	0.0	1513282	134.49495551953447	0.0074682836	0.8461485205753893
74378.96348881749	3000	7.929579428603658	0.0	1380691	310.7972205361051	0.0074682836	0.8427085025335241
74380.90381206236	3000	7.648358689681523	0.0	1321035	1281.2207389221353	0.0074682836	0.7245745952757612
74384.7600317993	3000	7.759800074171389	0.0	1513667	1388.5586155101337	0.0074682836	0.7221989114537013
74385.75530233934	3000	7.955995364867103	0.0	1553200	803.8047093042849	0.008778027	0.7953889488764648
74386.54411038125	3000	7.617324259291978	0.0	1419933	338.6711055751264	0.0074682836	0.8165019763312461
74388.06644434248	3000	7.791225746832679	0.0	1559374	326.0985124593	0.0074682836	0.8308018472083815
74398.3620457872	3000	4.0	2.5043756978862786	1433609	10295.601444718957	0.0074682836	-0.45049037703003536
74405.86943816094	3000	4.0	3.507392373747539	872864	7507.392373747539	0.0074682836	-0.17166946993289345
74409.38887304247	3000	4.480565118478216	0.0	1414888	3519.4348815217836	0.0074682836	0.2631686631755483
74411.83411936514	3000	6.035318795795891	0.0	1442143	2445.246322682326	0.0074682836	0.48719404485831963
74420.9220998681	3000	4.0	3.052661707161411	1618967	9087.980502957302	0.0074682836	-0.3297282828538698
74425.16040090332	3000	4.0	0.2383010352040992	1390517	4238.301035204099	0.0074682836	0.15523966392145055
74427.14143642398	3000	6.01896447934787	0.0	1502123	1981.0355206521301	0.0074682836	0.5323885513277378
74429.45713813651	3000	7.703262766821274	0.0	1281551	815.7017125265958	0.0074682836	0.7752443037007963
74432.029255402	3000	7.778168755470113	0.0	1344658	1925.0940113511595	0.0074682836	0.6699230229670029
74434.22186300912	3000	7.715376578976524	0.0	1471535	1562.7921764935882	0.01325456	0.7014437932157409
74435.26898773575	3000	7.966721930978918	0.0	354753	748.6546479976055	0.010736907	0.8017084474655188
74444.35658970114	3000	4.0	1.1208800344169485	1413549	9087.601965395867	0.016682878	-0.32969042909772617
74447.04558756758	3000	5.311002133567776	0.0	1520899	2688.997866432225	0.012127088	0.4084951408162212
74450.05720407718	3000	6.299385623961766	0.0	1421254	3011.6165096060095	0.011106051	0.450362038278392
74455.5872032181	3000	4.769386483038768	0.0	1563279	5529.999140922998	0.011462596	0.08377383957746831
74458.59071388863	3000	5.765875812504861	0.0	1322377	3003.510670533908	0.010744173	0.4111593863263342
74460.51312335594	3000	7.843466345198156	0.0	1496614	422.40946730670515	0.012013663	0.8250887966010517
74461.71461124966	3000	7.961025247752448	0.0	1321919	382.44109744570903	0.010269431	0.837902551278723
74463.76517366231	3000	7.555267439561387	0.0	1549774	905.757808191062	0.0075126532	0.7551390445898581
74467.07600886699	3000	7.682252139447494	0.0	1452120	1373.0153001138938	0.0075726677	0.7179371478890331
74481.49098289157	3000	4.0	6.732721885136787	1396433	14414.97402458428	0.008705219	-0.8624276350165675
74483.83195440428	3000	5.659028487293126	0.0	1377443	2340.9715127068735	0.010147584	0.46939975271815754
74493.13363627139	3000	4.0	3.642653379819685	1471543	9301.681867112811	0.0074831834	-0.35109841926942076
74496.54559829533	3000	4.588037976060762	0.0	1446940	3411.962023939238	0.0074682836	0.2819764132524938
74499.51754257717	3000	5.616093694211669	0.0	1466697	2971.9442818490934	0.0074682836	0.40308236632282624
74502.93397484794	3000	6.1996614234458685	0.0	1478901	3416.4322707658007	0.0074682836	0.4024011471237205
74507.46372396128	3000	5.669912310113043	0.0	1414975	4529.749113332826	0.0074682836	0.25133827936705605
74512.78213848695	3000	4.351497784440585	0.0	1539858	5318.414525672458	0.011673569	0.07359064870765852
74517.25172840581	3000	4.0	0.11809213442298643	1464311	4469.589918863571	0.01171594	0.13211077555550332
74518.61678649705	3000	6.634941908782204	0.0	1459320	1365.0580912177966	0.014959594	0.640184601478746
74520.0484151549	3000	7.882426347160383	0.0	1331516	1252.515561621821	0.01650415	0.7450001873167071
74524.11963105883	3000	7.811210443234659	0.0	1386042	3071.2159039257244	0.015267962	0.5577889602918874
74525.4848541676	3000	7.923763388922007	0.0	1538540	387.4470543126522	0.016530069	0.8346073161797457
74527.70205247923	3000	7.764052260344293	0.0	406142	159.7111285777139	0.009252262	0.845402574109911
74531.77828780423	3000	7.687816935346676	0.0	1357091	3576.2353249976168	0.008149684	0.49803250509309954
74539.26285067514	3000	4.203254064443934	0.0	1258816	7484.562870902742	0.008249033	-0.15414246481511873
74543.0006558709	3000	4.465448868685446	0.0	1247768	3737.805195758488	0.008701468	0.2401979130174201
74545.45112862156	3000	6.014976118026751	0.0	1364385	2450.4727506586955	0.011717627	0.4851457012279973
74547.17743298899	3000	7.909105597008172	0.0	1260226	1605.870521018578	0.0074682836	0.7116656351156156
74549.11299770891	3000	7.7115401602427704	0.0	1256524	1697.565436765402	0.0074682836	0.6876787357835279
74556.56796209695	3000	4.256575772209141	0.0	1310890	7454.964388033629	0.008707997	-0.14718348844581697
74557.44577870314	3000	7.378759166018848	0.0	1309601	877.816606190293	0.007779671	0.7446950442742447
74559.45195857006	3000	7.514059371245072	0.0	1288070	864.6997947737752	0.00992284	0.7561542408078632
74562.40647177206	3000	7.81754280632973	0.0	1270692	1196.516564915343	0.013333565	0.7457338214250558
74563.95547767534	3000	7.632038173236719	0.0	1269747	685.5046330930105	0.011031033	0.7829221671253133
74566.05012915388	3000	7.7264630690466545	0.0	1304612	405.5751041900627	0.012231168	0.8179969872013534
74572.91180187084	3000	4.864790352087196	0.0	1336807	6861.672716959459	0.009387365	-0.042238227847545606
74576.16551434949	3000	5.611077873439594	0.0	1303254	3253.7124786476015	0.008107695	0.3745293600850698
74579.26278391902	3000	6.513808303914017	0.0	1308718	3097.2695695255784	0.008617463	0.45787843328285377
74581.91963653831	3000	7.856955684619363	0.0	1231758	656.8526192946541	0.010309577	0.8026561818588471
74582.31676754338	3000	7.987682061474802	0.0	1290851	369.27362314456104	0.007994539	0.8412185597380144
74584.06769810505	3000	7.586145471603657	0.0	1296733	1401.5365898711439	0.0074682836	0.7078770188250203
74586.87680306526	3000	7.816289977408292	0.0	1301650	1769.8554941953641	0.0074682836	0.6883059663279458
74596.61923062755	3000	4.0	1.9261375848932931	1306983	9742.427562301586	0.00961487	-0.3951729887882981
74598.90221571774	3000	5.717014909821398	0.0	1355476	2282.985090178602	0.009005059	0.4795473766606051
74600.81684305354	3000	7.802387574011356	0.0	1237674	1914.6273358100411	0.010468409	0.6727861019117081
74603.737328814	3000	7.580789420928127	0.0	1286686	2721.598153083229	0.0074682836	0.5754691587031471
74610.94330147222	3000	4.374816762714684	0.0	1363447	7205.9726582134435	0.0074682836	-0.11341624117588267
74613.15273127079	3000	6.1653869641457	0.0	1291077	2209.429798568984	0.008461623	0.5205308098958895
74615.59399670322	3000	7.724121531715671	0.0	1327857	2441.2654324300293	0.007969034	0.614252339077533
74625.33029302563	3000	4.0	2.012174790685058	1239806	9736.296322400729	0.016113576	-0.3945598647982125
74630.3763028139	3000	4.0	1.0460097882551018	1264118	5046.009788255102	0.010378381	0.07446878861635031
74630.52452407674	3000	7.851778737143413	0.0	1233970	148.22126285658607	0.013782334	0.8531310464419578
74631.42511790348	3000	7.7040232588193245	0.0	1225545	147.7554783240879	0.0074682836	0.8420959640209009
74632.40324644002	3000	7.551378164745867	0.0	1343102	152.64509407345832	0.0074682836	0.8301586203904547
74634.42355083737	3000	7.913967687316123	0.0	1353964	1637.410477429744	0.0074682836	0.7088762962475952
74638.38772320678	3000	7.583328462567975	0.0	1332357	1330.6392247481472	0.0074682836	0.7147554796596438
74639.12052807785	3000	7.993692599360674	0.0	1220518	589.6358632073	0.007626394	0.819633126073181
74645.46284561786	3000	5.651375059362547	0.0	1318988	6342.317539998128	0.0074682836	0.06869114289423872
74647.49759175157	3000	7.616628925652783	0.0	1272482	534.7461337097625	0.0074682836	0.796842323494843
74648.2780311892	3000	7.5755255476184935	0.0	1290271	541.1033780342896	0.0074682836	0.7931238457098185
74649.17762097092	3000	7.705398686559803	0.0	1206341	870.1268610586901	0.0074682836	0.7699619828279768
74650.58798349799	3000	7.974948883352759	0.0	1253929	730.4498032070443	0.0074682836	0.8041459533726131
74651.0623633426	3000	7.53771532298585	0.0	1240680	437.2335603669089	0.0074682836	0.8006750606291083
74652.75340104429	3000	7.920769614252436	0.0	1209031	116.94570873341388	0.008499086	0.8614329176374518
74654.65702859765	3000	7.966001834060179	0.0	1399737	1454.7677801922582	0.0074682836	0.731043126977148
74655.47263563839	3000	7.742628200274332	0.0	1368349	223.37363378584575	0.0074682836	0.8374295190838508
74657.3561890432	3000	7.556968201334235	0.0	1310554	1185.659998940097	0.0074682836	0.7272763826479184
74664.59263687948	3000	4.320520365068273	0.0	1254684	7236.447836265963	0.0074682836	-0.12053598880461547
74666.92598036493	3000	5.987176879602362	0.0	1356119	2333.3434854659104	0.0074682836	0.49477368486544654
74668.41755843358	3000	7.505230209086516	0.0	1285495	981.9466705158475	0.0074682836	0.7437673660717643
74672.39288607407	3000	7.529902568591693	0.0	1258362	975.3276404948226	0.0074682836	0.746279696036755
74675.00700744113	3000	7.885321404370206	0.0	1274976	644.5811642214861	0.0074682836	0.8060107563474773
74678.79670852893	3000	7.685240961899397	0.0	1394325	700.080442470809	0.0074682836	0.7854547953372342
74682.51318052091	3000	7.9687689699070035	0.0	1254020	1216.4719919923934	0.007874029	0.7550802409856463
74683.94000925974	3000	7.578400919145922	0.0	1304776	1390.3680507610818	0.0074682836	0.7084130313016965
74684.66599477573	3000	7.943638505188022	0.0	1314888	134.76241395790015	0.010801943	0.861366413935172
74690.82200936606	3000	5.787623914857068	0.0	1287481	6156.014590330954	0.0074682836	0.0975401020230452
74693.05217329519	3000	7.557459985740783	0.0	1254536	730.1639291162858	0.0074682836	0.7728628734607905
74695.34897225928	3000	7.527761314431103	0.0	1212152	529.698671309679	0.0074682836	0.7906819988932253
74695.94308666243	3000	7.824254259252335	0.0	1270981	203.50705517876784	0.0074682836	0.8455381313679088
74703.50976102246	3000	4.257579899214933	0.0	1280059	7566.674360037402	0.0074682836	-0.1582791761207598
74705.2724351384	3000	6.494905783285785	0.0	1325190	1762.6741159291473	0.0074682836	0.5899202895953796
74707.76073841815	3000	7.86073205537763	0.0	1279572	1634.173727908156	0.0074682836	0.705207298804367
74711.69122325402	3000	7.930247219502162	0.0	1298151	2430.4848358754675	0.0074682836	0.6307898253169758
74713.40706860683	3000	7.634631736962514	0.0	1205092	795.6154825396472	0.0074682836	0.7721055994600843
74716.20668230689	3000	7.6549398220612455	0.0	1250971	979.6919149012681	0.0074682836	0.7552210626063269
74722.10714186491	3000	5.754480264029935	0.0	1258121	5900.459558031311	0.0074682836	0.12060983144097448
74724.41691987771	3000	7.444702251230867	0.0	1291362	2309.7780127990677	0.0074682836	0.6064446350042686
74727.77014946236	3000	7.629667136898385	0.0	1286010	2815.035114332483	0.0074682836	0.569791291275991
74729.21495212616	3000	7.886363040160824	0.0	1274087	1243.3040967375612	0.013328303	0.7462165857801661
74731.94809766526	3000	7.830539554147144	0.0	1237463	2555.82348601368	0.010025119	0.6107778854015282
74736.09517808557	3000	7.683459133834285	0.0	1258549	3147.080420312859	0.009417977	0.540621160448146
74737.89209861601	3000	7.59970010530296	0.0	1215750	583.7590285313244	0.011523909	0.7906713724864499
74739.34616946778	3000	7.6892454303786035	0.0	1384950	410.4546749243551	0.010282295	0.8147177072278201
74746.40546232235	3000	4.629952575807136	0.0	1252739	7059.292854571468	0.007830727	-0.07961307482975122
74747.2961223136	3000	7.739292584568635	0.0	809596	890.6599912385005	0.0074682836	0.7704507121606581
74749.10058567439	3000	7.963845415489417	0.0	1198771	1275.4471690792168	0.009425487	0.7488134566956451
74755.49042613491	3000	5.574004954967725	0.0	1384213	6389.840460521692	0.012935702	0.05813609301227063
74757.43139808478	3000	7.633033005112233	0.0	1335241	940.9719498554928	0.007526668	0.7574500478397287
74758.64974466278	3000	7.833774017171288	0.0	1276397	799.2589879409444	0.0074682836	0.7866769199356126
74762.36740952707	3000	7.894485380052834	0.0	1355729	1439.288637118454	0.0074682836	0.7272273072339777
74763.11133914105	3000	7.621708686646194	0.0	1364812	272.7766934066409	0.007842734	0.8234202495996609
74765.82731751907	3000	7.709295957912931	0.0	1316582	1412.4127287332624	0.0074682836	0.7160256914120041
74767.63819882313	3000	7.915638130538799	0.0	1377432	1793.6578273741331	0.0074682836	0.6933768444948569
74769.037147831	3000	7.934775364947938	0.0	1323253	480.86276559086036	0.007523981	0.8260916432538697
74772.62135117174	3000	7.811716815713418	0.0	1366664	2623.058549234521	0.0076157525	0.6026426736969148
74773.86155733839	3000	7.882186128138561	0.0	1334148	429.5306875748587	0.0074724555	0.8272806582947666
74776.08256540626	3000	7.637019833743732	0.0	1370297	245.1662943948291	0.0074682836	0.8273296255331575
74785.39954426435	3000	4.0	1.6799590243424865	1416431	9316.978858086219	0.0074682836	-0.35262811836676133
74786.41279651849	3000	6.986747745858671	0.0	1335204	1013.2522541413296	0.0074682836	0.7017506229671279
74787.48954075387	3000	7.923912071014189	0.0	1406143	1062.8356748444817	0.0074682836	0.7670796052834764
74789.57484651511	3000	7.848213470667168	0.0	1344971	1075.6986003470215	0.0076465304	0.7601159177071959
74801.81617099757	3000	4.0	4.393111011794242	1356675	12241.32448246141	0.0074682836	-0.6450626808042806
74802.39205679107	3000	7.424114206509312	0.0	1404206	575.8857934906881	0.0074682836	0.77828975358099
74803.91763418764	3000	7.867234226638473	0.0	1350387	556.8799798708378	0.0074682836	0.8134243364526622
74805.65152593589	3000	7.694637060867931	0.0	1351930	672.5971657705405	0.0074682836	0.7889078304299011
74805.87170973813	3000	7.575192450988008	0.0	1327089	119.44460987992233	0.0074682836	0.8352647402779689
74808.6276543035	3000	7.957589764485751	0.0	1333764	117.60268650225737	0.0074682836	0.864128731128066
74814.2449241956	3000	6.340319872390896	0.0	1264516	5617.269892094855	0.0074682836	0.19286676866169217
74816.6813470297	3000	7.8649143408258935	0.0	1323209	1975.4055315650023	0.0074682836	0.6713977898473023
74819.63980516457	3000	7.826193924657053	0.0	1317701	1538.7204161688408	0.0074682836	0.7121622701742553
74824.631494171	3000	6.83450491822574	0.0	1294702	4991.689006431313	0.0074682836	0.29248873566565947

