27110.297022478142	300	4.0	0.16157400762398294	164106	161.57400762398294	0.8146891	0.15972807671496544
27110.46234994592	300	7.834672532224842	0.0	171657	165.32746777515774	1.2934334	0.2829622376452275
27110.887125964236	300	7.665735260765691	0.0	178919	168.9372714591508	1.4458458	0.27727356725957397
27111.251852947196	480	7.571291142712773	0.0	238787	94.44411805291702	1.4218124	0.2595708853481249
27113.13267204241	480	7.976023027562605	0.0	263721	95.26811515016865	1.5423999	0.31754376313248545
27114.551702103672	200	7.843783486964851	0.0	115894	632.2395405977551	1.436849	0.09717377567497755
27120.66734565406	750	5.72813993657727	0.0	347560	6115.643550387581	1.0753601	-0.5891453098144712
27123.83343604164	750	6.562049548995483	0.0	343823	3166.0903875817867	0.7147952	0.09868967768070258
27126.76740111451	750	7.628084476127422	0.0	357514	2933.9650728680613	1.2822055	0.14898036386843963
27127.86777080121	750	7.63564439852557	0.0	364497	992.4400776018524	0.38508856	0.2827150426448181
27130.64469606071	750	7.761146573326037	0.0	352762	874.4978251995327	0.15237717	0.2948659498892095
27131.651346315237	750	7.66903516320969	0.0	296901	92.1114101163486	0.46966314	0.3456932332680494
27132.724789740972	300	7.549582872550105	0.0	171849	119.45229065958426	1.1302012	-0.004244340278033217
27135.27035448011	300	7.963796070519649	0.0	188233	1085.786802030457	0.756438	0.2238335749640986
27138.591070573413	300	7.743326992422601	0.0	146479	2720.4690780970495	1.4655089	0.10433957999283405
27141.403209529108	300	7.597381022175381	0.0	183357	145.94597024722052	1.5961139	0.27665306618996693
27142.73932535761	300	7.942419600651341	0.0	181596	1154.9614215240397	1.6651667	0.21838900431967562
27143.786570681055	750	7.935374142417412	0.0	357011	1007.045458233929	0.5283617	0.06640835915210996
27146.36289324565	750	7.87731279272416	0.0	370139	558.0613496932515	0.45768917	0.3203638417064689
27152.220332171197	750	6.019873867174623	0.0	377314	5857.438925549537	0.8862168	-0.10381658975273306
27154.380469115342	750	7.809155465330598	0.0	318357	1710.7184018440262	0.14127223	0.2389169699635865
27156.903652098335	750	7.982273244984655	0.0	356677	2326.8822203459417	1.1618221	0.202127202342276
27157.634981170766	200	7.674759090093217	0.0	115526	307.5141548914381	1.4159689	0.024900794381136022
27159.71122502074	300	7.808544623875107	0.0	161420	866.2144662181114	1.3410332	0.19227100070824313
27160.18279232779	300	7.63777566223008	0.0	201068	170.76896164502602	1.1822015	0.276247213715361
27160.584722371725	1200	7.797209812963771	0.0	463019	340.5658492663093	1.6004963	-0.05414056442639354
27161.950811642866	750	7.854847274725478	0.0	404229	442.3625382382932	1.566495	0.04641562564690869
27162.114445513307	300	7.69489370595873	0.0	157561	159.95356876674967	1.4221566	-0.0960447702928973
27163.106874152207	750	7.910519537346929	0.0	305358	284.37416861180134	1.4983714	0.05907112757977638
27164.32551925705	200	7.615224220067143	0.0	120085	295.2953172797867	1.50537	-0.021992889129069035
27165.19815474009	300	7.850581372327484	0.0	175323	264.6428477396593	1.2536105	0.2266560515257503
27168.172332262675	750	7.877488928687268	0.0	336772	473.0924436402156	1.1071199	0.10125661510652759
27169.0845151873	750	7.881940005846758	0.0	351544	495.5489228405095	1.0181583	0.32481095259321235
27174.946930025373	750	6.019525167775251	0.0	379796	5862.414838071507	0.73916286	-0.1041699424462092
27177.29916609257	750	7.66728910057545	0.0	329358	352.2360671998016	0.18464074	0.32775190870923604
27178.669251239327	480	7.857888980723405	0.0	277534	309.4001198520447	1.2224602	0.13030870786621912
27179.661311086096	750	7.602201570789377	0.0	319427	755.6874099340288	1.0425063	0.16294317354902912
27180.887984156438	750	7.817051254035706	0.0	340429	285.1503167536704	0.95228624	0.33718740462349056
27182.369437646925	1200	7.757085885586727	0.0	429635	559.9653684489813	1.3485485	0.1544372866881037
27182.656850206255	300	7.534123666939639	0.0	163090	222.96221864708758	1.447278	-0.10561690962599708
27184.52016312268	300	7.844692379071636	0.0	172937	189.43128786800185	1.2360915	0.2816276390927759
27185.399879391844	750	7.95177505876547	0.0	371515	392.91732030616646	1.2171423	0.05293674751839046
27189.103270561376	300	7.547978948429589	0.0	168032	1903.7961103358814	1.3083063	-0.07075538863465367
27196.600767404932	750	4.05048210487	0.0	336566	7497.496843559588	0.7913898	-0.5611824030530139
27197.862538407164	300	6.7887111026352285	0.0	180235	1261.7710022347717	0.19182764	-0.05106394968616676
27200.320907936468	480	7.953457790478366	0.0	221834	1335.2533121568629	1.1660044	0.14157881910181142
27204.794284539974	750	7.480081186973206	0.0	355845	4473.376603505159	0.9325386	-0.18655453762219612
27206.814213138412	750	7.5993632980766055	0.0	324500	1880.717888896601	0.7387271	0.22047233828271476
27210.1724248222	750	7.604862810953215	0.0	342276	2494.5004871233896	1.2561918	0.1784482956501433
27210.9341025244	750	7.511879558185292	0.0	377565	92.98325276792262	1.4296176	0.3405722318790628
27214.757777166815	750	7.688204915770332	0.0	273909	3323.6746424149596	1.7983334	0.12412167330630225
27215.777754069568	200	7.824401010317748	0.0	103603	863.8039054525842	1.083865	-0.23758042742983107
27223.691712663112	750	4.0	0.08955758322827932	301868	7913.958593546027	1.5178418	-0.7684432211509435
27226.558448288302	1200	5.1332643748098565	0.0	458000	2866.7356251901433	1.6159744	-0.23858456407869122
27227.894216094028	200	7.797496569084087	0.0	113118	335.7678057257692	1.7234247	-0.368804468281121
27228.00280029816	750	7.704521977901053	0.0	352136	92.97459118303435	0.59887266	0.07183169495846158
27232.16440434611	750	7.5429179299523605	0.0	400880	4161.604047948693	1.1511955	0.061830278800901806
27233.21853577303	750	7.514959046937525	0.0	346348	1027.9588830148346	0.2833619	0.2763863517986091
27236.42468768777	480	7.883969361522198	0.0	241844	630.9896854153258	0.92668796	0.10903743671759004
27243.136993102693	4300	5.171663946599067	0.0	1238991	6712.305414923131	1.8476443	-1.284065074764937
27245.34426059405	750	6.964396455239244	0.0	352276	2207.2674913598225	1.4127471	-2.0406238560804884
27248.716291619945	750	7.592365429344618	0.0	316774	1372.031025894626	0.41956055	0.2552221801743023
27249.616276180375	300	7.593256229879553	0.0	164082	499.1091994650653	1.0403153	-0.02894151524107117
27250.647127124426	750	7.986768438335164	0.0	376715	106.48779154438876	1.0046554	0.12998208259353888
27252.939050911453	300	7.762988121071682	0.0	170501	223.78031726348178	0.88767755	0.08916597359495981
27253.150726949854	300	7.65122183675349	0.0	191781	111.76628431819123	1.3164922	0.28073701560249176
27254.194236006002	1850	7.639422185721825	0.0	859908	1011.7996510316653	1.5348653	-0.5329260669482988
27254.318009500803	200	7.553390140880619	0.0	113952	86.0320448412067	1.7071027	-1.1091929333074169
27257.935688909427	1850	7.935710732254143	0.0	864518	117.67940862647632	1.5412551	-0.8679422980152237
27259.618813079902	750	7.841859076309667	0.0	317813	93.8516559444758	1.3457797	-0.5652219906709991
27260.311871888804	750	7.749965929122285	0.0	350232	91.89314718738294	0.1472283	0.34831454377533916
27262.210690637512	750	7.561139385626877	0.0	304379	188.826543495409	0.32911164	0.3355688132510618
27266.778183811162	750	6.9936462119736476	0.0	416102	4567.493173653229	0.15976605	0.016234214141577552
27266.98192154314	750	7.839520035417397	0.0	326088	154.12617655625093	0.45942464	0.3469196690969975
27268.392758628757	750	7.8689072703208005	0.0	362037	470.612765096598	0.033959363	0.3261057518235567
27269.03635449373	750	7.727221498090927	0.0	323696	641.685772229874	0.00851598	0.30978061549142544
27270.75038500611	750	7.581161288277857	0.0	357138	646.0602098130703	0.008107646	0.3047761075581901
27273.159418414198	750	7.8706297355153545	0.0	346150	710.5315527625032	0.0074682836	0.30966540003397985
27274.088604621065	750	7.965287559743356	0.0	359564	405.34217577199945	0.19205427	0.33369732911447725
27277.023349716415	750	7.965337027617293	0.0	353189	2499.9505321260617	0.14808777	0.18968232607473343
27281.197016940823	750	7.791669803205175	0.0	323393	1673.6672244121173	0.44730365	0.24090134521724843
27283.397212952423	300	7.826802691220236	0.0	185021	1964.8671119849398	1.1850603	-0.1221998021293802
27285.101894459996	750	7.952626387241078	0.0	396363	874.1763039791591	0.83637494	0.07609948521076058
27287.651717513294	300	7.529467462389221	0.0	180638	423.15892485185793	1.2886717	-0.025773749666376133
27290.135182085898	300	7.507067240310731	0.0	167107	1522.4002220784907	1.1872926	0.17910529681939472
27291.217753099343	750	7.876813908852437	0.0	387016	630.2533314582952	1.2583103	0.034204448824397486
27293.13875976068	300	7.602469419178649	0.0	194851	274.34448967378773	1.4800372	-0.10688625859762813
27293.459041646067	750	7.975659562315151	0.0	363248	126.8098568634968	1.4178443	0.07200237395179986
27293.79465710556	300	7.864587846831426	0.0	171873	111.07171548372445	1.7012241	0.006476329624787454
27295.153266495905	300	7.507555023664074	0.0	172361	857.0328231673516	1.240382	0.22486891229044906
27295.37618180852	750	7.85688565094355	0.0	352774	150.66937272052314	1.3261352	-0.027158452769017544
27297.02778129816	300	7.527208876071894	0.0	179644	329.6767748716568	1.6164848	0.036805656128554284
27298.180682777896	300	7.821719493586363	0.0	181460	205.4893824855314	1.2013497	0.27978372957420566
27300.661998451928	750	7.514767705199152	0.0	340501	306.9517883872091	0.719877	0.04477394662858485
27302.852697883758	750	7.960599932102267	0.0	337726	1554.1677730968856	0.4623772	0.25455787781633066
27303.927618610363	300	7.936905398165889	0.0	180690	523.6945339363772	0.54531276	-0.019564983859168814
27304.865286992965	750	7.953684303199228	0.0	333358	483.22109496666116	0.25735825	0.10301401555277098
27314.964598180068	750	4.0	2.145626883905079	349818	10099.311187104307	0.7883867	-0.4605184087431639
27315.624538275315	750	7.340059904748687	0.0	364602	659.9400952513132	0.05315682	0.2960573275549124
27316.363590102264	750	7.707383276271004	0.0	340560	132.67662847768358	0.7049587	0.3441391038716338
27319.068403272115	750	7.61816429057957	0.0	326019	89.218985691434	1.3824205	0.34425385298600575
27326.744648762706	750	4.0	0.05808120001373482	322834	7676.2454905933055	1.1627748	-0.2939184461769037
27327.877267151525	750	6.8673816111809725	0.0	347271	1132.618388819027	0.055204242	0.24833573971945022
27331.01167428533	4300	7.732974477378135	0.0	1335745	2134.407133802837	1.6518059	-1.513617027997732
27331.708807175943	750	7.503840630760292	0.0	327593	229.13384661784204	1.7997303	-1.4436928766339627
27332.078436632342	750	7.763025424557039	0.0	351534	240.8152062032526	0.81251156	0.3384958492198062
27336.23847016511	750	7.602991891789045	0.0	362594	3160.0335327679945	0.11208438	0.13262874833167054
27337.807803571144	750	7.7487490802553625	0.0	341237	854.242811533683	0.41739142	0.29585935045969686
27341.37994071532	750	7.524725805419761	0.0	331139	724.0232748356013	0.46454972	0.2975982353264357
27343.542524990145	750	7.87299060267527	0.0	343604	2151.735202744491	0.7112701	0.21065023520411938
27345.47111777825	750	7.6031187446640764	0.0	326162	1769.8718580111952	1.1840659	0.22821459314780043
27348.305569356948	480	7.960753420361288	0.0	253905	1142.3653243027886	0.87704766	0.020132926240682636
27352.664750963646	750	7.601571813661541	0.0	333754	4359.181606699748	1.1627659	-0.08483844491599352
27353.44440292246	750	7.880379764801069	0.0	333432	221.19204886047098	0.83830166	0.3436243488631753
27354.191168548587	300	7.746226906716143	0.0	177068	134.1528580849254	1.3466867	0.05730235265374314
27355.65551992019	300	7.771357604936935	0.0	178623	974.869301779208	1.4131621	0.22526249255465267
27358.501872241864	300	7.800922479007578	0.0	168300	470.43512592935684	1.3004723	0.2608974080451883
27359.660823793754	300	7.599905300938106	0.0	183922	701.017178069472	1.4946034	0.23856996083802412
27359.958463668107	480	7.890052550669199	0.0	262572	209.85275026890693	1.6337266	0.23190929299037272
27362.335946109044	480	7.7052048922435645	0.0	238841	184.84765842563456	1.4508369	0.3026631864766612
27363.799645328858	480	7.529672673595302	0.0	260455	1175.5322186482638	0.9647107	0.2288949592038514
27364.675821323373	200	7.945668176916712	0.0	120001	84.00449667858967	0.99900866	0.13814925309131965
27366.560233034612	300	7.859548070216446	0.0	202072	86.12010670026478	1.18687	0.226724923537061
27374.251781742936	300	4.167999361888393	0.0	172387	7691.548708328053	1.2955939	-0.35259152887405243
27374.875423806196	750	7.5443572986314384	0.0	348046	123.64206325695415	0.11791686	-0.035364865742454385
27376.054498714304	300	7.942061032638125	0.0	177813	102.2962659933135	1.4310122	0.009574648536238697
27376.390890241193	300	7.772254590253924	0.0	188346	169.8064423842007	1.0457373	0.2806441673498239
27378.944622095663	750	7.538681205272369	0.0	363752	233.57338498155548	0.6460121	0.10681395093227153
27383.776214836	750	6.707088464932297	0.0	365602	4831.592740340072	0.55004716	-0.0111525168363239
27384.711557803814	300	7.989792585938625	0.0	206452	717.2958789936719	0.7826384	-0.03117302552662852
27388.851580893737	750	7.849769496014882	0.0	377493	2140.0230899237436	0.46716642	-0.0704720086735931
27389.255246163342	750	7.996971950581792	0.0	361201	352.7975454330895	0.20724024	0.3383304480421755
27390.52397947169	300	7.593539158494539	0.0	192033	903.4327920872529	0.6937552	-0.000507323489439937
27393.444134245612	750	7.94061202966493	0.0	301117	1152.9271288296097	0.13690484	0.12081050033560417
27394.588475692173	750	7.828555128931551	0.0	345672	612.0569007333786	0.97105885	0.31508113384296094
27395.177861808337	300	7.965004343762174	0.0	176376	363.5507851693779	1.2447858	0.08606168862483837
27396.670044883456	300	7.791830471701098	0.0	174220	173.17387206107483	1.2873027	0.28104306075849983
27401.098983699932	300	7.362891655225856	0.0	183403	4428.938816475242	1.4276048	-0.025379307032927678
27402.861807756257	300	7.601953636827424	0.0	195770	1260.9380183984317	1.1075726	0.2001380875200793
27406.547257237387	750	7.916504155697612	0.0	352412	2685.4494811298123	1.4292889	-0.3868633233990382
27407.371303101765	480	7.518148983034178	0.0	302324	398.35517266343305	1.3023117	0.14698631868633039
27409.774541370047	300	7.709875194752099	0.0	196300	2308.273788282079	1.4099326	0.041621131960127844
27414.955575139924	750	6.528841424873658	0.0	357632	5181.0337698784415	1.0849473	-0.32209862803659656
27415.597960432035	200	7.931147903760604	0.0	109081	97.69352111305307	1.2162147	-0.06695163845740981
27416.261227974795	300	7.831860017877879	0.0	174545	99.28788588272508	1.4869219	0.204106706458347
27418.79083377544	300	7.739046945993097	0.0	198607	1092.8130718847829	1.4214389	0.21611263120654425
27423.605536652663	200	6.924344068772245	0.0	121808	4814.702877220852	1.2593985	-0.14251718797868212
27426.952709667337	300	7.577171054099445	0.0	176383	847.1730146728004	1.3759365	0.14448318969336288
27427.883245139	300	7.972737628591131	0.0	193450	604.4334255083153	1.6389683	0.2572173946483236
27428.385899912722	300	7.5354612648078145	0.0	177645	437.2763637833152	1.3817381	0.25462832387085843
27431.9971139834	750	7.924247194130605	0.0	379996	3111.2140706772097	0.9598815	-0.13484859016540446
27432.909671206467	300	7.702264822907291	0.0	174168	221.9823712233148	1.0309973	0.04984779908101792
27434.690940646517	750	7.8669175288021345	0.0	360777	335.347294105157	1.3252244	0.1103869585674542
27435.510271820654	300	7.64021301470791	0.0	186058	226.70451409422432	1.2484169	0.08501105434760607
27436.23067925129	480	7.786322629410079	0.0	294249	353.8903852978307	1.4117757	0.2186653314523022
27437.96409953206	200	7.812871011697242	0.0	115451	473.4516177128374	1.4685848	0.1070958667655613
27438.337088499306	1200	7.71636085960158	0.0	555456	96.51015209566243	1.4381154	-0.08995397635629883
27440.703741265803	300	7.631273883926042	0.0	174868	85.0869756755376	1.8847744	-0.28043044192758515
27441.929376338267	750	7.619239243109016	0.0	350007	1012.034640817025	0.65092885	0.16835073699743835
27444.11506547405	750	7.843194891038827	0.0	394391	276.04435207018787	0.82028884	0.3386554257238306
27444.29215382345	480	7.6694731081951595	0.0	265882	173.72178284366777	1.3943428	0.23478419446591103
27446.399173489233	300	7.57764655858244	0.0	204276	91.82654961271894	1.2974299	0.23474306205102533
27448.584173975283	750	7.6772428736409655	0.0	335745	1400.4036849414754	0.08941205	0.03104978757548281
27454.84826034261	750	5.4131565063149605	0.0	364966	6264.0863673260055	0.027706902	-0.15131477914570918
27458.13419240479	750	6.12722444413727	0.0	353131	3285.9320621776897	0.059047133	0.07644670297471093
27460.933428648426	750	7.327988200499754	0.0	384158	2799.236243637516	0.028764622	0.1485794253871935
27462.689992870663	750	7.8231318265088925	0.0	369457	1004.8563739908631	0.4399598	0.28789921612363156
27465.38651841278	750	7.810722979570166	0.0	360746	1012.4088469387264	0.47168094	0.2869803234334
27466.178792552706	750	7.716644257199292	0.0	345128	94.078722370875	0.6250847	0.34709117773891
27467.0420543534	300	7.594111065628724	0.0	185269	122.53319157056787	1.4228771	-0.0030221792371542926
27473.39118760451	750	5.244977814515102	0.0	378392	6349.133251113622	0.8839984	-1.286454420391006
27473.97018933744	750	7.920407878167787	0.0	355889	324.5699363473152	0.83881193	0.33780558338816924
27476.4000292794	300	7.7927038054807305	0.0	132637	127.70407268705634	1.7583116	-0.09067754085394121
27479.036127590065	750	7.555722584783669	0.0	385092	2236.981220697062	1.5491722	-0.08660796860778971
27480.178969366403	750	7.609860241599159	0.0	333449	945.8623431845108	0.33631933	0.28508717882737195
27482.922783801172	750	7.546442740791926	0.0	374286	563.4175008072327	0.46348417	0.3093401978997359
27488.31727143305	750	6.151955108911249	0.0	316203	5394.487631880677	1.0855802	-0.06773241660380935
27490.572597412654	750	7.7432344020345685	0.0	357012	1908.7207068766809	0.06916997	0.22318022199285312
27493.01045803389	480	7.657606727777637	0.0	250085	2085.627674256932	0.9533946	0.0017327445713799794
27493.561705308082	300	7.768099564171709	0.0	157160	389.5071636059278	1.3134003	0.19041714459412185
27496.044080410487	750	7.817782068263441	0.0	304288	1450.3174959082692	1.1973561	0.06963011474959259
27496.48005736827	750	7.575822392618877	0.0	358767	241.9596756445633	1.2142842	0.332388452364971
27499.391818850527	200	7.9269502925611945	0.0	122384	148.8721000576823	1.6821159	0.07665792381702655
27500.50853849428	300	7.710035161784978	0.0	186552	216.91513077621718	1.3863652	0.21291706852488612
27501.659558053	300	7.5444276389102995	0.0	168703	165.6075228746769	1.4426776	0.27359590243842785
27502.800312219497	1850	7.926756573586172	0.0	781545	617.6710653241287	1.5221801	-0.4965740680862208
27503.847450316578	200	7.6247290756311505	0.0	123840	302.02749795502166	1.6762426	-0.5720396925307768
27504.51016972011	300	7.875924673430051	0.0	160284	248.80440220110057	1.1617817	0.22856119601924785
27507.387901239475	750	7.854016414410409	0.0	379091	521.9082590196422	1.1580149	0.09714433026623936
27508.10379897011	200	7.633979179267528	0.0	118468	220.03723514288248	1.1032666	-0.19945006368337542
27513.7852339304	480	5.9525442189767235	0.0	253934	5681.434960290804	0.7900145	-0.36495785967044553
27516.135008484573	750	7.602769664805666	0.0	326380	349.77455417105784	0.27053225	0.10091833586233126
27517.23966368246	300	7.873977070835463	0.0	180013	228.79259397020232	1.200676	-0.0013152988134820312
27518.12024739586	750	7.581616516095182	0.0	336764	792.3605547402796	0.99276495	0.06977675293023072
27519.187684131608	750	7.802009727548032	0.0	331230	279.6067885471515	0.9035792	0.33708415562406974
27520.433788924853	300	7.532872304526428	0.0	169304	269.13742302160284	1.368164	0.04115047694647516
27523.416147101885	480	7.740176901122734	0.0	288231	292.6954034036942	1.3695152	0.2213867626608968
27525.40651967797	750	7.79982199989531	0.0	378250	440.3549012274228	1.2977633	0.21348007415159023
27526.114424719777	750	7.930878316421773	0.0	343052	368.94368347353685	1.2286011	0.3350918194947239
27530.221245927707	480	7.824057108492194	0.0	281553	3606.8212079295786	1.3371325	-0.0637630182677458
27538.282543497535	750	4.0	0.2372404613384897	368098	8061.297569830684	0.7374153	-0.4891008555600015
27540.59218903364	750	5.690354463898924	0.0	365289	2309.6455361010753	0.23285772	0.12950311051242036
27544.693483956515	750	5.589059541021721	0.0	368030	4101.294922877203	0.9573841	0.003054605202490679
27547.704212204353	750	6.5783312931868085	0.0	325674	3010.7282478349125	0.4822253	0.10989607415732269
27550.401448309276	750	7.8810951882641564	0.0	329837	1697.236104922652	0.8051187	0.2421607119398008
27553.516507349595	750	7.901558142013127	0.0	330134	2479.537046251028	1.2536876	0.1890319302896106
27554.050481046976	750	7.808332290359509	0.0	384620	93.2258516536183	1.4402009	0.35010254951577185
27558.188612695933	750	7.6702006414026425	0.0	357915	4138.131648956866	1.8568044	0.06754317076220728
27566.027233178127	750	4.0	0.16841984079318809	384047	7838.620482195831	1.156376	-0.30508267815032036
27570.33517851165	750	4.0	0.30794533352307735	326055	4307.945333523077	0.96854454	-0.062328076634779184
27573.031975262136	4300	5.303203249515613	0.0	1299835	2696.7967504843864	1.8300542	-1.6305332398332237
27574.617452035833	300	7.71772647581844	0.0	148642	85.4767736971755	1.7579918	-2.214688859720445
27575.257909860607	750	7.626356980722447	0.0	308573	91.36949509599262	0.5924368	0.11941482219856855
27579.168543949716	750	7.7157228916122005	0.0	321417	3410.634089110246	0.9461045	0.11902889392457913
27580.6744410014	750	7.603135575163887	0.0	377268	1112.5873164483137	0.7436465	0.2734072982017852
27584.382081031017	750	7.895495545548054	0.0	382691	1207.6400296158333	0.80338	0.2762870612515672
27586.259929193366	300	7.900046346799915	0.0	171630	995.4491987481397	1.8272166	0.003036802047197945
27588.125972747275	750	7.601724051645549	0.0	315865	1798.322295154364	1.3548983	-0.05496616101477933
27592.122208065786	750	7.605488733132279	0.0	320138	1496.2353185132702	0.2471243	0.24710503176320434
27593.2245409323	300	7.726300588506947	0.0	147263	379.18814462533237	0.7169921	-0.016411664384407908
27594.07945139475	750	7.618917718225688	0.0	389445	107.38287028125899	0.6869865	0.0618495379007863
27596.55487342398	300	7.964970499695215	0.0	185003	153.94721853047275	0.99345356	0.10047207191021658
27597.055404593117	750	7.835442320474543	0.0	299014	129.52817922067166	1.2338092	0.12352459732812716
27598.272687144705	200	7.622302539640315	0.0	112406	713.1397808342284	1.505651	-0.11921326597652082
27598.88321185378	480	7.529111570477247	0.0	249192	93.19096916306847	1.3800526	0.07003860987927107
27599.01139124618	750	7.933688744237213	0.0	353862	95.42282624003452	1.6168905	0.1290634632442052
27599.172270560768	750	7.829627370020433	0.0	367933	104.06137421677983	0.6675112	0.35004333304158575
27600.36959165068	750	7.969375795249787	0.0	360654	360.2515747706444	0.21967714	0.3369292301084246
27602.56271423315	750	7.751349261586627	0.0	386049	218.0265336631606	0.075189844	0.33968668347889996
27606.85649998916	750	7.457563505575595	0.0	373468	4293.785756011032	0.3791331	0.049993248307325766
27607.55544493198	750	7.801531936573458	0.0	334470	156.0315690021382	0.12717794	0.34556528911839773
27609.386091405366	750	7.86766538679093	0.0	327979	433.8665497825281	0.12679125	0.3285922756507845
27610.340933081334	750	7.548634510610162	0.0	137752	319.0308761807672	0.029779866	0.32621379412845314
27611.69456511404	750	7.899723894148058	0.0	43477	148.91061646210386	0.05354671	0.34921708136972346
27612.165777416812	750	7.726478450883829	0.0	51190	173.24544326422807	0.070917405	0.34196470336561735
27613.639661452704	750	7.5985198626944985	0.0	49103	127.95858818933206	0.60386527	0.34095764694696734
27614.02346629652	750	7.780080164634856	0.0	34800	318.4396980596422	0.75948554	0.33370794343102567
27617.830477208074	750	7.600257281735754	0.0	329603	3679.822882899102	0.5379629	0.09680211954300749
27621.20072124441	750	7.87372927789387	0.0	341739	2726.528003841884	0.96413606	0.17115365099130422
27622.6034336539	750	7.587231089394269	0.0	352604	786.4981884996014	0.81118095	0.2953156463145243
27625.44144199732	750	7.930334028181689	0.0	347528	656.8970612125802	1.3122742	0.31527580943187133
27627.953477705563	300	7.920871815166192	0.0	167126	1509.4622130154964	1.3141303	-0.08785863442164178
27629.389115604194	750	7.884839613466105	0.0	344306	536.0322017000863	1.3190091	0.040941164215684826
27631.75986920032	300	7.609265663865906	0.0	191427	275.5739496001997	1.593576	-0.10675192412847041
27631.984498368918	300	7.504540902829447	0.0	191866	104.72476103645906	1.5304475	0.276497431990671
27633.65686436524	300	7.938310108452199	0.0	188555	1066.2307943772475	1.571582	0.22435741222174493
27635.794367766146	750	7.882626008968687	0.0	331229	1555.6840994835113	1.2655895	-0.029237164728904114
27636.59889763708	750	7.731270724213278	0.0	356198	151.3552847554097	1.4830865	0.34362411092923967
27638.289027253184	300	7.922793209250762	0.0	164391	308.4775149625177	1.6181453	0.05100267260761693
27639.277153855437	750	7.579555958696437	0.0	380646	343.23725055432374	1.072912	0.04436555685423372
27641.75524866522	300	7.8729532296516025	0.0	192812	206.60272904483435	1.0148705	0.00017741250441363418
27643.3053716909	750	7.9311377571806005	0.0	312699	1441.815472471001	1.1727185	-0.01984575160949552
27645.057270550737	750	7.561342103868215	0.0	345853	369.7956533123854	1.1378254	0.3231326550751405
27646.829386608977	750	7.576335678007529	0.0	334834	485.0064258606874	0.73350054	0.31569409425945777
27655.881925646514	750	4.0	1.4762033595286284	321762	9052.539037536157	0.9990197	-0.3885466907725918
27656.759026428317	750	7.122899218197595	0.0	391420	877.1007818024046	0.061266977	0.27413279046767547
27657.000585913127	750	7.9904942016520435	0.0	338804	132.40501654555175	0.66616833	0.35327511544102486
27659.210005075987	750	7.900361854353363	0.0	358319	90.1323472986818	1.3945566	0.3532789766804193
27666.066094098394	300	5.044272831948068	0.0	166106	6856.089022405295	1.0501981	-0.5481088746968734
27667.282986588674	200	7.827380341665621	0.0	105934	1216.8924902824479	0.07896201	0.14642921492802347
27668.732495625754	200	7.828759987253143	0.0	118412	498.62035441247957	1.5021619	0.2458490646492583
27669.117346216106	750	7.571779033408915	0.0	388763	256.9809538442278	1.535419	0.05628042768333016
27672.177551450408	750	7.815611234511411	0.0	385094	256.16779889750455	0.91413146	0.3391337479713305
27676.449972805684	750	7.521419274577167	0.0	329654	3294.1919599342436	0.08497493	0.12077759656972792
27677.888905222026	750	7.637067764077511	0.0	354507	884.3515104996567	0.32896978	0.29019260311505407
27680.71839883949	300	7.704111408267308	0.0	187409	432.9563558102009	0.45354688	-0.020823126814471023
27684.02559231631	750	7.75878330068419	0.0	388193	2445.3281075831187	0.83339226	-0.09439364717015714
27686.39971337892	750	7.937655453995341	0.0	343226	1821.1278466888484	1.2648815	0.23546390212699314
27689.436689013328	750	7.890664244753388	0.0	325857	1546.9912092419527	0.9863606	0.2527990917432754
27692.79346309098	200	7.901269418512075	0.0	107717	2989.3948262413146	1.2324808	-0.19801618187421513
27694.098202970756	750	7.631589104328501	0.0	342809	769.6803141835724	0.9448126	0.06877200570917621
27694.443377624317	750	7.936531560341422	0.0	376213	195.05754398707865	1.2313117	0.3472295680396215
27698.68058712606	1850	7.593985364259539	0.0	912939	3842.5461960818825	1.657807	-0.3104018778821495
27701.1949458438	200	7.742137658218815	0.0	117182	351.8477060407243	1.1543489	-0.7778413032230267
27702.13087486926	300	7.545928651339145	0.0	182498	696.2090068796691	1.4736413	0.1746779016673895
27703.119454104242	300	7.881499043139647	0.0	170723	164.42960819949803	1.6074245	0.28453197707054834
27705.167553954892	300	7.729523931203337	0.0	172505	151.97511193630908	1.5517435	0.2804940727490985
27706.6082137229	200	7.667256416555633	0.0	120380	562.2675146477039	1.1246846	0.17378749110715355
27707.319822259815	300	7.960648274780468	0.0	181658	206.60814177516482	1.2038361	0.23419088469622257
27708.915750058342	300	7.875184573086906	0.0	180399	85.46370169356005	1.3433269	0.28975799386105616
27716.895243292984	300	4.0	0.104308661555232	180207	7979.493234642138	1.242365	-0.37779967271531356
27717.02008071487	750	7.875162578115082	0.0	357579	124.83742188491868	0.13773727	-0.02479376255293448
27718.222242009975	480	7.761979307242465	0.0	264637	113.18327087261619	1.47699	0.1407110796957749
27718.70825137594	750	7.523463636376835	0.0	332446	238.5156708656302	1.1029444	0.19596607509066655
27720.836069209367	750	7.79330156721114	0.0	355672	230.16206916569473	0.699185	0.3402033311690189
27726.035515688993	750	6.5938550875858	0.0	357411	5199.44647962534	0.75505453	-0.04009119719368509
27727.310193330322	750	7.929567388866861	0.0	351255	1164.2876987189381	1.0156745	0.28036504153106656
27731.532918167002	750	7.7068425521870045	0.0	345013	2222.7248366798563	0.5979986	0.2004186311243228
27731.861094168853	750	7.8793119409054375	0.0	327746	327.53061128156713	0.15405823	0.3362785613716668
27734.328593312035	750	7.855885064597744	0.0	336622	1523.4268763076932	0.44603884	0.2532992449880251
27737.46278126214	750	7.880827222985019	0.0	375327	1475.0578416127248	0.07851055	0.2574281396259275
27738.495734371412	750	7.770415722593246	0.0	344603	610.4115003917716	0.758404	0.3133219366574921
27738.949452595072	300	7.919827415203275	0.0	168313	350.5883073899708	1.1843508	0.08549805193482736
27740.33550281859	300	7.738367261580301	0.0	189714	181.46015362297527	1.2947817	0.2787515950141869
27745.711305518915	750	6.362564561257989	0.0	324836	5375.8027003223115	1.4388039	-0.43454026882458807
27747.888742927946	750	7.81054224184915	0.0	326912	2052.0223194088376	0.8607774	0.21549498595534947
27750.323263235234	300	7.865989633015051	0.0	187481	1444.5526088340991	1.4820497	-0.3662023364096322
27750.874512466897	480	7.5453488664117865	0.0	228523	320.6407666032657	1.3224092	0.19819658936404486
27754.512652747453	750	7.907208585854364	0.0	338042	3638.1402805574226	1.4004475	-0.05915468544140909
27760.051075127012	750	6.368786206291811	0.0	352610	5538.422379562553	1.0188116	-0.0706459202847976
27760.761577836416	750	7.733120414182289	0.0	343181	135.66579210952105	1.2693133	0.34476242309568744
27761.493904880885	750	7.614375350594258	0.0	350622	118.74506358803079	1.6710927	0.34210174269007537
27763.795091458647	300	7.660573052153462	0.0	170636	953.8022984407962	1.3472102	-0.05803645103794558
27769.661062811487	750	5.794601699315227	0.0	371604	5865.971352838235	1.0936671	-0.48653297645813587
27771.53278513863	480	7.922879372171254	0.0	292046	871.7223271439724	1.3533381	0.03752151771754028
27772.742599381992	480	7.672011230135375	0.0	247466	750.8681420358788	1.7174454	0.2626769896085637
27776.852128901122	750	7.562481711000349	0.0	349751	1109.5295191350244	1.0245357	0.10360049494096979
27780.608755868474	750	7.805854743653976	0.0	348002	3256.6269673463744	0.21708572	0.13252040230548093
27781.256190651733	750	7.9416886459314515	0.0	348583	364.1660977225251	0.47940725	0.3357684435947176
27783.07205871266	750	7.635388958235157	0.0	319736	306.2996876962957	0.8861435	0.32988298808941785
27783.657959827862	750	7.807222587251517	0.0	314737	328.1663709836389	0.7970481	0.333913275367991
27784.20136146951	750	7.874389138536328	0.0	379060	432.83344871518915	1.4375625	0.32887983987285024
27786.148046725637	300	7.66633060693821	0.0	184292	708.058531598117	1.4933176	0.015269985692061214
27786.477145669007	300	7.581094497519694	0.0	176160	85.2361094185172	1.4528899	0.2803027316958472
27788.316584769647	480	7.993306364174507	0.0	267722	87.78813334518766	1.5332797	0.2061427682260242
27789.787663167306	300	7.843592648992242	0.0	174749	649.7137151822647	1.2576919	0.15996310614151632
27790.118136612837	300	7.549038267465046	0.0	174273	294.5543815271964	0.6343715	0.26487853165947334
27790.768216545017	480	7.951957833376917	0.0	282370	97.0804340881295	1.0819091	0.2716486568687036
27792.441789424403	750	7.8516711427298285	0.0	346953	100.28669064708765	1.4271526	0.2835195141570697
27793.18104709423	750	7.95318540218698	0.0	66838	398.4857405428473	0.805751	0.33377900993837295
27793.905185288786	300	7.935502269550951	0.0	176011	517.6831326360286	0.07610758	0.03702784475997352
27798.198130204877	480	7.642557353460472	0.0	288211	3792.944916090479	0.92224956	-0.09738216379567666
27801.975029038364	750	7.8656585199778295	0.0	349728	3776.898833482642	0.57066244	-0.12625043392143856
27803.946879590345	750	7.650382649732288	0.0	387182	1215.27587024554	0.19110808	0.26786840870964124
27806.74508702981	750	7.5895662708689615	0.0	383283	1060.816378863326	0.13714594	0.2765298660401253
27807.090210556216	750	7.995700037965269	0.0	339919	93.86623290369212	0.3093385	0.3560925319509509
27807.494123390592	300	7.879372267529119	0.0	158239	116.32777043615008	0.61856246	0.006591064230337045
27811.01578021164	750	7.722336388974681	0.0	366938	2157.0358785544377	0.5264456	-0.16944094451372424
27813.900197568957	200	7.922438181565521	0.0	123615	2799.898207409161	1.4942901	-1.2829868204915542
27816.2439275374	480	7.752832772296213	0.0	249140	169.60540926930807	1.5957363	0.07198941263526269
27817.310011176953	300	7.736853232109561	0.0	189941	1015.9795401866518	1.7232101	0.10885285801016059
27819.22039480956	750	7.732713465486714	0.0	355892	1004.1397666228477	0.4140061	0.06008163482889231
27821.753678994108	750	7.629193306205823	0.0	365110	603.5201592808901	0.41611305	0.3092478138653195
27827.371233030157	750	6.011639270157308	0.0	314507	5617.554036048516	0.8997297	-0.08758828609946318
27829.656823213387	750	7.574003209201999	0.0	362657	1937.636060955308	0.13447618	0.21574218128325218
27831.766169698796	300	7.653307027634404	0.0	193675	1920.696181567595	1.1263269	-0.12475006609622688
27833.54258229893	750	7.81942587948808	0.0	382802	833.8811481463247	1.3532195	0.07458040884668399
27835.929220649683	750	7.807372430108135	0.0	318911	1512.053449379946	1.3572354	0.2525189282865073
27837.119348541688	480	7.609600934788941	0.0	260883	197.77149531919218	1.1133564	0.1862145030565889
27839.88997493926	300	7.930465934348795	0.0	175319	179.13500044014705	1.6275542	0.22082129864733277
27841.049282635016	750	7.6065577850318045	0.0	332334	323.9081493169913	1.4289032	0.046564115714107374
27841.64423556628	300	7.936781092622867	0.0	176919	169.77669240893738	1.4741911	-0.0889303984969406
27843.060097234542	300	7.651438377917173	0.0	195010	785.3427147056926	1.5113904	0.23443166327086185
27843.686171917965	200	7.8636605129865895	0.0	115892	287.7778649305828	1.4336777	0.21147965958403828
27844.363316054852	200	7.6542368537885705	0.0	122891	209.42365919802006	1.3488742	0.2601126687785582
27846.699989146633	200	7.929760546741884	0.0	123939	224.4763070466865	1.1527646	0.26795070760645223
27847.303800931808	300	7.643953046520246	0.0	174108	285.8075002216378	1.011342	0.18523101259518934
27853.268102386628	750	5.6796515917012815	0.0	387170	5964.301454818965	0.7435477	-0.4969956134801072
27855.171364015376	750	7.776389962953322	0.0	391090	403.26162874795943	0.31671184	0.3277570990754064
27856.37486496933	300	7.5774231702353685	0.0	143929	198.9667927179551	1.3069166	-0.008814856008977806
27860.01719021717	750	7.718527626930987	0.0	368218	858.89554330438	1.153631	0.013386487674652371
27860.95287884608	750	7.8523981647429775	0.0	356531	366.12946218801005	1.2171935	0.3327579299048766
27861.99957169339	750	7.823831324453078	0.0	401529	528.5668402898996	1.3646588	0.3206694386984671
27864.83002804308	200	7.627666153117316	0.0	107060	196.16517133576113	1.4654728	0.031040103022411482
27866.764694170382	750	7.687478678642237	0.0	347268	440.187474475078	1.265161	0.09322644307810535
27867.494620123198	750	7.77975502864908	0.0	389094	407.7236499931566	1.2610118	0.327558677934283
27870.375394490067	300	7.954968996624899	0.0	157426	1824.786032024181	1.3532548	-0.05221622874380602
27878.750669418096	750	4.0	0.4203059314048751	379192	8375.274928029774	0.9256065	-0.6231605204539626
27881.104999273495	750	5.64567014460206	0.0	375279	2354.3298553979407	0.19427642	0.12499178283520027
27883.68106217623	480	7.069607241864944	0.0	245075	2576.0629027371165	1.1150959	-0.017188735808735006
27887.061347311166	480	7.6893221069307085	0.0	264392	3380.2851349342354	0.9646952	0.0824466479309241
27888.560568865032	300	7.506181907966722	0.0	173377	1183.140198963986	0.95915926	0.08993101764580033
27891.729192180035	750	7.694910927915804	0.0	320669	2311.270980050919	1.2727718	-0.031008691387089587
27892.471663217366	300	7.608351576725978	0.0	190752	86.55935118982632	1.4598591	0.056134532173191184
27896.28630328255	300	7.793711511540956	0.0	199169	2814.6400651850217	1.6186762	0.09948736173705544
27898.176122672816	300	7.734077692071067	0.0	173508	1559.633819469889	1.3692317	0.18385593944121675
27904.437895061204	200	5.472305303679936	0.0	125099	6261.772388391131	1.55053	-0.3512264697493638
27905.979942181446	300	7.930258183441092	0.0	173664	1542.0471202388435	1.5560292	0.10807738224337121
27907.49360348235	200	7.855430072701816	0.0	81325	574.828110739276	1.5866067	0.17898384250634358
27909.53712043652	750	7.763088190698744	0.0	334964	92.34188200307244	1.1726543	0.07376127044430794
27913.344938006958	480	7.955270620263515	0.0	248078	3807.8175704352284	1.6096334	-0.10709189844845055
27915.25293706527	750	7.793767412407597	0.0	395140	1161.5032078559186	0.7331377	0.10747535055578039
27918.41976668406	300	7.790100528241308	0.0	172583	503.6668841662881	1.400606	-0.02291568644269744
27924.83791156174	2850	5.371955650559805	0.0	1183082	6418.144877681503	1.780039	-1.143833644005416
27926.008290861108	200	7.7139198070282875	0.0	100533	658.0358435315168	1.4732678	-1.0935450634924921
27929.71487085034	300	7.562801540331635	0.0	164305	1151.118266696653	0.7660625	0.12312241543647677
27930.68413952504	300	7.54089806424862	0.0	173006	521.9034760830139	1.0967848	0.2489848014100372
27931.721110216648	750	7.954595317752602	0.0	89639	86.30274649601812	1.1262571	0.13033381583890769
27933.993702718326	300	7.753633039468517	0.0	179218	200.96227828408408	0.6558703	0.09043357533892359
27934.21053779492	300	7.641030612867001	0.0	196829	112.60242660151559	1.5455441	0.2803513265808781
27935.222160892037	1200	7.647335389303921	0.0	486221	993.6952235630821	1.5337644	-0.2163230006273
27935.340673266826	300	7.557043138684665	0.0	194432	90.29225061925635	1.3922206	-0.47056954365336295
27938.934783377652	750	7.962933027863419	0.0	323743	94.11011082124527	1.5772665	-0.01985451028267469
27940.574251132268	300	7.874364268051844	0.0	196602	88.5687598115742	1.4246094	-0.08535695592611212
27941.228671074332	750	7.782603794423876	0.0	346325	91.76047362796774	0.90195024	0.0681950343373846
27943.14903185247	750	7.563753139573784	0.0	388354	218.85065485009173	0.8127506	0.33358865332559196
27947.6718586313	300	7.040926360740859	0.0	182450	4522.826778832925	0.44430673	-0.2671582707106794
27947.82976121101	750	7.8831435219459385	0.0	342174	157.78283879492224	0.19141415	0.12311809890187506
27949.155624773364	750	7.930271611227438	0.0	345594	452.87191071850026	0.3876056	0.3293017237606852
27949.892624797463	750	7.708267424994288	0.0	369983	722.0041862331493	0.07409319	0.30364785482970236
27951.68027499851	750	7.531940243403949	0.0	376234	676.3271815903395	0.01898271	0.30110995575940935
27954.176553332927	750	7.799462585924755	0.0	358198	732.4776574791945	0.027477656	0.3058646017256177
27955.199503862812	750	7.879887659452208	0.0	368406	419.57492647254844	0.37783808	0.32996851595144444
27958.253196878097	750	7.8602289535144845	0.0	357988	2519.658705937724	0.1386188	0.18494236120808116
27962.367228222745	750	7.746197608867207	0.0	383824	3114.0313446472774	0.40519574	0.14040348158654128
27966.14405520999	750	7.512816942241467	0.0	367749	3233.38066662574	1.1408292	0.12468169876218257
27966.99868521069	750	7.700225102198405	0.0	365627	812.5918400430617	0.7491141	0.2971604270233372
27969.70725841994	750	7.570957577901847	0.0	343439	629.2675242965578	1.2897967	0.30560210161288026
27971.952318046144	300	7.894080607279506	0.0	186818	1676.8769706223409	1.1876125	-0.10023216696059122
27973.37854909121	750	7.8955564125391104	0.0	387353	998.5241947403955	1.249682	0.009487255132775096
27974.980592077976	300	7.768388344316914	0.0	47291	127.1680682221959	1.5125296	-0.09142374530220274
27975.583836116668	300	7.664203784245008	0.0	187674	104.18456007190653	1.4704467	0.28167637568668663
27976.284246179835	750	7.523528491969752	0.0	335625	140.67529227525569	1.6278944	0.05648856327492334
27977.481793764582	300	7.664622085041217	0.0	171856	858.9064069285334	1.4641623	-0.05138140701446229
27978.046920832654	750	7.511379139916433	0.0	365621	153.24294512478355	1.2125713	-0.03846213219185699
27979.459099949556	750	7.971231642934995	0.0	331079	540.1474969814369	1.5840769	0.32462009743777265
27979.864582121216	750	7.664506367069796	0.0	327849	306.7252758651988	1.2885401	0.330791426777543
27981.9957514516	750	7.858300149772167	0.0	344505	306.20621729763	1.1494007	0.33706807226300084
27984.369373940535	750	7.787970461848571	0.0	334339	1570.329687923597	0.58335733	0.24788727225825197
27985.622484710693	750	7.758561477273543	0.0	342029	529.4089845750285	0.6238356	0.3185095787129169
27986.747462899002	750	7.767923275909749	0.0	339490	490.6382013637944	0.32055667	0.32147678563896115
27992.236535270735	300	6.278850904178363	0.0	168427	5489.072371731386	0.4821276	-0.35813528139445777
27997.294872246675	750	5.2205139282389785	0.0	334909	5058.3369759393845	0.3336741	-0.299571337046197
27998.92715677023	750	7.588229404686099	0.0	338025	132.2845235528805	0.17346677	0.34032881845853374
27999.117229633946	200	7.99020990191304	0.0	116498	98.0195027730596	1.4403763	0.08219155751162248
28009.380057178034	750	4.0	2.2726176421764723	340666	10262.827544089512	0.870484	-0.746706127271318
28010.453599186814	750	6.926457991219394	0.0	331303	1073.542008780606	0.0747026	0.254300089462963
28012.05885330468	300	7.968042389193364	0.0	177905	458.41560202603	1.6296561	-0.014073935618613004
28012.387181483697	200	7.837297557604174	0.0	111468	130.7448315891903	1.5364947	0.22142760499650652
28012.969232911364	750	7.605063517484317	0.0	332776	232.23404011985636	0.97371525	0.10487035273297425
28016.933351529093	750	7.64094489975604	0.0	354314	2964.118617728278	0.86346245	0.147321289554852
28018.50619563467	750	7.7974908496076765	0.0	336482	843.4540501483623	1.2124588	0.2981708265339386
28021.468589231765	300	7.885489078775845	0.0	174509	412.0017708318318	0.84510505	-0.013541269062120786
28023.993718489714	750	7.653620362930814	0.0	336479	2231.868715845031	1.3880143	-0.1767990792688539
28026.25700529632	750	7.607607230680804	0.0	379460	2046.013132250011	1.3224051	0.2093728104421802
28029.80544574742	750	7.63752384230839	0.0	333091	1470.0833883724144	1.0559424	0.24993479249979164
28033.471555321776	300	7.97141426795276	0.0	176830	3166.1095743556302	1.2772285	-0.14391047524404363
28034.448339850936	300	7.998255321914676	0.0	167031	473.1589460380846	1.130568	0.2670650589227727
28035.140023427233	300	7.864226325326601	0.0	176663	134.0289965880745	1.2377295	0.28606594464363044
28036.40905143862	300	7.959539609488873	0.0	164614	904.6867158377282	1.5425369	0.23614819133624643
28039.15784631132	300	7.975312820911566	0.0	174245	484.2267885773071	1.3165333	0.26556523697614587
28040.236516999586	200	7.508761518839223	0.0	114482	466.5513020723421	1.4842873	0.1752643536569095
28040.55065757689	200	7.867750923287623	0.0	123368	141.01059555159924	1.5827746	0.27169249925545985
28042.902733939343	200	7.738277732935421	0.0	112699	129.4731903522033	1.5508778	0.26831619400965706
28044.529942249406	300	7.995975163953499	0.0	165319	742.3025689819219	1.26493	0.18600204864961736
28044.745212771286	750	7.790792773554218	0.0	332416	205.18239039928176	1.250495	0.11688502795539907
28046.85549076079	750	7.700697844541664	0.0	332325	90.09492901255487	1.4398156	0.3468515467728824
28054.326786398073	300	4.229402207262414	0.0	180144	7471.2956372792505	1.3695364	-0.7103454572400046
28054.947476491034	750	7.608712114300177	0.0	324504	120.69009296223675	0.09793511	-0.03308941063752717
28056.624495495173	300	7.5067870075997165	0.0	174853	101.92510670045972	1.4749849	-0.004417446630017183
28056.94927686933	300	7.841943269240739	0.0	177938	164.84373835897713	1.2165966	0.2832296445239734
28059.48754505023	750	7.61277799668906	0.0	353311	229.16527255167898	0.7936834	0.10950325604250442
28064.31628406655	750	6.78403898036858	0.0	361345	4828.739016320479	0.27196854	-0.008478183380855098
28066.19375417458	750	7.588724888687764	0.0	361306	1195.314091680815	0.41386932	0.26725526433872476
28069.842868974516	750	7.939610088752077	0.0	339584	1649.114799935688	0.22245027	0.24735375413967195
28070.66962244362	750	7.611868762341881	0.0	328025	327.74132641019594	0.11103314	0.3276513027267911
28072.70946924009	750	7.54695143545415	0.0	346298	1564.91732688773	0.69075	0.24049759946548352
28075.92171311325	750	7.802794233666118	0.0	341792	1244.1572017880328	0.11988375	0.27079092806049276
28077.218478171726	750	7.714955040112201	0.0	329938	587.8391935539166	1.006258	0.31308785282720186
28077.78922120902	200	7.94904645392708	0.0	115640	265.9085861851207	1.2571791	0.03659460265419236
28079.545951078846	750	7.683098744567309	0.0	347692	265.94770935977056	1.2691951	0.05924886343290486
28084.828247610836	750	6.400802212576029	0.0	348188	5282.29653199128	1.4817708	-0.0520047205763568
28087.442967533876	750	7.726481597284219	0.0	347186	2174.320615291811	0.8017497	0.2043791629859105
28089.91823833323	300	7.919045851480643	0.0	168642	1307.4357458035756	1.4680338	-0.35506612021994843
28090.701263556777	480	7.571450766481663	0.0	254120	347.5950849989799	1.3310132	0.19718391063658053
28095.301917052308	1200	6.970797270952786	0.0	456144	4600.653495528877	1.413415	-0.2836784290646215
28099.66796089567	300	6.604753427591048	0.0	185370	4366.043843361737	0.6265496	-0.607829489589425
28100.316706156496	300	7.9974445358996125	0.0	168360	107.30889169143677	1.2893634	0.2921932829064895
28101.010761866284	750	7.881134865573889	0.0	328583	116.30967032572377	1.5386292	-0.024015097442833894
28103.33343738954	200	7.648670123675745	0.0	119146	732.464741898144	1.402718	-0.11969282557272411
28108.84348940743	750	6.13861810578435	0.0	325547	5510.052017891395	1.1073713	-0.5342882580354402
28111.3501167775	750	7.631990735716779	0.0	341809	1006.6273700675716	1.3767321	0.2816219201937541
28114.82089786147	4300	7.761545278386746	0.0	1205092	2870.445457330034	1.7860603	-1.5633038775953783
28118.697428393963	750	7.88501474589144	0.0	346664	1376.530532495305	1.4923816	-1.9538581263037718
28122.962388765318	750	7.591967639785653	0.0	327175	3293.047106105787	0.39486164	0.12312825960886153
28123.678657459306	200	7.915789925412595	0.0	117980	176.17771437305754	0.6449871	-0.004123403668697276
28125.77428665411	750	7.5980208178226425	0.0	335941	317.7691075899532	1.1185561	0.05294597940585896
28126.657923204944	750	7.755132586007148	0.0	333408	342.88823181549384	0.84714127	0.3312235488208549
28127.59911831354	300	7.514909191220857	0.0	172133	240.2233947862915	1.5112683	0.08004625341829696
28130.791899743686	750	7.729004333051755	0.0	338010	1785.9048581691025	1.5093967	0.006211255359365009
28131.288636109442	300	7.644074436162924	0.0	165858	84.92989688883077	1.5357331	0.05739698975846291
28133.802209567682	750	7.553190941478009	0.0	374127	90.88349468491579	1.6263275	0.06086729399311776
28134.979001739488	750	7.636139837351495	0.0	334724	917.0511041265149	1.4562509	0.287914431418696
28137.04610178368	750	7.942460349096593	0.0	228694	193.67948825490325	0.41912064	0.3475152488367064
28137.25465519085	750	7.734893923479968	0.0	310825	207.56642561662602	1.1926738	0.3398759475968141
28139.376367798803	750	7.634531110277312	0.0	351720	100.36281320265478	1.4083309	0.34401472849223447
28141.677212919418	750	7.679283447345541	0.0	357914	1455.2476629317728	0.94296026	0.25229966664356684
28147.76206915813	750	5.594427208635169	0.0	327077	6084.856238710371	0.031653948	-0.1331539953006327
28150.93027423401	750	6.42622213275277	0.0	343887	3168.2050758824	0.10947706	0.09417007880557615
28153.8356464417	750	7.5208499250614365	0.0	354900	2905.3722076913327	0.17348424	0.14749289710425625
28154.864456631884	750	7.564960319954735	0.0	349896	955.8896051067026	0.18385607	0.2829517836060754
28157.553062806976	750	7.717117524949034	0.0	340927	847.842795005701	0.17849547	0.29528072286258555
28158.58178446117	4300	7.583138387894296	0.0	1323253	133.97913705473752	0.37141818	-0.9373508418139097
28159.38355099964	1200	7.839626377228713	0.0	478985	243.51201066558295	1.9279666	-1.5332072845913371
28163.010052795038	750	7.765502743431655	0.0	340206	2074.1236337970577	0.09401615	-0.1623501077099841
28166.016275050657	750	7.998580696421155	0.0	348802	2766.922047010499	1.3050787	0.1723970532462848
28168.854439186834	4300	7.909148732638801	0.0	1416431	589.4319637823525	1.8532736	-2.1408694973567073
28169.646468848507	200	7.817499987998028	0.0	107409	591.6487446407741	1.7025063	-2.3227693356226737
28170.806187675535	750	7.763831033001841	0.0	374966	1053.6689549961861	0.008218445	0.007688324660968346
28173.385223017376	750	7.737338298097095	0.0	345697	526.4927349047465	0.010383006	0.3180266142707824
28179.095926323473	750	6.026634991999721	0.0	354856	5710.703306097374	0.05963838	-0.0935099202024714
28181.261467328648	750	7.861093986824056	0.0	383484	2165.5410051756653	0.007470787	0.20931788542433896
28183.76303957515	750	7.966201322680214	0.0	343845	2394.892664143842	0.7102573	0.19693350385457575
28184.6843004189	300	7.518910691987487	0.0	186501	447.2906306927281	1.2744315	0.06593803260095038
28187.488526849822	750	7.563782583051801	0.0	348921	1455.1281089356848	1.2938983	0.06111952841494932
28187.75739889044	750	7.8138957237356115	0.0	376327	249.88685931619014	0.814245	0.33951035286001574
28188.052450983207	300	7.635862268003256	0.0	174203	178.03345573235413	1.7810361	0.05073110902164832
28189.09061816971	300	7.885287993270223	0.0	190282	250.5742747330323	1.5336621	0.27873104633743956
28190.329782734323	750	7.6195021668481875	0.0	366120	265.7858264220358	1.475484	-0.04271810829249986
28191.28074754456	480	7.840709130824561	0.0	257244	278.79303602362563	1.6422215	0.23307443471212033

